[2026-05-20 14:47:25] LOGIN_HTTP 200 {"token":"eyJhbGciOiJIUzI1NiIsInR5cCI6IkpXVCJ9.eyJzdWIiOiJraW5nIiwiZXhwIjoxNzc5ODkzMjQ1fQ.hwz5vNw3ahnr4JrFNU86ek-ENc7Yn97cal9JOdkFt0s","username":"king"}
[2026-05-20 14:47:25] LOGIN_OK
[2026-05-20 14:47:25] RUN mkdir -p /root/ai-write/backups
[2026-05-20 14:47:25] RUN docker exec ai-write-postgres-1 pg_dump -U postgres -d aiwrite --table=chapters --table=chapter_evaluations --table=chapter_versions --table=cascade_tasks > /root/ai-write/backups/ch123_before_continue_outline_regen_20260520_144725.sql
[2026-05-20 14:47:26] BACKUP /root/ai-write/backups/ch123_before_continue_outline_regen_20260520_144725.sql
[2026-05-20 14:47:26] EXPAND_CH3_START 0bab508b-de37-4e1c-8bfa-63448c26efe2
[2026-05-20 14:51:58] EXPAND_CH3_HTTP 200 {"chapter_id":"0bab508b-de37-4e1c-8bfa-63448c26efe2","outline_json":{"chapter_idx":3,"title":"第三章 一盏灯的价钱","summary":"沈照在北偏门渠口先托更夫上石沿，自己没有跟着出门，而是按残灯所见让他避开松砖，退到门柱阴处。门缝内伸出一只手，要更夫按一份已写好的口供；口供写他未见道院车、魂灯为妖、沈照劫他改供。黑蓑人持短刃守在门后，守备带差役从街口赶到，指认沈照劫证。沈照确认门槛新泥、供纸上的灯灰和渠水银屑同源，知道对方要让更夫在门前死去，再以口供封案。他没有把更夫推进门内，而是把人拉到差役和道院门人都能看见的位置，要求守备当众验供。守备命人夺供并拿沈照。沈照用剩余灯灰点残灯，青火照出门内刚布置的重影：白玉扳指按过供纸、黑蓑短刃伏在门缝、更夫若踏松砖会被刺死。更夫当众补说昨夜见过供奉车。灯灭后，守备以私点逆灯、毁损证物为名改下缉捕令，道院门人随声附和。更夫被重新押走，但因多人听见口供，暂不能被当场灭口。沈照趁众人争夺残灯退回旧渠。黑蓑人隔着闸栅掷来师父旧刀，称这是一盏灯的价钱，沈照带刀离开。","key_events":["沈照在道院北偏门渠口改变残灯片段中的动作，让更夫避开松砖和门缝，没有按对方预设路线现身。","门内出现预写口供，内容试图否定道院车驾并反咬沈照劫证改供，黑蓑人和守备同时形成围堵。","沈照确认供纸、门槛新泥和渠水灯灰同源，判断道院北偏门已布成杀证与封口的局。","沈照当众点残灯，消耗剩余灯灰，使门内伏杀、白玉扳指按供和更夫将死的重影短暂显形。","守备借私点逆灯和毁损证物改下缉捕令，更夫被重押但暂免当场灭口，沈照失去明面合法身份。","黑蓑人隔闸送回沈照师父留下的旧刀，使师父旧案从线索变成下一步必须查验的实物。"],"prev_chapter_threads":["沈照和更夫已到道院北偏门旧渠出口，残灯预示若按原路出门，更夫会死在沈照手下。","更夫供出的道院供奉车、白玉扳指、贵客和师父叛名仍只是弱线索，缺少可公开验证的物证。","守备已掌握封城、差役和追捕名义，沈照割断押绳后承担劫证护犯的现实代价。","黑蓑人逼近旧渠，真实目的未明，既能执行追捕，也可能掌握道院北偏门的伏击位置。","残灯首次使用已消耗灯灰并伤及沈照，继续使用会削弱证据链并暴露师门旧灯关联。"],"state_changes":{"characters":[{"name":"沈照","change":"由旧渠中的劫证逃亡者变成当众私点残灯、被守备正式缉捕的人；他阻止更夫在北偏门被杀，获得师父旧刀，但失去继续走官面程序的余地。"},{"name":"更夫","change":"由沈照私下保护的藏匿证人变成当众说出道院车驾线索的重押证人；因多名差役和道院门人听见口供，暂时不能被无声灭口，但重新落入守备控制。"},{"name":"城中守备","change":"由追捕沈照和更夫的一方转为以私点逆灯、毁损证物、劫证三项名义公开缉捕沈照；他失去当场用干净口供封案的机会，但仍控制更夫和城内搜捕。"},{"name":"黑蓑人","change":"由旧渠追兵转为北偏门伏杀局中的执行者，并在章末隔闸送回师父旧刀；其立场从单纯追缉变成带有旧案引导或威胁的复杂状态。"},{"name":"道院门人","change":"由未直接出面的线索方变成北偏门现场的参与者和见证者；他们配合守备将残灯定为逆灯，使沈照与道院进入公开敌对。"},{"name":"沈照师父","change":"仍未出场，但其旧刀被送回沈照手中，说明当年叛名、旧灯印和眼下命案之间存在可追查的实物关联。"}],"items":[{"name":"残灯","change":"第二次被沈照点燃并公开暴露；短暂照出北偏门杀证局的重影后灯身裂口扩大，短期内难以再稳妥使用，也成为守备指控沈照私点逆灯的核心物件。"},{"name":"灯灰证物","change":"又被消耗一部分用于点残灯，剩余灰样极少，作为官面物证的完整性进一步受损；但同源灰痕也让沈照确认供纸、渠水和魂灯旧印存在联系。"},{"name":"预写口供","change":"从门内预设的封案文书变成被沈照和在场人识破的陷害证据；正本被守备一方重新控制，内容和提前写好的事实只留在多人口头记忆中。"},{"name":"师父旧刀","change":"由不明来源经黑蓑人隔闸送回沈照手中；它暂不能证明师父清白或涉案，但成为查旧案来源和送刀人目的的新实物。"},{"name":"道院北偏门","change":"由更夫旧年目击贵客车的地点，变成守备、黑蓑人和道院一方试图杀证封口的现场；其门槛、松砖、供纸和灯灰都成为后续可复核线索。"}],"relationships":[{"from":"沈照","to":"更夫","change":"从共同逃亡的绑定关系变为被迫分离的证人与护证者关系；更夫因沈照改动路线保住性命，也在公开场合确认愿意说出道院车驾线索。"},{"from":"沈照","to":"城中守备","change":"从事实对抗升级为公开通缉关系；守备可调动全城追捕，沈照只能依靠线索、地形和第三方见证拖延。"},{"from":"沈照","to":"黑蓑人","change":"从追逃关系变成伏杀、送刀并存的危险关系；沈照知道黑蓑人参与北偏门局，但还不能判断他送旧刀是威胁、诱导还是受人差遣。"},{"from":"沈照","to":"道院","change":"从暗中怀疑道院贵客线索，转为当众撕开北偏门布置并被道院门人指为逆灯之人，双方冲突进入明面。"},{"from":"沈照","to":"沈照师父","change":"沈照原先只从口供和旧印追查师父叛名，本章得到师父旧刀后，必须把旧案作为现实证据线处理。"}]},"foreshadows_planted":[{"description":"预写口供使用了能进入押送流程的格式，并提前写明更夫未见道院车、沈照劫证改供。","resolve_conditions":"沈照查到供纸来源、笔迹、案册流转或守备与道院之间的文书交接，才能证明这份口供不是现场临时伪造。"},{"description":"残灯照出的白玉扳指按过供纸，但没有照出完整面目。","resolve_conditions":"后续找到佩戴白玉扳指的人、查到供奉车随从身份，或在旧案案册中见到同一扳指标记，才能确认其身份和责任。"},{"description":"黑蓑人既参与门后伏杀，又隔闸送回师父旧刀，行为目的互相矛盾。","resolve_conditions":"沈照必须查明黑蓑人受谁差遣、旧刀从何处取出，以及送刀话语中的灯价指向谁，才能判断黑蓑人是敌方执行者还是另有立场。"},{"description":"道院门人立刻把残灯定为逆灯，说明他们熟悉当年逆灯罪的名目和旧灯印规矩。","resolve_conditions":"若沈照取得当年逆灯告示、道院封灯记录或师父入院封灯的见证，才能确认道院在旧案中的实际位置。"}],"foreshadows_resolved":["上一
[2026-05-20 14:51:58] EXPAND_CH3_DONE
[2026-05-20 14:51:58] RUN docker exec ai-write-postgres-1 psql -U postgres -d aiwrite -P pager=off -c "select c.chapter_idx,c.title,c.status,c.word_count,c.updated_at,(c.outline_json::jsonb ? 'start_state') has_start,(c.outline_json::jsonb ? 'handoff_to_next') has_handoff from chapters c join volumes v on v.id=c.volume_id where v.project_id='72ee38a9-aee7-4e31-b8c9-c29f4c8e6a8e' and c.chapter_idx between 1 and 3 order by c.chapter_idx;"
[2026-05-20 14:51:58] STDOUT  chapter_idx |        title        |  status   | word_count |          updated_at           | has_start | has_handoff 
-------------+---------------------+-----------+------------+-------------------------------+-----------+-------------
           1 | 第一章 雨夜灯痕     | completed |       5790 | 2026-05-20 14:26:41.55457+00  | t         | t
           2 | 第二章 城门不开     | completed |       4704 | 2026-05-20 14:30:22.687971+00 | t         | t
           3 | 第三章 一盏灯的价钱 | completed |       5607 | 2026-05-20 14:51:58.209635+00 | t         | t
(3 rows)


[2026-05-20 14:51:58] REGEN_CH1_START e9d02dad-5778-4d92-a447-6b2dff36ddb4
[2026-05-20 14:51:58] CH1_HTTP 200
[2026-05-20 14:51:58] CH1 data: {"status": "generating", "message": "Starting..."}
[2026-05-20 14:56:41] CH1 data: {"text": "\u4ece"}
[2026-05-20 14:56:41] CH1 data: {"text": "\u4e3b"}
[2026-05-20 14:56:41] CH1 data: {"text": "\u8857"}
[2026-05-20 14:56:41] CH1 data: {"text": "\u62d0"}
[2026-05-20 14:56:41] CH1 data: {"text": "\u8fdb"}
[2026-05-20 14:56:41] CH1 data: {"text": "\u5317"}
[2026-05-20 14:56:41] CH1 data: {"text": "\u57ce"}
[2026-05-20 14:56:41] CH1 data: {"text": "\u53e3"}
[2026-05-20 14:56:41] CH1 data: {"text": "\uff0c"}
[2026-05-20 14:56:41] CH1 data: {"text": "\u96e8"}
[2026-05-20 14:56:41] CH1 data: {"text": "\u7ebf"}
[2026-05-20 14:56:41] CH1 data: {"text": "\u659c"}
[2026-05-20 14:56:41] CH1 data: {"text": "\u626b"}
[2026-05-20 14:56:41] CH1 data: {"text": "\u8fc7"}
[2026-05-20 14:56:41] CH1 data: {"text": "\u8857"}
[2026-05-20 14:56:41] CH1 data: {"text": "\u9762"}
[2026-05-20 14:56:41] CH1 data: {"text": "\uff0c"}
[2026-05-20 14:56:41] CH1 data: {"text": "\u6a90"}
[2026-05-20 14:56:41] CH1 data: {"text": "\u6c34"}
[2026-05-20 14:56:41] CH1 data: {"text": "\u4e00"}
[2026-05-20 14:56:41] CH1 data: {"text": "\u4e32"}
[2026-05-20 14:56:41] CH1 data: {"text": "\u4e32"}
[2026-05-20 14:56:41] CH1 data: {"text": "\u7838"}
[2026-05-20 14:56:41] CH1 data: {"text": "\u5728"}
[2026-05-20 14:56:41] CH1 data: {"text": "\u9752"}
[2026-05-20 14:56:41] CH1 data: {"text": "\u77f3"}
[2026-05-20 14:56:41] CH1 data: {"text": "\u4e0a"}
[2026-05-20 14:56:41] CH1 data: {"text": "\u3002"}
[2026-05-20 14:56:41] CH1 data: {"text": "\u5317"}
[2026-05-20 14:56:41] CH1 data: {"text": "\u57ce"}
[2026-05-20 14:56:41] CH1 data: {"text": "\u4e8c"}
[2026-05-20 14:56:41] CH1 data: {"text": "\u66f4"}
[2026-05-20 14:56:41] CH1 data: {"text": "\u672b"}
[2026-05-20 14:56:41] CH1 data: {"text": "\uff0c\u672c"}
[2026-05-20 14:56:41] CH1 data: {"text": "\u8be5"}
[2026-05-20 14:56:41] CH1 data: {"text": "\u53ea"}
[2026-05-20 14:56:41] CH1 data: {"text": "\u5269"}
[2026-05-20 14:56:41] CH1 data: {"text": "\u66f4"}
[2026-05-20 14:56:41] CH1 data: {"text": "\u6886"}
[2026-05-20 14:56:41] CH1 data: {"text": "\u548c"}
[2026-05-20 14:56:41] CH1 data: {"text": "\u72ac"}
[2026-05-20 14:56:41] CH1 data: {"text": "\u5420"}
[2026-05-20 14:56:41] CH1 data: {"text": "\uff0c"}
[2026-05-20 14:56:41] CH1 data: {"text": "\u504f"}
[2026-05-20 14:56:41] CH1 data: {"text": "\u6709"}
[2026-05-20 14:56:41] CH1 data: {"text": "\u4e00\u70b9"}
[2026-05-20 14:56:41] CH1 data: {"text": "\u9752"}
[2026-05-20 14:56:41] CH1 data: {"text": "\u9ec4"}
[2026-05-20 14:56:41] CH1 data: {"text": "\u706b"}
[2026-05-20 14:56:41] CH1 data: {"text": "\u8272"}
[2026-05-20 14:56:41] CH1 data: {"text": "\uff0c\u4ece"}
[2026-05-20 14:56:41] CH1 data: {"text": "\u5e9f"}
[2026-05-20 14:56:41] CH1 data: {"text": "\u706f"}
[2026-05-20 14:56:41] CH1 data: {"text": "\u94fa"}
[2026-05-20 14:56:41] CH1 data: {"text": "\u584c"}
[2026-05-20 14:56:41] CH1 data: {"text": "\u4e86"}
[2026-05-20 14:56:41] CH1 data: {"text": "\u534a"}
[2026-05-20 14:56:41] CH1 data: {"text": "\u8fb9"}
[2026-05-20 14:56:41] CH1 data: {"text": "\u7684"}
[2026-05-20 14:56:41] CH1 data: {"text": "\u6a90"}
[2026-05-20 14:56:41] CH1 data: {"text": "\u4e0b"}
[2026-05-20 14:56:41] CH1 data: {"text": "\u6f0f"}
[2026-05-20 14:56:41] CH1 data: {"text": "\u51fa\u6765"}
[2026-05-20 14:56:41] CH1 data: {"text": "\u3002"}
[2026-05-20 14:56:41] CH1 data: {"text": "\u5de1"}
[2026-05-20 14:56:41] CH1 data: {"text": "\u5230"}
[2026-05-20 14:56:41] CH1 data: {"text": "\u6b64"}
[2026-05-20 14:56:41] CH1 data: {"text": "\u5904"}
[2026-05-20 14:56:41] CH1 data: {"text": "\u7684\u4eba"}
[2026-05-20 14:56:41] CH1 data: {"text": "\u505c"}
[2026-05-20 14:56:41] CH1 data: {"text": "\u4e86"}
[2026-05-20 14:56:41] CH1 data: {"text": "\u6b65"}
[2026-05-20 14:56:41] CH1 data: {"text": "\u3002\n\n"}
[2026-05-20 14:56:41] CH1 data: {"text": "\u6c88"}
[2026-05-20 14:56:41] CH1 data: {"text": "\u7167"}
[2026-05-20 14:56:41] CH1 data: {"text": "\u628a"}
[2026-05-20 14:56:41] CH1 data: {"text": "\u6597"}
[2026-05-20 14:56:41] CH1 data: {"text": "\u7b20"}
[2026-05-20 14:56:41] CH1 data: {"text": "\u5f80"}
[2026-05-20 14:56:41] CH1 data: {"text": "\u4e0b\u4e00"}
[2026-05-20 14:56:42] CH1 data: {"text": "\u538b"}
[2026-05-20 14:56:42] CH1 data: {"text": "\uff0c"}
[2026-05-20 14:56:42] CH1 data: {"text": "\u5148"}
[2026-05-20 14:56:42] CH1 data: {"text": "\u4e0d"}
[2026-05-20 14:56:42] CH1 data: {"text": "\u8fdb"}
[2026-05-20 14:56:42] CH1 data: {"text": "\u5df7"}
[2026-05-20 14:56:42] CH1 data: {"text": "\uff0c\u53ea"}
[2026-05-20 14:56:42] CH1 data: {"text": "\u8d34"}
[2026-05-20 14:56:42] CH1 data: {"text": "\u7740"}
[2026-05-20 14:56:42] CH1 data: {"text": "\u8857"}
[2026-05-20 14:56:42] CH1 data: {"text": "\u53e3"}
[2026-05-20 14:56:42] CH1 data: {"text": "\u5f80"}
[2026-05-20 14:56:42] CH1 data: {"text": "\u4e24"}
[2026-05-20 14:56:42] CH1 data: {"text": "\u8fb9"}
[2026-05-20 14:56:42] CH1 data: {"text": "\u626b"}
[2026-05-20 14:56:42] CH1 data: {"text": "\u4e86\u4e00"}
[2026-05-20 14:56:42] CH1 data: {"text": "\u773c"}
[2026-05-20 14:56:42] CH1 data: {"text": "\u3002"}
[2026-05-20 14:56:42] CH1 data: {"text": "\u4e3b"}
[2026-05-20 14:56:42] CH1 data: {"text": "\u8857"}
[2026-05-20 14:56:42] CH1 data: {"text": "\u90a3"}
[2026-05-20 14:56:42] CH1 data: {"text": "\u5934"}
[2026-05-20 14:56:42] CH1 data: {"text": "\u9ed1"}
[2026-05-20 14:56:42] CH1 data: {"text": "\u7740"}
[2026-05-20 14:56:42] CH1 data: {"text": "\uff0c"}
[2026-05-20 14:56:42] CH1 data: {"text": "\u574a"}
[2026-05-20 14:56:42] CH1 data: {"text": "\u95e8"}
[2026-05-20 14:56:42] CH1 data: {"text": "\u65e9"}
[2026-05-20 14:56:42] CH1 data: {"text": "\u5173"}
[2026-05-20 14:56:42] CH1 data: {"text": "\uff0c"}
[2026-05-20 14:56:42] CH1 data: {"text": "\u9644\u8fd1"}
[2026-05-20 14:56:42] CH1 data: {"text": "\u51e0"}
[2026-05-20 14:56:42] CH1 data: {"text": "\u6237"}
[2026-05-20 14:56:42] CH1 data: {"text": "\u8fde"}
[2026-05-20 14:56:42] CH1 data: {"text": "\u95e8"}
[2026-05-20 14:56:42] CH1 data: {"text": "\u7f1d"}
[2026-05-20 14:56:42] CH1 data: {"text": "\u91cc\u7684"}
[2026-05-20 14:56:42] CH1 data: {"text": "\u706f"}
[2026-05-20 14:56:42] CH1 data: {"text": "\u90fd"}
[2026-05-20 14:56:42] CH1 data: {"text": "\u706d"}
[2026-05-20 14:56:42] CH1 data: {"text": "\u51c0"}
[2026-05-20 14:56:42] CH1 data: {"text": "\u4e86"}
[2026-05-20 14:56:42] CH1 data: {"text": "\u3002"}
[2026-05-20 14:56:42] CH1 data: {"text": "\u4e27"}
[2026-05-20 14:56:42] CH1 data: {"text": "\u5bb6"}
[2026-05-20 14:56:42] CH1 data: {"text": "\u82e5"}
[2026-05-20 14:56:42] CH1 data: {"text": "\u8981"}
[2026-05-20 14:56:42] CH1 data: {"text": "\u5f15"}
[2026-05-20 14:56:42] CH1 data: {"text": "\u9b42"}
[2026-05-20 14:56:42] CH1 data: {"text": "\uff0c"}
[2026-05-20 14:56:42] CH1 data: {"text": "\u5f97"}
[2026-05-20 14:56:42] CH1 data: {"text": "\u6302"}
[2026-05-20 14:56:42] CH1 data: {"text": "\u81ea"}
[2026-05-20 14:56:42] CH1 data: {"text": "\u5bb6"}
[2026-05-20 14:56:42] CH1 data: {"text": "\u95e8"}
[2026-05-20 14:56:42] CH1 data: {"text": "\u524d"}
[2026-05-20 14:56:42] CH1 data: {"text": "\uff0c"}
[2026-05-20 14:56:42] CH1 data: {"text": "\u62a5"}
[2026-05-20 14:56:42] CH1 data: {"text": "\u8fc7"}
[2026-05-20 14:56:42] CH1 data: {"text": "\u574a"}
[2026-05-20 14:56:42] CH1 data: {"text": "\u6b63"}
[2026-05-20 14:56:42] CH1 data: {"text": "\uff0c"}
[2026-05-20 14:56:42] CH1 data: {"text": "\u7559"}
[2026-05-20 14:56:42] CH1 data: {"text": "\u4eba"}
[2026-05-20 14:56:42] CH1 data: {"text": "\u5b88"}
[2026-05-20 14:56:42] CH1 data: {"text": "\u7740"}
[2026-05-20 14:56:42] CH1 data: {"text": "\uff0c\u4e0d"}
[2026-05-20 14:56:42] CH1 data: {"text": "\u4f1a"}
[2026-05-20 14:56:42] CH1 data: {"text": "\u628a"}
[2026-05-20 14:56:42] CH1 data: {"text": "\u9b42"}
[2026-05-20 14:56:42] CH1 data: {"text": "\u706f"}
[2026-05-20 14:56:42] CH1 data: {"text": "\u5b64"}
[2026-05-20 14:56:42] CH1 data: {"text": "\u96f6"}
[2026-05-20 14:56:42] CH1 data: {"text": "\u96f6"}
[2026-05-20 14:56:42] CH1 data: {"text": "\u540a"}
[2026-05-20 14:56:42] CH1 data: {"text": "\u5728"}
[2026-05-20 14:56:42] CH1 data: {"text": "\u5e9f"}
[2026-05-20 14:56:42] CH1 data: {"text": "\u94fa"}
[2026-05-20 14:56:42] CH1 data: {"text": "\u524d"}
[2026-05-20 14:56:42] CH1 data: {"text": "\u3002"}
[2026-05-20 14:56:42] CH1 data: {"text": "\u9519"}
[2026-05-20 14:56:42] CH1 data: {"text": "\u5728"}
[2026-05-20 14:56:42] CH1 data: {"text": "\u65f6"}
[2026-05-20 14:56:42] CH1 data: {"text": "\u8fb0"}
[2026-05-20 14:56:42] CH1 data: {"text": "\uff0c\u4e5f"}
[2026-05-20 14:56:42] CH1 data: {"text": "\u9519"}
[2026-05-20 14:56:42] CH1 data: {"text": "\u5728"}
[2026-05-20 14:56:42] CH1 data: {"text": "\u5730\u65b9"}
[2026-05-20 14:56:42] CH1 data: {"text": "\u3002\n\n"}
[2026-05-20 14:56:42] CH1 data: {"text": "\u96e8"}
[2026-05-20 14:56:42] CH1 data: {"text": "\u4e1d"}
[2026-05-20 14:56:42] CH1 data: {"text": "\u88ab"}
[2026-05-20 14:56:42] CH1 data: {"text": "\u98ce"}
[2026-05-20 14:56:42] CH1 data: {"text": "\u5377"}
[2026-05-20 14:56:42] CH1 data: {"text": "\u8fdb"}
[2026-05-20 14:56:42] CH1 data: {"text": "\u5df7"}
[2026-05-20 14:56:42] CH1 data: {"text": "\u91cc"}
[2026-05-20 14:56:42] CH1 data: {"text": "\uff0c"}
[2026-05-20 14:56:42] CH1 data: {"text": "\u706f"}
[2026-05-20 14:56:42] CH1 data: {"text": "\u8033"}
[2026-05-20 14:56:42] CH1 data: {"text": "\u8f7b"}
[2026-05-20 14:56:42] CH1 data: {"text": "\u649e"}
[2026-05-20 14:56:42] CH1 data: {"text": "\u6728"}
[2026-05-20 14:56:42] CH1 data: {"text": "\u6a90"}
[2026-05-20 14:56:42] CH1 data: {"text": "\uff0c"}
[2026-05-20 14:56:42] CH1 data: {"text": "\u7b03"}
[2026-05-20 14:56:42] CH1 data: {"text": "\u3001"}
[2026-05-20 14:56:42] CH1 data: {"text": "\u7b03"}
[2026-05-20 14:56:42] CH1 data: {"text": "\u4e24"}
[2026-05-20 14:56:42] CH1 data: {"text": "\u4e0b"}
[2026-05-20 14:56:42] CH1 data: {"text": "\uff0c"}
[2026-05-20 14:56:42] CH1 data: {"text": "\u706b"}
[2026-05-20 14:56:42] CH1 data: {"text": "\u82af"}
[2026-05-20 14:56:42] CH1 data: {"text": "\u5374"}
[2026-05-20 14:56:42] CH1 data: {"text": "\u7a33"}
[2026-05-20 14:56:42] CH1 data: {"text": "\uff0c"}
[2026-05-20 14:56:42] CH1 data: {"text": "\u4eae"}
[2026-05-20 14:56:42] CH1 data: {"text": "\u5f97"}
[2026-05-20 14:56:42] CH1 data: {"text": "\u4e0d"}
[2026-05-20 14:56:43] CH1 data: {"text": "\u6296"}
[2026-05-20 14:56:43] CH1 data: {"text": "\u3002"}
[2026-05-20 14:56:43] CH1 data: {"text": "\u770b"}
[2026-05-20 14:56:43] CH1 data: {"text": "\u8fd9"}
[2026-05-20 14:56:43] CH1 data: {"text": "\u706b"}
[2026-05-20 14:56:43] CH1 data: {"text": "\u52bf"}
[2026-05-20 14:56:43] CH1 data: {"text": "\uff0c\u4e0d"}
[2026-05-20 14:56:43] CH1 data: {"text": "\u50cf"}
[2026-05-20 14:56:43] CH1 data: {"text": "\u88ab"}
[2026-05-20 14:56:43] CH1 data: {"text": "\u96e8"}
[2026-05-20 14:56:43] CH1 data: {"text": "\u98ce"}
[2026-05-20 14:56:43] CH1 data: {"text": "\u5076"}
[2026-05-20 14:56:43] CH1 data: {"text": "\u7136"}
[2026-05-20 14:56:43] CH1 data: {"text": "\u62e8"}
[2026-05-20 14:56:43] CH1 data: {"text": "\u4eae"}
[2026-05-20 14:56:43] CH1 data: {"text": "\uff0c\u66f4"}
[2026-05-20 14:56:43] CH1 data: {"text": "\u50cf"}
[2026-05-20 14:56:43] CH1 data: {"text": "\u8fd1"}
[2026-05-20 14:56:43] CH1 data: {"text": "\u65f6"}
[2026-05-20 14:56:43] CH1 data: {"text": "\u6709\u4eba"}
[2026-05-20 14:56:43] CH1 data: {"text": "\u52a8"}
[2026-05-20 14:56:43] CH1 data: {"text": "\u8fc7"}
[2026-05-20 14:56:43] CH1 data: {"text": "\u3002"}
[2026-05-20 14:56:43] CH1 data: {"text": "\u6c88"}
[2026-05-20 14:56:43] CH1 data: {"text": "\u7167"}
[2026-05-20 14:56:43] CH1 data: {"text": "\u8fd9"}
[2026-05-20 14:56:43] CH1 data: {"text": "\u624d"}
[2026-05-20 14:56:43] CH1 data: {"text": "\u6cbf"}
[2026-05-20 14:56:43] CH1 data: {"text": "\u5899"}
[2026-05-20 14:56:43] CH1 data: {"text": "\u6839"}
[2026-05-20 14:56:43] CH1 data: {"text": "\u632a"}
[2026-05-20 14:56:43] CH1 data: {"text": "\u6b65"}
[2026-05-20 14:56:43] CH1 data: {"text": "\uff0c"}
[2026-05-20 14:56:43] CH1 data: {"text": "\u978b"}
[2026-05-20 14:56:43] CH1 data: {"text": "\u5c16"}
[2026-05-20 14:56:43] CH1 data: {"text": "\u4e13"}
[2026-05-20 14:56:43] CH1 data: {"text": "\u6311"}
[2026-05-20 14:56:43] CH1 data: {"text": "\u7816"}
[2026-05-20 14:56:43] CH1 data: {"text": "\u7f1d"}
[2026-05-20 14:56:43] CH1 data: {"text": "\u6d45"}
[2026-05-20 14:56:43] CH1 data: {"text": "\u5904"}
[2026-05-20 14:56:43] CH1 data: {"text": "\u843d"}
[2026-05-20 14:56:43] CH1 data: {"text": "\uff0c"}
[2026-05-20 14:56:43] CH1 data: {"text": "\u907f"}
[2026-05-20 14:56:43] CH1 data: {"text": "\u5f00"}
[2026-05-20 14:56:43] CH1 data: {"text": "\u5df7"}
[2026-05-20 14:56:43] CH1 data: {"text": "\u5fc3"}
[2026-05-20 14:56:43] CH1 data: {"text": "\u90a3"}
[2026-05-20 14:56:43] CH1 data: {"text": "\u6761"}
[2026-05-20 14:56:43] CH1 data: {"text": "\u88ab"}
[2026-05-20 14:56:43] CH1 data: {"text": "\u96e8"}
[2026-05-20 14:56:43] CH1 data: {"text": "\u6c34"}
[2026-05-20 14:56:43] CH1 data: {"text": "\u51b2"}
[2026-05-20 14:56:43] CH1 data: {"text": "\u4eae"}
[2026-05-20 14:56:43] CH1 data: {"text": "\u7684"}
[2026-05-20 14:56:43] CH1 data: {"text": "\u6ce5"}
[2026-05-20 14:56:43] CH1 data: {"text": "\u5e26"}
[2026-05-20 14:56:43] CH1 data: {"text": "\u3002\n\n"}
[2026-05-20 14:56:43] CH1 data: {"text": "\u706f"}
[2026-05-20 14:56:43] CH1 data: {"text": "\u4e0b"}
[2026-05-20 14:56:43] CH1 data: {"text": "\u8fd8\u6709"}
[2026-05-20 14:56:43] CH1 data: {"text": "\u4e2a\u4eba"}
[2026-05-20 14:56:43] CH1 data: {"text": "\u5f71"}
[2026-05-20 14:56:43] CH1 data: {"text": "\u3002"}
[2026-05-20 14:56:43] CH1 data: {"text": "\u819d"}
[2026-05-20 14:56:43] CH1 data: {"text": "\u5934"}
[2026-05-20 14:56:43] CH1 data: {"text": "\u7740"}
[2026-05-20 14:56:43] CH1 data: {"text": "\u5730"}
[2026-05-20 14:56:43] CH1 data: {"text": "\uff0c\u4e0a"}
[2026-05-20 14:56:43] CH1 data: {"text": "\u8eab"}
[2026-05-20 14:56:43] CH1 data: {"text": "\u5fae"}
[2026-05-20 14:56:43] CH1 data: {"text": "\u4fef"}
[2026-05-20 14:56:43] CH1 data: {"text": "\uff0c"}
[2026-05-20 14:56:43] CH1 data: {"text": "\u50cf"}
[2026-05-20 14:56:43] CH1 data: {"text": "\u5728"}
[2026-05-20 14:56:43] CH1 data: {"text": "\u671d"}
[2026-05-20 14:56:43] CH1 data: {"text": "\u90a3"}
[2026-05-20 14:56:43] CH1 data: {"text": "\u76cf"}
[2026-05-20 14:56:43] CH1 data: {"text": "\u706f"}
[2026-05-20 14:56:43] CH1 data: {"text": "\u8d54"}
[2026-05-20 14:56:43] CH1 data: {"text": "\u7f6a"}
[2026-05-20 14:56:43] CH1 data: {"text": "\u3002"}
[2026-05-20 14:56:43] CH1 data: {"text": "\u82e5"}
[2026-05-20 14:56:43] CH1 data: {"text": "\u4e0d\u662f"}
[2026-05-20 14:56:43] CH1 data: {"text": "\u80a9"}
[2026-05-20 14:56:43] CH1 data: {"text": "\u80cc"}
[2026-05-20 14:56:43] CH1 data: {"text": "\u4e00\u76f4"}
[2026-05-20 14:56:43] CH1 data: {"text": "\u4e0d"}
[2026-05-20 14:56:43] CH1 data: {"text": "\u52a8"}
[2026-05-20 14:56:43] CH1 data: {"text": "\uff0c"}
[2026-05-20 14:56:43] CH1 data: {"text": "\u8fdc"}
[2026-05-20 14:56:43] CH1 data: {"text": "\u770b"}
[2026-05-20 14:56:43] CH1 data: {"text": "\u5012"}
[2026-05-20 14:56:43] CH1 data: {"text": "\u50cf"}
[2026-05-20 14:56:43] CH1 data: {"text": "\u4e2a"}
[2026-05-20 14:56:43] CH1 data: {"text": "\u501f"}
[2026-05-20 14:56:43] CH1 data: {"text": "\u6a90"}
[2026-05-20 14:56:43] CH1 data: {"text": "\u8eb2"}
[2026-05-20 14:56:43] CH1 data: {"text": "\u96e8"}
[2026-05-20 14:56:43] CH1 data: {"text": "\u7684"}
[2026-05-20 14:56:43] CH1 data: {"text": "\u6c49"}
[2026-05-20 14:56:43] CH1 data: {"text": "\u5b50"}
[2026-05-20 14:56:43] CH1 data: {"text": "\u3002"}
[2026-05-20 14:56:43] CH1 data: {"text": "\u518d"}
[2026-05-20 14:56:44] CH1 data: {"text": "\u8fd1"}
[2026-05-20 14:56:44] CH1 data: {"text": "\u4e24"}
[2026-05-20 14:56:44] CH1 data: {"text": "\u6b65"}
[2026-05-20 14:56:44] CH1 data: {"text": "\uff0c"}
[2026-05-20 14:56:44] CH1 data: {"text": "\u6e7f"}
[2026-05-20 14:56:44] CH1 data: {"text": "\u53d1"}
[2026-05-20 14:56:44] CH1 data: {"text": "\u5782"}
[2026-05-20 14:56:44] CH1 data: {"text": "\u5f00"}
[2026-05-20 14:56:44] CH1 data: {"text": "\uff0c"}
[2026-05-20 14:56:44] CH1 data: {"text": "\u534a"}
[2026-05-20 14:56:44] CH1 data: {"text": "\u8fb9"}
[2026-05-20 14:56:44] CH1 data: {"text": "\u8138"}
[2026-05-20 14:56:44] CH1 data: {"text": "\u7070"}
[2026-05-20 14:56:44] CH1 data: {"text": "\u767d"}
[2026-05-20 14:56:44] CH1 data: {"text": "\uff0c"}
[2026-05-20 14:56:44] CH1 data: {"text": "\u5634"}
[2026-05-20 14:56:44] CH1 data: {"text": "\u89d2"}
[2026-05-20 14:56:44] CH1 data: {"text": "\u7ed9"}
[2026-05-20 14:56:44] CH1 data: {"text": "\u96e8"}
[2026-05-20 14:56:44] CH1 data: {"text": "\u6d17"}
[2026-05-20 14:56:44] CH1 data: {"text": "\u51fa"}
[2026-05-20 14:56:44] CH1 data: {"text": "\u4e00\u9053"}
[2026-05-20 14:56:44] CH1 data: {"text": "\u6de1"}
[2026-05-20 14:56:44] CH1 data: {"text": "\u7ea2"}
[2026-05-20 14:56:44] CH1 data: {"text": "\u6c34"}
[2026-05-20 14:56:44] CH1 data: {"text": "\u7ebf"}
[2026-05-20 14:56:44] CH1 data: {"text": "\u3002"}
[2026-05-20 14:56:44] CH1 data: {"text": "\u662f"}
[2026-05-20 14:56:44] CH1 data: {"text": "\u4e2a"}
[2026-05-20 14:56:44] CH1 data: {"text": "\u6b7b\u4eba"}
[2026-05-20 14:56:44] CH1 data: {"text": "\u3002\n\n"}
[2026-05-20 14:56:44] CH1 data: {"text": "\u4ed6"}
[2026-05-20 14:56:44] CH1 data: {"text": "\u6ca1"}
[2026-05-20 14:56:44] CH1 data: {"text": "\u5148"}
[2026-05-20 14:56:44] CH1 data: {"text": "\u53bb"}
[2026-05-20 14:56:44] CH1 data: {"text": "\u78b0"}
[2026-05-20 14:56:44] CH1 data: {"text": "\u5c38"}
[2026-05-20 14:56:44] CH1 data: {"text": "\uff0c\u4e5f"}
[2026-05-20 14:56:44] CH1 data: {"text": "\u6ca1"}
[2026-05-20 14:56:44] CH1 data: {"text": "\u53bb"}
[2026-05-20 14:56:44] CH1 data: {"text": "\u78b0"}
[2026-05-20 14:56:44] CH1 data: {"text": "\u706f"}
[2026-05-20 14:56:44] CH1 data: {"text": "\uff0c"}
[2026-05-20 14:56:44] CH1 data: {"text": "\u56de"}
[2026-05-20 14:56:44] CH1 data: {"text": "\u8eab"}
[2026-05-20 14:56:44] CH1 data: {"text": "\u4ece"}
[2026-05-20 14:56:44] CH1 data: {"text": "\u5899"}
[2026-05-20 14:56:44] CH1 data: {"text": "\u89d2"}
[2026-05-20 14:56:44] CH1 data: {"text": "\u62ce"}
[2026-05-20 14:56:44] CH1 data: {"text": "\u8d77"}
[2026-05-20 14:56:44] CH1 data: {"text": "\u4e00"}
[2026-05-20 14:56:44] CH1 data: {"text": "\u6839"}
[2026-05-20 14:56:44] CH1 data: {"text": "\u65ad"}
[2026-05-20 14:56:44] CH1 data: {"text": "\u62c5"}
[2026-05-20 14:56:44] CH1 data: {"text": "\u6756"}
[2026-05-20 14:56:44] CH1 data: {"text": "\uff0c"}
[2026-05-20 14:56:44] CH1 data: {"text": "\u6a2a"}
[2026-05-20 14:56:44] CH1 data: {"text": "\u5728"}
[2026-05-20 14:56:44] CH1 data: {"text": "\u5df7"}
[2026-05-20 14:56:44] CH1 data: {"text": "\u53e3"}
[2026-05-20 14:56:44] CH1 data: {"text": "\uff0c\u53c8"}
[2026-05-20 14:56:44] CH1 data: {"text": "\u628a"}
[2026-05-20 14:56:44] CH1 data: {"text": "\u8170"}
[2026-05-20 14:56:44] CH1 data: {"text": "\u95f4"}
[2026-05-20 14:56:44] CH1 data: {"text": "\u5de1"}
[2026-05-20 14:56:44] CH1 data: {"text": "\u724c"}
[2026-05-20 14:56:44] CH1 data: {"text": "\u6263"}
[2026-05-20 14:56:44] CH1 data: {"text": "\u5728"}
[2026-05-20 14:56:44] CH1 data: {"text": "\u6756"}
[2026-05-20 14:56:44] CH1 data: {"text": "\u4e0a"}
[2026-05-20 14:56:44] CH1 data: {"text": "\u3002"}
[2026-05-20 14:56:44] CH1 data: {"text": "\u591c"}
[2026-05-20 14:56:44] CH1 data: {"text": "\u91cc"}
[2026-05-20 14:56:44] CH1 data: {"text": "\u5c11"}
[2026-05-20 14:56:44] CH1 data: {"text": "\u6709\u4eba"}
[2026-05-20 14:56:44] CH1 data: {"text": "\u5f80"}
[2026-05-20 14:56:44] CH1 data: {"text": "\u5317"}
[2026-05-20 14:56:44] CH1 data: {"text": "\u57ce"}
[2026-05-20 14:56:44] CH1 data: {"text": "\u5e9f"}
[2026-05-20 14:56:44] CH1 data: {"text": "\u94fa"}
[2026-05-20 14:56:44] CH1 data: {"text": "\u94bb"}
[2026-05-20 14:56:44] CH1 data: {"text": "\uff0c\u53ef"}
[2026-05-20 14:56:44] CH1 data: {"text": "\u53ea"}
[2026-05-20 14:56:44] CH1 data: {"text": "\u8981"}
[2026-05-20 14:56:44] CH1 data: {"text": "\u6765"}
[2026-05-20 14:56:44] CH1 data: {"text": "\u4e2a"}
[2026-05-20 14:56:44] CH1 data: {"text": "\u907f"}
[2026-05-20 14:56:44] CH1 data: {"text": "\u96e8"}
[2026-05-20 14:56:44] CH1 data: {"text": "\u7684"}
[2026-05-20 14:56:44] CH1 data: {"text": "\u3001"}
[2026-05-20 14:56:44] CH1 data: {"text": "\u9189"}
[2026-05-20 14:56:44] CH1 data: {"text": "\u9152"}
[2026-05-20 14:56:44] CH1 data: {"text": "\u7684"}
[2026-05-20 14:56:44] CH1 data: {"text": "\uff0c\u4e00"}
[2026-05-20 14:56:44] CH1 data: {"text": "\u811a"}
[2026-05-20 14:56:44] CH1 data: {"text": "\u8e29"}
[2026-05-20 14:56:44] CH1 data: {"text": "\u8fdb"}
[2026-05-20 14:56:44] CH1 data: {"text": "\u6765"}
[2026-05-20 14:56:44] CH1 data: {"text": "\uff0c"}
[2026-05-20 14:56:44] CH1 data: {"text": "\u80fd"}
[2026-05-20 14:56:44] CH1 data: {"text": "\u7559"}
[2026-05-20 14:56:44] CH1 data: {"text": "\u7684"}
[2026-05-20 14:56:44] CH1 data: {"text": "\u75d5"}
[2026-05-20 14:56:44] CH1 data: {"text": "\u5c31"}
[2026-05-20 14:56:44] CH1 data: {"text": "\u66f4"}
[2026-05-20 14:56:44] CH1 data: {"text": "\u5c11"}
[2026-05-20 14:56:44] CH1 data: {"text": "\u4e86"}
[2026-05-20 14:56:44] CH1 data: {"text": "\u3002\n\n"}
[2026-05-20 14:56:44] CH1 data: {"text": "\u8fd9"}
[2026-05-20 14:56:44] CH1 data: {"text": "\u624d"}
[2026-05-20 14:56:44] CH1 data: {"text": "\u56de"}
[2026-05-20 14:56:44] CH1 data: {"text": "\u5934"}
[2026-05-20 14:56:44] CH1 data: {"text": "\u7ec6"}
[2026-05-20 14:56:44] CH1 data: {"text": "\u770b"}
[2026-05-20 14:56:44] CH1 data: {"text": "\u3002"}
[2026-05-20 14:56:44] CH1 data: {"text": "\u7537\u4eba"}
[2026-05-20 14:56:45] CH1 data: {"text": "\u7a7f"}
[2026-05-20 14:56:45] CH1 data: {"text": "\u8910"}
[2026-05-20 14:56:45] CH1 data: {"text": "\u8272"}
[2026-05-20 14:56:45] CH1 data: {"text": "\u77ed"}
[2026-05-20 14:56:45] CH1 data: {"text": "\u8902"}
[2026-05-20 14:56:45] CH1 data: {"text": "\uff0c"}
[2026-05-20 14:56:45] CH1 data: {"text": "\u819d"}
[2026-05-20 14:56:45] CH1 data: {"text": "\u4e0b"}
[2026-05-20 14:56:45] CH1 data: {"text": "\u7816"}
[2026-05-20 14:56:45] CH1 data: {"text": "\u9762"}
[2026-05-20 14:56:45] CH1 data: {"text": "\u6709"}
[2026-05-20 14:56:45] CH1 data: {"text": "\u538b"}
[2026-05-20 14:56:45] CH1 data: {"text": "\u75d5"}
[2026-05-20 14:56:45] CH1 data: {"text": "\uff0c"}
[2026-05-20 14:56:45] CH1 data: {"text": "\u978b"}
[2026-05-20 14:56:45] CH1 data: {"text": "\u5c16"}
[2026-05-20 14:56:45] CH1 data: {"text": "\u5374"}
[2026-05-20 14:56:45] CH1 data: {"text": "\u6b6a"}
[2026-05-20 14:56:45] CH1 data: {"text": "\u5728"}
[2026-05-20 14:56:45] CH1 data: {"text": "\u8eab"}
[2026-05-20 14:56:45] CH1 data: {"text": "\u540e"}
[2026-05-20 14:56:45] CH1 data: {"text": "\uff0c"}
[2026-05-20 14:56:45] CH1 data: {"text": "\u5de6"}
[2026-05-20 14:56:45] CH1 data: {"text": "\u811a"}
[2026-05-20 14:56:45] CH1 data: {"text": "\u889c"}
[2026-05-20 14:56:45] CH1 data: {"text": "\u53e3"}
[2026-05-20 14:56:45] CH1 data: {"text": "\u8fd8"}
[2026-05-20 14:56:45] CH1 data: {"text": "\u7ffb"}
[2026-05-20 14:56:45] CH1 data: {"text": "\u7740"}
[2026-05-20 14:56:45] CH1 data: {"text": "\u6ce5"}
[2026-05-20 14:56:45] CH1 data: {"text": "\u3002"}
[2026-05-20 14:56:45] CH1 data: {"text": "\u82e5"}
[2026-05-20 14:56:45] CH1 data: {"text": "\u662f"}
[2026-05-20 14:56:45] CH1 data: {"text": "\u81ea\u5df1"}
[2026-05-20 14:56:45] CH1 data: {"text": "\u8dea"}
[2026-05-20 14:56:45] CH1 data: {"text": "\u4e0b"}
[2026-05-20 14:56:45] CH1 data: {"text": "\uff0c"}
[2026-05-20 14:56:45] CH1 data: {"text": "\u811a"}
[2026-05-20 14:56:45] CH1 data: {"text": "\u8be5"}
[2026-05-20 14:56:45] CH1 data: {"text": "\u9876"}
[2026-05-20 14:56:45] CH1 data: {"text": "\u4f4f"}
[2026-05-20 14:56:45] CH1 data: {"text": "\uff0c"}
[2026-05-20 14:56:45] CH1 data: {"text": "\u524d"}
[2026-05-20 14:56:45] CH1 data: {"text": "\u895f"}
[2026-05-20 14:56:45] CH1 data: {"text": "\u548c"}
[2026-05-20 14:56:45] CH1 data: {"text": "\u624b"}
[2026-05-20 14:56:45] CH1 data: {"text": "\u8be5"}
[2026-05-20 14:56:45] CH1 data: {"text": "\u5148"}
[2026-05-20 14:56:45] CH1 data: {"text": "\u7740"}
[2026-05-20 14:56:45] CH1 data: {"text": "\u5730"}
[2026-05-20 14:56:45] CH1 data: {"text": "\uff1b"}
[2026-05-20 14:56:45] CH1 data: {"text": "\u773c"}
[2026-05-20 14:56:45] CH1 data: {"text": "\u524d"}
[2026-05-20 14:56:45] CH1 data: {"text": "\u8fd9"}
[2026-05-20 14:56:45] CH1 data: {"text": "\u5177"}
[2026-05-20 14:56:45] CH1 data: {"text": "\u5c38"}
[2026-05-20 14:56:45] CH1 data: {"text": "\u5374"}
[2026-05-20 14:56:45] CH1 data: {"text": "\u628a"}
[2026-05-20 14:56:45] CH1 data: {"text": "\u4e24"}
[2026-05-20 14:56:45] CH1 data: {"text": "\u817f"}
[2026-05-20 14:56:45] CH1 data: {"text": "\u6298"}
[2026-05-20 14:56:45] CH1 data: {"text": "\u5f97"}
[2026-05-20 14:56:45] CH1 data: {"text": "\u592a"}
[2026-05-20 14:56:45] CH1 data: {"text": "\u9f50"}
[2026-05-20 14:56:45] CH1 data: {"text": "\uff0c"}
[2026-05-20 14:56:45] CH1 data: {"text": "\u8863"}
[2026-05-20 14:56:45] CH1 data: {"text": "\u6446"}
[2026-05-20 14:56:45] CH1 data: {"text": "\u4e5f"}
[2026-05-20 14:56:45] CH1 data: {"text": "\u88ab"}
[2026-05-20 14:56:45] CH1 data: {"text": "\u987a"}
[2026-05-20 14:56:45] CH1 data: {"text": "\u8fc7"}
[2026-05-20 14:56:45] CH1 data: {"text": "\uff0c"}
[2026-05-20 14:56:45] CH1 data: {"text": "\u6070"}
[2026-05-20 14:56:45] CH1 data: {"text": "\u597d"}
[2026-05-20 14:56:45] CH1 data: {"text": "\u907f"}
[2026-05-20 14:56:45] CH1 data: {"text": "\u5f00"}
[2026-05-20 14:56:45] CH1 data: {"text": "\u706f"}
[2026-05-20 14:56:46] CH1 data: {"text": "\u5e95"}
[2026-05-20 14:56:46] CH1 data: {"text": "\u4e0b"}
[2026-05-20 14:56:46] CH1 data: {"text": "\u6ef4"}
[2026-05-20 14:56:46] CH1 data: {"text": "\u4e0b"}
[2026-05-20 14:56:46] CH1 data: {"text": "\u6765\u7684"}
[2026-05-20 14:56:46] CH1 data: {"text": "\u96e8"}
[2026-05-20 14:56:46] CH1 data: {"text": "\u7ebf"}
[2026-05-20 14:56:46] CH1 data: {"text": "\u3002"}
[2026-05-20 14:56:46] CH1 data: {"text": "\u6446"}
[2026-05-20 14:56:46] CH1 data: {"text": "\u5f97"}
[2026-05-20 14:56:46] CH1 data: {"text": "\u592a"}
[2026-05-20 14:56:46] CH1 data: {"text": "\u6574"}
[2026-05-20 14:56:46] CH1 data: {"text": "\u3002\n\n"}
[2026-05-20 14:56:46] CH1 data: {"text": "\u6b7b\u4eba"}
[2026-05-20 14:56:46] CH1 data: {"text": "\u6454"}
[2026-05-20 14:56:46] CH1 data: {"text": "\u5012"}
[2026-05-20 14:56:46] CH1 data: {"text": "\uff0c\u4f1a"}
[2026-05-20 14:56:46] CH1 data: {"text": "\u627e"}
[2026-05-20 14:56:46] CH1 data: {"text": "\u5730"}
[2026-05-20 14:56:46] CH1 data: {"text": "\u3002"}
[2026-05-20 14:56:46] CH1 data: {"text": "\u8fd9\u4e2a"}
[2026-05-20 14:56:46] CH1 data: {"text": "\u6ca1\u6709"}
[2026-05-20 14:56:46] CH1 data: {"text": "\u3002\n\n"}
[2026-05-20 14:56:46] CH1 data: {"text": "\u5c38"}
[2026-05-20 14:56:46] CH1 data: {"text": "\u4fa7"}
[2026-05-20 14:56:46] CH1 data: {"text": "\u7684"}
[2026-05-20 14:56:46] CH1 data: {"text": "\u79ef"}
[2026-05-20 14:56:46] CH1 data: {"text": "\u6c34"}
[2026-05-20 14:56:46] CH1 data: {"text": "\u91cc"}
[2026-05-20 14:56:46] CH1 data: {"text": "\uff0c\u8fd8"}
[2026-05-20 14:56:46] CH1 data: {"text": "\u5269"}
[2026-05-20 14:56:46] CH1 data: {"text": "\u4e00\u9053"}
[2026-05-20 14:56:46] CH1 data: {"text": "\u6d45"}
[2026-05-20 14:56:46] CH1 data: {"text": "\u6d45"}
[2026-05-20 14:56:46] CH1 data: {"text": "\u62d6"}
[2026-05-20 14:56:46] CH1 data: {"text": "\u6c9f"}
[2026-05-20 14:56:46] CH1 data: {"text": "\uff0c\u4ece"}
[2026-05-20 14:56:46] CH1 data: {"text": "\u5df7"}
[2026-05-20 14:56:46] CH1 data: {"text": "\u91cc"}
[2026-05-20 14:56:46] CH1 data: {"text": "\u6df1"}
[2026-05-20 14:56:46] CH1 data: {"text": "\u5904"}
[2026-05-20 14:56:46] CH1 data: {"text": "\u659c"}
[2026-05-20 14:56:46] CH1 data: {"text": "\u7740"}
[2026-05-20 14:56:46] CH1 data: {"text": "\u51fa\u6765"}
[2026-05-20 14:56:46] CH1 data: {"text": "\uff0c\u5230"}
[2026-05-20 14:56:46] CH1 data: {"text": "\u819d"}
[2026-05-20 14:56:46] CH1 data: {"text": "\u524d"}
[2026-05-20 14:56:46] CH1 data: {"text": "\u4fbf"}
[2026-05-20 14:56:46] CH1 data: {"text": "\u65ad"}
[2026-05-20 14:56:46] CH1 data: {"text": "\u3002"}
[2026-05-20 14:56:46] CH1 data: {"text": "\u518d"}
[2026-05-20 14:56:47] CH1 data: {"text": "\u5f80"}
[2026-05-20 14:56:47] CH1 data: {"text": "\u91cc"}
[2026-05-20 14:56:47] CH1 data: {"text": "\uff0c"}
[2026-05-20 14:56:47] CH1 data: {"text": "\u96e8"}
[2026-05-20 14:56:47] CH1 data: {"text": "\u6c34"}
[2026-05-20 14:56:47] CH1 data: {"text": "\u5df2\u7ecf"}
[2026-05-20 14:56:47] CH1 data: {"text": "\u6f2b"}
[2026-05-20 14:56:47] CH1 data: {"text": "\u5e73"}
[2026-05-20 14:56:47] CH1 data: {"text": "\uff0c\u53ea"}
[2026-05-20 14:56:47] CH1 data: {"text": "\u5269"}
[2026-05-20 14:56:47] CH1 data: {"text": "\u51e0"}
[2026-05-20 14:56:47] CH1 data: {"text": "\u5757"}
[2026-05-20 14:56:47] CH1 data: {"text": "\u677e"}
[2026-05-20 14:56:47] CH1 data: {"text": "\u7816"}
[2026-05-20 14:56:47] CH1 data: {"text": "\u989c\u8272"}
[2026-05-20 14:56:47] CH1 data: {"text": "\u53d1"}
[2026-05-20 14:56:47] CH1 data: {"text": "\u4e4c"}
[2026-05-20 14:56:47] CH1 data: {"text": "\u3002"}
[2026-05-20 14:56:47] CH1 data: {"text": "\u6c88"}
[2026-05-20 14:56:47] CH1 data: {"text": "\u7167"}
[2026-05-20 14:56:47] CH1 data: {"text": "\u8e72"}
[2026-05-20 14:56:47] CH1 data: {"text": "\u4e0b"}
[2026-05-20 14:56:47] CH1 data: {"text": "\u53bb"}
[2026-05-20 14:56:47] CH1 data: {"text": "\uff0c\u53ea"}
[2026-05-20 14:56:47] CH1 data: {"text": "\u770b"}
[2026-05-20 14:56:47] CH1 data: {"text": "\uff0c\u4e0d"}
[2026-05-20 14:56:47] CH1 data: {"text": "\u78b0"}
[2026-05-20 14:56:47] CH1 data: {"text": "\u3002"}
[2026-05-20 14:56:47] CH1 data: {"text": "\u6e7f"}
[2026-05-20 14:56:47] CH1 data: {"text": "\u53d1"}
[2026-05-20 14:56:47] CH1 data: {"text": "\u540e"}
[2026-05-20 14:56:47] CH1 data: {"text": "\u5934"}
[2026-05-20 14:56:47] CH1 data: {"text": "\u4f3c"}
[2026-05-20 14:56:47] CH1 data: {"text": "\u6709"}
[2026-05-20 14:56:47] CH1 data: {"text": "\u7ed3"}
[2026-05-20 14:56:47] CH1 data: {"text": "\u4f4f"}
[2026-05-20 14:56:47] CH1 data: {"text": "\u7684"}
[2026-05-20 14:56:47] CH1 data: {"text": "\u6697"}
[2026-05-20 14:56:47] CH1 data: {"text": "\u8272"}
[2026-05-20 14:56:47] CH1 data: {"text": "\uff0c"}
[2026-05-20 14:56:47] CH1 data: {"text": "\u53ef\u80fd"}
[2026-05-20 14:56:47] CH1 data: {"text": "\u662f"}
[2026-05-20 14:56:47] CH1 data: {"text": "\u4f24"}
[2026-05-20 14:56:47] CH1 data: {"text": "\uff0c"}
[2026-05-20 14:56:47] CH1 data: {"text": "\u53ef\u80fd"}
[2026-05-20 14:56:47] CH1 data: {"text": "\u53ea\u662f"}
[2026-05-20 14:56:47] CH1 data: {"text": "\u6ce5"}
[2026-05-20 14:56:47] CH1 data: {"text": "\u8840"}
[2026-05-20 14:56:47] CH1 data: {"text": "\u6df7"}
[2026-05-20 14:56:47] CH1 data: {"text": "\u5728"}
[2026-05-20 14:56:47] CH1 data: {"text": "\u4e00"}
[2026-05-20 14:56:47] CH1 data: {"text": "\u5904"}
[2026-05-20 14:56:47] CH1 data: {"text": "\uff1b"}
[2026-05-20 14:56:47] CH1 data: {"text": "\u73b0\u5728"}
[2026-05-20 14:56:47] CH1 data: {"text": "\u4f38"}
[2026-05-20 14:56:48] CH1 data: {"text": "\u624b"}
[2026-05-20 14:56:48] CH1 data: {"text": "\u7ffb"}
[2026-05-20 14:56:48] CH1 data: {"text": "\u770b"}
[2026-05-20 14:56:48] CH1 data: {"text": "\uff0c"}
[2026-05-20 14:56:48] CH1 data: {"text": "\u6307"}
[2026-05-20 14:56:48] CH1 data: {"text": "\u5370"}
[2026-05-20 14:56:48] CH1 data: {"text": "\u4e00"}
[2026-05-20 14:56:48] CH1 data: {"text": "\u4e0a"}
[2026-05-20 14:56:48] CH1 data: {"text": "\u53bb"}
[2026-05-20 14:56:48] CH1 data: {"text": "\uff0c"}
[2026-05-20 14:56:48] CH1 data: {"text": "\u540e"}
[2026-05-20 14:56:48] CH1 data: {"text": "\u9762\u7684"}
[2026-05-20 14:56:48] CH1 data: {"text": "\u53e3"}
[2026-05-20 14:56:48] CH1 data: {"text": "\u4fbf"}
[2026-05-20 14:56:48] CH1 data: {"text": "\u90fd"}
[2026-05-20 14:56:48] CH1 data: {"text": "\u6210"}
[2026-05-20 14:56:48] CH1 data: {"text": "\u4e86"}
[2026-05-20 14:56:48] CH1 data: {"text": "\u4e89"}
[2026-05-20 14:56:48] CH1 data: {"text": "\u8fa9"}
[2026-05-20 14:56:48] CH1 data: {"text": "\u3002\n\n"}
[2026-05-20 14:56:48] CH1 data: {"text": "\u706f"}
[2026-05-20 14:56:48] CH1 data: {"text": "\u4e5f"}
[2026-05-20 14:56:48] CH1 data: {"text": "\u4e00\u6837"}
[2026-05-20 14:56:48] CH1 data: {"text": "\u3002"}
[2026-05-20 14:56:48] CH1 data: {"text": "\u65e7"}
[2026-05-20 14:56:48] CH1 data: {"text": "\u706f"}
[2026-05-20 14:56:48] CH1 data: {"text": "\u8179"}
[2026-05-20 14:56:48] CH1 data: {"text": "\u7a84"}
[2026-05-20 14:56:48] CH1 data: {"text": "\uff0c"}
[2026-05-20 14:56:48] CH1 data: {"text": "\u94dc"}
[2026-05-20 14:56:48] CH1 data: {"text": "\u6263"}
[2026-05-20 14:56:48] CH1 data: {"text": "\u671d"}
[2026-05-20 14:56:48] CH1 data: {"text": "\u91cc"}
[2026-05-20 14:56:48] CH1 data: {"text": "\uff0c"}
[2026-05-20 14:56:48] CH1 data: {"text": "\u79bb"}
[2026-05-20 14:56:48] CH1 data: {"text": "\u6a90"}
[2026-05-20 14:56:48] CH1 data: {"text": "\u6c34"}
[2026-05-20 14:56:48] CH1 data: {"text": "\u53ea"}
[2026-05-20 14:56:48] CH1 data: {"text": "\u5dee"}
[2026-05-20 14:56:48] CH1 data: {"text": "\u4e00"}
[2026-05-20 14:56:48] CH1 data: {"text": "\u6307"}
[2026-05-20 14:56:48] CH1 data: {"text": "\uff0c"}
[2026-05-20 14:56:48] CH1 data: {"text": "\u6302"}
[2026-05-20 14:56:48] CH1 data: {"text": "\u5f97"}
[2026-05-20 14:56:48] CH1 data: {"text": "\u7a33"}
[2026-05-20 14:56:48] CH1 data: {"text": "\uff0c"}
[2026-05-20 14:56:48] CH1 data: {"text": "\u4f4d\u7f6e"}
[2026-05-20 14:56:48] CH1 data: {"text": "\u8fd8"}
[2026-05-20 14:56:48] CH1 data: {"text": "\u6b63"}
[2026-05-20 14:56:48] CH1 data: {"text": "\u597d"}
[2026-05-20 14:56:48] CH1 data: {"text": "\u7167"}
[2026-05-20 14:56:48] CH1 data: {"text": "\u7740"}
[2026-05-20 14:56:49] CH1 data: {"text": "\u5c38"}
[2026-05-20 14:56:49] CH1 data: {"text": "\u8eab"}
[2026-05-20 14:56:49] CH1 data: {"text": "\u4fa7"}
[2026-05-20 14:56:49] CH1 data: {"text": "\u8138"}
[2026-05-20 14:56:49] CH1 data: {"text": "\u3002"}
[2026-05-20 14:56:49] CH1 data: {"text": "\u4e0d\u662f"}
[2026-05-20 14:56:49] CH1 data: {"text": "\u968f"}
[2026-05-20 14:56:49] CH1 data: {"text": "\u624b"}
[2026-05-20 14:56:49] CH1 data: {"text": "\u4e00"}
[2026-05-20 14:56:49] CH1 data: {"text": "\u62f4"}
[2026-05-20 14:56:49] CH1 data: {"text": "\u3002"}
[2026-05-20 14:56:49] CH1 data: {"text": "\u706b"}
[2026-05-20 14:56:49] CH1 data: {"text": "\u8fb9"}
[2026-05-20 14:56:49] CH1 data: {"text": "\u5df2\u7ecf"}
[2026-05-20 14:56:49] CH1 data: {"text": "\u79ef"}
[2026-05-20 14:56:49] CH1 data: {"text": "\u4e86\u4e00"}
[2026-05-20 14:56:49] CH1 data: {"text": "\u5708"}
[2026-05-20 14:56:49] CH1 data: {"text": "\u7ec6"}
[2026-05-20 14:56:49] CH1 data: {"text": "\u7070"}
[2026-05-20 14:56:49] CH1 data: {"text": "\uff0c"}
[2026-05-20 14:56:49] CH1 data: {"text": "\u96e8"}
[2026-05-20 14:56:49] CH1 data: {"text": "\u591c"}
[2026-05-20 14:56:49] CH1 data: {"text": "\u91cc"}
[2026-05-20 14:56:49] CH1 data: {"text": "\u6700"}
[2026-05-20 14:56:49] CH1 data: {"text": "\u7981"}
[2026-05-20 14:56:49] CH1 data: {"text": "\u60ca"}
[2026-05-20 14:56:49] CH1 data: {"text": "\u52a8"}
[2026-05-20 14:56:49] CH1 data: {"text": "\uff0c"}
[2026-05-20 14:56:49] CH1 data: {"text": "\u78b0"}
[2026-05-20 14:56:49] CH1 data: {"text": "\u6563"}
[2026-05-20 14:56:49] CH1 data: {"text": "\u4e86"}
[2026-05-20 14:56:49] CH1 data: {"text": "\uff0c"}
[2026-05-20 14:56:49] CH1 data: {"text": "\u8fde"}
[2026-05-20 14:56:49] CH1 data: {"text": "\u5b83"}
[2026-05-20 14:56:49] CH1 data: {"text": "\u662f"}
[2026-05-20 14:56:49] CH1 data: {"text": "\u600e\u4e48"}
[2026-05-20 14:56:49] CH1 data: {"text": "\u70b9"}
[2026-05-20 14:56:49] CH1 data: {"text": "\u8d77\u6765"}
[2026-05-20 14:56:49] CH1 data: {"text": "\u7684"}
[2026-05-20 14:56:49] CH1 data: {"text": "\u90fd"}
[2026-05-20 14:56:49] CH1 data: {"text": "\u66f4"}
[2026-05-20 14:56:49] CH1 data: {"text": "\u96be"}
[2026-05-20 14:56:49] CH1 data: {"text": "\u8bf4"}
[2026-05-20 14:56:49] CH1 data: {"text": "\u3002"}
[2026-05-20 14:56:49] CH1 data: {"text": "\u6c88"}
[2026-05-20 14:56:49] CH1 data: {"text": "\u7167"}
[2026-05-20 14:56:49] CH1 data: {"text": "\u628a"}
[2026-05-20 14:56:49] CH1 data: {"text": "\u4f38"}
[2026-05-20 14:56:49] CH1 data: {"text": "\u51fa\u53bb"}
[2026-05-20 14:56:49] CH1 data: {"text": "\u7684"}
[2026-05-20 14:56:49] CH1 data: {"text": "\u624b"}
[2026-05-20 14:56:49] CH1 data: {"text": "\u6536"}
[2026-05-20 14:56:49] CH1 data: {"text": "\u56de"}
[2026-05-20 14:56:49] CH1 data: {"text": "\u8896"}
[2026-05-20 14:56:50] CH1 data: {"text": "\u4e2d"}
[2026-05-20 14:56:50] CH1 data: {"text": "\uff0c"}
[2026-05-20 14:56:50] CH1 data: {"text": "\u9f3b"}
[2026-05-20 14:56:50] CH1 data: {"text": "\u7aef"}
[2026-05-20 14:56:50] CH1 data: {"text": "\u53ea"}
[2026-05-20 14:56:50] CH1 data: {"text": "\u7559\u4e0b"}
[2026-05-20 14:56:50] CH1 data: {"text": "\u6f6e"}
[2026-05-20 14:56:50] CH1 data: {"text": "\u6728"}
[2026-05-20 14:56:50] CH1 data: {"text": "\u548c"}
[2026-05-20 14:56:50] CH1 data: {"text": "\u706f"}
[2026-05-20 14:56:50] CH1 data: {"text": "\u6cb9"}
[2026-05-20 14:56:50] CH1 data: {"text": "\u6df7"}
[2026-05-20 14:56:50] CH1 data: {"text": "\u5728"}
[2026-05-20 14:56:50] CH1 data: {"text": "\u4e00\u8d77"}
[2026-05-20 14:56:50] CH1 data: {"text": "\u7684"}
[2026-05-20 14:56:50] CH1 data: {"text": "\u51b7"}
[2026-05-20 14:56:50] CH1 data: {"text": "\u5473"}
[2026-05-20 14:56:50] CH1 data: {"text": "\u3002\n\n"}
[2026-05-20 14:56:50] CH1 data: {"text": "\u5148"}
[2026-05-20 14:56:50] CH1 data: {"text": "\u8bb0"}
[2026-05-20 14:56:50] CH1 data: {"text": "\u4f4f"}
[2026-05-20 14:56:50] CH1 data: {"text": "\u3002"}
[2026-05-20 14:56:50] CH1 data: {"text": "\u4e0d\u80fd"}
[2026-05-20 14:56:50] CH1 data: {"text": "\u5148"}
[2026-05-20 14:56:50] CH1 data: {"text": "\u52a8"}
[2026-05-20 14:56:50] CH1 data: {"text": "\u3002\n\n"}
[2026-05-20 14:56:50] CH1 data: {"text": "\u6309"}
[2026-05-20 14:56:50] CH1 data: {"text": "\u89c4"}
[2026-05-20 14:56:50] CH1 data: {"text": "\u77e9"}
[2026-05-20 14:56:50] CH1 data: {"text": "\uff0c\u4ed6"}
[2026-05-20 14:56:50] CH1 data: {"text": "\u8be5"}
[2026-05-20 14:56:50] CH1 data: {"text": "\u5439"}
[2026-05-20 14:56:50] CH1 data: {"text": "\u54e8"}
[2026-05-20 14:56:50] CH1 data: {"text": "\u53eb"}
[2026-05-20 14:56:50] CH1 data: {"text": "\u8fd1"}
[2026-05-20 14:56:50] CH1 data: {"text": "\u574a"}
[2026-05-20 14:56:50] CH1 data: {"text": "\u5dee"}
[2026-05-20 14:56:50] CH1 data: {"text": "\u5f79"}
[2026-05-20 14:56:50] CH1 data: {"text": "\u3002"}
[2026-05-20 14:56:50] CH1 data: {"text": "\u53ef"}
[2026-05-20 14:56:50] CH1 data: {"text": "\u5317"}
[2026-05-20 14:56:50] CH1 data: {"text": "\u57ce"}
[2026-05-20 14:56:50] CH1 data: {"text": "\u8fd9\u4e00"}
[2026-05-20 14:56:50] CH1 data: {"text": "\u6bb5"}
[2026-05-20 14:56:50] CH1 data: {"text": "\u591c"}
[2026-05-20 14:56:50] CH1 data: {"text": "\u91cc"}
[2026-05-20 14:56:50] CH1 data: {"text": "\u4eba"}
[2026-05-20 14:56:50] CH1 data: {"text": "\u7a00"}
[2026-05-20 14:56:50] CH1 data: {"text": "\uff0c"}
[2026-05-20 14:56:50] CH1 data: {"text": "\u6700\u8fd1"}
[2026-05-20 14:56:50] CH1 data: {"text": "\u7684"}
[2026-05-20 14:56:50] CH1 data: {"text": "\u5de1"}
[2026-05-20 14:56:50] CH1 data: {"text": "\u5352"}
[2026-05-20 14:56:50] CH1 data: {"text": "\u4e5f"}
[2026-05-20 14:56:50] CH1 data: {"text": "\u9694"}
[2026-05-20 14:56:51] CH1 data: {"text": "\u7740"}
[2026-05-20 14:56:51] CH1 data: {"text": "\u4e24"}
[2026-05-20 14:56:51] CH1 data: {"text": "\u6761"}
[2026-05-20 14:56:51] CH1 data: {"text": "\u8857"}
[2026-05-20 14:56:51] CH1 data: {"text": "\uff1b"}
[2026-05-20 14:56:51] CH1 data: {"text": "\u4ed6"}
[2026-05-20 14:56:51] CH1 data: {"text": "\u4e00"}
[2026-05-20 14:56:51] CH1 data: {"text": "\u53bb"}
[2026-05-20 14:56:51] CH1 data: {"text": "\u4e00"}
[2026-05-20 14:56:51] CH1 data: {"text": "\u56de"}
[2026-05-20 14:56:51] CH1 data: {"text": "\uff0c"}
[2026-05-20 14:56:51] CH1 data: {"text": "\u706f"}
[2026-05-20 14:56:51] CH1 data: {"text": "\u548c"}
[2026-05-20 14:56:51] CH1 data: {"text": "\u5c38"}
[2026-05-20 14:56:51] CH1 data: {"text": "\u5c31"}
[2026-05-20 14:56:51] CH1 data: {"text": "\u5f97"}
[2026-05-20 14:56:51] CH1 data: {"text": "\u5355"}
[2026-05-20 14:56:51] CH1 data: {"text": "\u72ec"}
[2026-05-20 14:56:51] CH1 data: {"text": "\u7559"}
[2026-05-20 14:56:51] CH1 data: {"text": "\u5728"}
[2026-05-20 14:56:51] CH1 data: {"text": "\u96e8"}
[2026-05-20 14:56:51] CH1 data: {"text": "\u91cc"}
[2026-05-20 14:56:51] CH1 data: {"text": "\u3002"}
[2026-05-20 14:56:51] CH1 data: {"text": "\u773c"}
[2026-05-20 14:56:51] CH1 data: {"text": "\u4e0b"}
[2026-05-20 14:56:51] CH1 data: {"text": "\u4ed6"}
[2026-05-20 14:56:51] CH1 data: {"text": "\u624b"}
[2026-05-20 14:56:51] CH1 data: {"text": "\u91cc"}
[2026-05-20 14:56:51] CH1 data: {"text": "\u53ea\u6709"}
[2026-05-20 14:56:51] CH1 data: {"text": "\u5148"}
[2026-05-20 14:56:51] CH1 data: {"text": "\u5230"}
[2026-05-20 14:56:51] CH1 data: {"text": "\u4e00\u6b65"}
[2026-05-20 14:56:51] CH1 data: {"text": "\u7684"}
[2026-05-20 14:56:51] CH1 data: {"text": "\u4fbf"}
[2026-05-20 14:56:51] CH1 data: {"text": "\u5b9c"}
[2026-05-20 14:56:51] CH1 data: {"text": "\uff0c\u6ca1\u6709"}
[2026-05-20 14:56:51] CH1 data: {"text": "\u5b9a"}
[2026-05-20 14:56:51] CH1 data: {"text": "\u6848"}
[2026-05-20 14:56:51] CH1 data: {"text": "\u7684"}
[2026-05-20 14:56:51] CH1 data: {"text": "\u6743"}
[2026-05-20 14:56:51] CH1 data: {"text": "\uff0c\u4e5f"}
[2026-05-20 14:56:51] CH1 data: {"text": "\u6ca1\u6709"}
[2026-05-20 14:56:51] CH1 data: {"text": "\u7b2c\u4e8c"}
[2026-05-20 14:56:51] CH1 data: {"text": "\u53cc"}
[2026-05-20 14:56:51] CH1 data: {"text": "\u773c"}
[2026-05-20 14:56:51] CH1 data: {"text": "\u4f5c"}
[2026-05-20 14:56:51] CH1 data: {"text": "\u8bc1"}
[2026-05-20 14:56:51] CH1 data: {"text": "\u3002"}
[2026-05-20 14:56:51] CH1 data: {"text": "\u80fd"}
[2026-05-20 14:56:51] CH1 data: {"text": "\u505a"}
[2026-05-20 14:56:51] CH1 data: {"text": "\u7684"}
[2026-05-20 14:56:51] CH1 data: {"text": "\uff0c"}
[2026-05-20 14:56:51] CH1 data: {"text": "\u53ea\u6709"}
[2026-05-20 14:56:51] CH1 data: {"text": "\u5148"}
[2026-05-20 14:56:51] CH1 data: {"text": "\u5b88"}
[2026-05-20 14:56:52] CH1 data: {"text": "\u4f4f"}
[2026-05-20 14:56:52] CH1 data: {"text": "\u3002\n\n"}
[2026-05-20 14:56:52] CH1 data: {"text": "\u5df7"}
[2026-05-20 14:56:52] CH1 data: {"text": "\u5b50"}
[2026-05-20 14:56:52] CH1 data: {"text": "\u9759"}
[2026-05-20 14:56:52] CH1 data: {"text": "\u5f97"}
[2026-05-20 14:56:52] CH1 data: {"text": "\u53cd"}
[2026-05-20 14:56:52] CH1 data: {"text": "\u5e38"}
[2026-05-20 14:56:52] CH1 data: {"text": "\u3002"}
[2026-05-20 14:56:52] CH1 data: {"text": "\u6ca1\u6709"}
[2026-05-20 14:56:52] CH1 data: {"text": "\u7ffb"}
[2026-05-20 14:56:52] CH1 data: {"text": "\u627e"}
[2026-05-20 14:56:52] CH1 data: {"text": "\u540e\u7684"}
[2026-05-20 14:56:52] CH1 data: {"text": "\u4e71"}
[2026-05-20 14:56:52] CH1 data: {"text": "\uff0c\u6ca1\u6709"}
[2026-05-20 14:56:52] CH1 data: {"text": "\u6251"}
[2026-05-20 14:56:52] CH1 data: {"text": "\u6740"}
[2026-05-20 14:56:52] CH1 data: {"text": "\u7559\u4e0b"}
[2026-05-20 14:56:52] CH1 data: {"text": "\u7684"}
[2026-05-20 14:56:52] CH1 data: {"text": "\u6293"}
[2026-05-20 14:56:52] CH1 data: {"text": "\u88c2"}
[2026-05-20 14:56:52] CH1 data: {"text": "\u8840"}
[2026-05-20 14:56:52] CH1 data: {"text": "\u62d6"}
[2026-05-20 14:56:52] CH1 data: {"text": "\uff0c"}
[2026-05-20 14:56:52] CH1 data: {"text": "\u53ea\u6709"}
[2026-05-20 14:56:52] CH1 data: {"text": "\u4e00"}
[2026-05-20 14:56:52] CH1 data: {"text": "\u76cf"}
[2026-05-20 14:56:52] CH1 data: {"text": "\u4e0d"}
[2026-05-20 14:56:52] CH1 data: {"text": "\u8be5"}
[2026-05-20 14:56:52] CH1 data: {"text": "\u4eae"}
[2026-05-20 14:56:52] CH1 data: {"text": "\u7684"}
[2026-05-20 14:56:52] CH1 data: {"text": "\u9b42"}
[2026-05-20 14:56:52] CH1 data: {"text": "\u706f"}
[2026-05-20 14:56:52] CH1 data: {"text": "\uff0c"}
[2026-05-20 14:56:52] CH1 data: {"text": "\u548c"}
[2026-05-20 14:56:52] CH1 data: {"text": "\u4e00\u4e2a"}
[2026-05-20 14:56:52] CH1 data: {"text": "\u88ab"}
[2026-05-20 14:56:52] CH1 data: {"text": "\u5b89"}
[2026-05-20 14:56:52] CH1 data: {"text": "\u5728"}
[2026-05-20 14:56:52] CH1 data: {"text": "\u706f"}
[2026-05-20 14:56:52] CH1 data: {"text": "\u4e0b"}
[2026-05-20 14:56:52] CH1 data: {"text": "\u7684"}
[2026-05-20 14:56:52] CH1 data: {"text": "\u8dea"}
[2026-05-20 14:56:52] CH1 data: {"text": "\u5c38"}
[2026-05-20 14:56:52] CH1 data: {"text": "\u3002"}
[2026-05-20 14:56:52] CH1 data: {"text": "\u50cf"}
[2026-05-20 14:56:52] CH1 data: {"text": "\u662f"}
[2026-05-20 14:56:52] CH1 data: {"text": "\u6709\u4eba"}
[2026-05-20 14:56:52] CH1 data: {"text": "\u6545"}
[2026-05-20 14:56:52] CH1 data: {"text": "\u610f"}
[2026-05-20 14:56:52] CH1 data: {"text": "\u6446"}
[2026-05-20 14:56:52] CH1 data: {"text": "\u7ed9"}
[2026-05-20 14:56:53] CH1 data: {"text": "\u540e\u6765"}
[2026-05-20 14:56:53] CH1 data: {"text": "\u7684\u4eba"}
[2026-05-20 14:56:53] CH1 data: {"text": "\u770b"}
[2026-05-20 14:56:53] CH1 data: {"text": "\u3002"}
[2026-05-20 14:56:53] CH1 data: {"text": "\u662f\u4e0d\u662f"}
[2026-05-20 14:56:53] CH1 data: {"text": "\u5996"}
[2026-05-20 14:56:53] CH1 data: {"text": "\uff0c"}
[2026-05-20 14:56:53] CH1 data: {"text": "\u773c"}
[2026-05-20 14:56:53] CH1 data: {"text": "\u4e0b"}
[2026-05-20 14:56:53] CH1 data: {"text": "\u8bf4"}
[2026-05-20 14:56:53] CH1 data: {"text": "\u4e0d"}
[2026-05-20 14:56:53] CH1 data: {"text": "\u51c6"}
[2026-05-20 14:56:53] CH1 data: {"text": "\uff1b"}
[2026-05-20 14:56:53] CH1 data: {"text": "\u4e0d\u50cf"}
[2026-05-20 14:56:53] CH1 data: {"text": "\u5bfb"}
[2026-05-20 14:56:53] CH1 data: {"text": "\u5e38"}
[2026-05-20 14:56:53] CH1 data: {"text": "\u4e71"}
[2026-05-20 14:56:53] CH1 data: {"text": "\u8c61"}
[2026-05-20 14:56:53] CH1 data: {"text": "\uff0c\u8fd9"}
[2026-05-20 14:56:53] CH1 data: {"text": "\u4e00\u70b9"}
[2026-05-20 14:56:53] CH1 data: {"text": "\u5df2"}
[2026-05-20 14:56:53] CH1 data: {"text": "\u591f"}
[2026-05-20 14:56:53] CH1 data: {"text": "\u6e05"}
[2026-05-20 14:56:53] CH1 data: {"text": "\u695a"}
[2026-05-20 14:56:53] CH1 data: {"text": "\u3002"}
[2026-05-20 14:56:53] CH1 data: {"text": "\u6c88"}
[2026-05-20 14:56:53] CH1 data: {"text": "\u7167"}
[2026-05-20 14:56:53] CH1 data: {"text": "\u4fa7"}
[2026-05-20 14:56:53] CH1 data: {"text": "\u8fc7"}
[2026-05-20 14:56:53] CH1 data: {"text": "\u8eab"}
[2026-05-20 14:56:53] CH1 data: {"text": "\uff0c"}
[2026-05-20 14:56:53] CH1 data: {"text": "\u7ad9"}
[2026-05-20 14:56:53] CH1 data: {"text": "\u5230"}
[2026-05-20 14:56:53] CH1 data: {"text": "\u5df7"}
[2026-05-20 14:56:53] CH1 data: {"text": "\u53e3"}
[2026-05-20 14:56:53] CH1 data: {"text": "\u5916"}
[2026-05-20 14:56:53] CH1 data: {"text": "\u534a"}
[2026-05-20 14:56:53] CH1 data: {"text": "\u6b65"}
[2026-05-20 14:56:53] CH1 data: {"text": "\uff0c\u4e00"}
[2026-05-20 14:56:53] CH1 data: {"text": "\u773c"}
[2026-05-20 14:56:53] CH1 data: {"text": "\u76ef"}
[2026-05-20 14:56:53] CH1 data: {"text": "\u706f"}
[2026-05-20 14:56:53] CH1 data: {"text": "\uff0c\u4e00"}
[2026-05-20 14:56:53] CH1 data: {"text": "\u773c"}
[2026-05-20 14:56:53] CH1 data: {"text": "\u770b"}
[2026-05-20 14:56:53] CH1 data: {"text": "\u8857"}
[2026-05-20 14:56:53] CH1 data: {"text": "\uff0c"}
[2026-05-20 14:56:53] CH1 data: {"text": "\u53f3"}
[2026-05-20 14:56:53] CH1 data: {"text": "\u624b"}
[2026-05-20 14:56:53] CH1 data: {"text": "\u538b"}
[2026-05-20 14:56:53] CH1 data: {"text": "\u4f4f"}
[2026-05-20 14:56:53] CH1 data: {"text": "\u5200"}
[2026-05-20 14:56:54] CH1 data: {"text": "\u9798"}
[2026-05-20 14:56:54] CH1 data: {"text": "\uff0c"}
[2026-05-20 14:56:54] CH1 data: {"text": "\u7b49"}
[2026-05-20 14:56:54] CH1 data: {"text": "\u4e0b"}
[2026-05-20 14:56:54] CH1 data: {"text": "\u4e00\u4e2a"}
[2026-05-20 14:56:54] CH1 data: {"text": "\u5230"}
[2026-05-20 14:56:54] CH1 data: {"text": "\u573a"}
[2026-05-20 14:56:54] CH1 data: {"text": "\u7684\u4eba"}
[2026-05-20 14:56:54] CH1 data: {"text": "\u3002\n\n"}
[2026-05-20 14:56:54] CH1 data: {"text": "\u96e8"}
[2026-05-20 14:56:54] CH1 data: {"text": "\u58f0"}
[2026-05-20 14:56:54] CH1 data: {"text": "\u91cc"}
[2026-05-20 14:56:54] CH1 data: {"text": "\uff0c"}
[2026-05-20 14:56:54] CH1 data: {"text": "\u5ffd"}
[2026-05-20 14:56:54] CH1 data: {"text": "\u7136"}
[2026-05-20 14:56:54] CH1 data: {"text": "\u4f20"}
[2026-05-20 14:56:54] CH1 data: {"text": "\u6765"}
[2026-05-20 14:56:54] CH1 data: {"text": "\u7a7a"}
[2026-05-20 14:56:54] CH1 data: {"text": "\u6728"}
[2026-05-20 14:56:54] CH1 data: {"text": "\u76f8"}
[2026-05-20 14:56:54] CH1 data: {"text": "\u51fb"}
[2026-05-20 14:56:54] CH1 data: {"text": "\u3002\n\n"}
[2026-05-20 14:56:54] CH1 data: {"text": "\u6886"}
[2026-05-20 14:56:54] CH1 data: {"text": "\u3002\n\n"}
[2026-05-20 14:56:54] CH1 data: {"text": "\u9694"}
[2026-05-20 14:56:54] CH1 data: {"text": "\u4e86\u4e00"}
[2026-05-20 14:56:54] CH1 data: {"text": "\u8857"}
[2026-05-20 14:56:54] CH1 data: {"text": "\uff0c\u53c8"}
[2026-05-20 14:56:54] CH1 data: {"text": "\u662f"}
[2026-05-20 14:56:54] CH1 data: {"text": "\u4e00\u4e0b"}
[2026-05-20 14:56:54] CH1 data: {"text": "\u3002\n\n"}
[2026-05-20 14:56:54] CH1 data: {"text": "\u6886"}
[2026-05-20 14:56:54] CH1 data: {"text": "\u3002\n\n"}
[2026-05-20 14:56:54] CH1 data: {"text": "\u58f0\u97f3"}
[2026-05-20 14:56:54] CH1 data: {"text": "\u6cbf"}
[2026-05-20 14:56:54] CH1 data: {"text": "\u7740"}
[2026-05-20 14:56:54] CH1 data: {"text": "\u5317"}
[2026-05-20 14:56:54] CH1 data: {"text": "\u57ce"}
[2026-05-20 14:56:54] CH1 data: {"text": "\u66f4"}
[2026-05-20 14:56:54] CH1 data: {"text": "\u8def"}
[2026-05-20 14:56:54] CH1 data: {"text": "\u6324"}
[2026-05-20 14:56:54] CH1 data: {"text": "\u8fc7"}
[2026-05-20 14:56:54] CH1 data: {"text": "\u6765"}
[2026-05-20 14:56:54] CH1 data: {"text": "\uff0c"}
[2026-05-20 14:56:54] CH1 data: {"text": "\u8d8a\u6765\u8d8a"}
[2026-05-20 14:56:54] CH1 data: {"text": "\u8fd1"}
[2026-05-20 14:56:54] CH1 data: {"text": "\uff0c"}
[2026-05-20 14:56:54] CH1 data: {"text": "\u6b63"}
[2026-05-20 14:56:54] CH1 data: {"text": "\u671d"}
[2026-05-20 14:56:54] CH1 data: {"text": "\u8fd9"}
[2026-05-20 14:56:54] CH1 data: {"text": "\u6761"}
[2026-05-20 14:56:55] CH1 data: {"text": "\u5df7"}
[2026-05-20 14:56:55] CH1 data: {"text": "\u5b50"}
[2026-05-20 14:56:55] CH1 data: {"text": "\u8f6c"}
[2026-05-20 14:56:55] CH1 data: {"text": "\u3002"}
[2026-05-20 14:56:55] CH1 data: {"text": "\n\n"}
[2026-05-20 14:59:12] CH1 data: {"text": "\u6886"}
[2026-05-20 14:59:12] CH1 data: {"text": "\u58f0"}
[2026-05-20 14:59:12] CH1 data: {"text": "\u62d0"}
[2026-05-20 14:59:12] CH1 data: {"text": "\u8fc7"}
[2026-05-20 14:59:12] CH1 data: {"text": "\u8857"}
[2026-05-20 14:59:12] CH1 data: {"text": "\u89d2"}
[2026-05-20 14:59:12] CH1 data: {"text": "\uff0c"}
[2026-05-20 14:59:12] CH1 data: {"text": "\u5148"}
[2026-05-20 14:59:12] CH1 data: {"text": "\u6643"}
[2026-05-20 14:59:12] CH1 data: {"text": "\u8fdb"}
[2026-05-20 14:59:12] CH1 data: {"text": "\u6765"}
[2026-05-20 14:59:12] CH1 data: {"text": "\u4e00"}
[2026-05-20 14:59:12] CH1 data: {"text": "\u622a"}
[2026-05-20 14:59:12] CH1 data: {"text": "\u6e7f"}
[2026-05-20 14:59:12] CH1 data: {"text": "\u6728"}
[2026-05-20 14:59:12] CH1 data: {"text": "\u3002"}
[2026-05-20 14:59:12] CH1 data: {"text": "\u4eba"}
[2026-05-20 14:59:12] CH1 data: {"text": "\u8fd8"}
[2026-05-20 14:59:12] CH1 data: {"text": "\u6ca1"}
[2026-05-20 14:59:12] CH1 data: {"text": "\u5168"}
[2026-05-20 14:59:12] CH1 data: {"text": "\u8fdb"}
[2026-05-20 14:59:12] CH1 data: {"text": "\u5df7"}
[2026-05-20 14:59:12] CH1 data: {"text": "\uff0c"}
[2026-05-20 14:59:12] CH1 data: {"text": "\u6c88"}
[2026-05-20 14:59:12] CH1 data: {"text": "\u7167"}
[2026-05-20 14:59:12] CH1 data: {"text": "\u5df2\u7ecf"}
[2026-05-20 14:59:12] CH1 data: {"text": "\u5f00"}
[2026-05-20 14:59:12] CH1 data: {"text": "\u53e3"}
[2026-05-20 14:59:12] CH1 data: {"text": "\uff1a\u201c"}
[2026-05-20 14:59:12] CH1 data: {"text": "\u7ad9"}
[2026-05-20 14:59:12] CH1 data: {"text": "\u4f4f"}
[2026-05-20 14:59:12] CH1 data: {"text": "\u3002\u201d\n\n"}
[2026-05-20 14:59:12] CH1 data: {"text": "\u66f4"}
[2026-05-20 14:59:12] CH1 data: {"text": "\u592b"}
[2026-05-20 14:59:12] CH1 data: {"text": "\u88ab"}
[2026-05-20 14:59:12] CH1 data: {"text": "\u8fd9\u4e00"}
[2026-05-20 14:59:12] CH1 data: {"text": "\u58f0"}
[2026-05-20 14:59:12] CH1 data: {"text": "\u622a"}
[2026-05-20 14:59:12] CH1 data: {"text": "\u5728"}
[2026-05-20 14:59:12] CH1 data: {"text": "\u96e8"}
[2026-05-20 14:59:12] CH1 data: {"text": "\u91cc"}
[2026-05-20 14:59:12] CH1 data: {"text": "\uff0c"}
[2026-05-20 14:59:12] CH1 data: {"text": "\u811a"}
[2026-05-20 14:59:12] CH1 data: {"text": "\u540e"}
[2026-05-20 14:59:13] CH1 data: {"text": "\u8ddf"}
[2026-05-20 14:59:13] CH1 data: {"text": "\u6e85"}
[2026-05-20 14:59:13] CH1 data: {"text": "\u8d77"}
[2026-05-20 14:59:13] CH1 data: {"text": "\u534a"}
[2026-05-20 14:59:13] CH1 data: {"text": "\u5708"}
[2026-05-20 14:59:13] CH1 data: {"text": "\u6c34"}
[2026-05-20 14:59:13] CH1 data: {"text": "\u3002\u4ed6"}
[2026-05-20 14:59:13] CH1 data: {"text": "\u62ac"}
[2026-05-20 14:59:13] CH1 data: {"text": "\u5934"}
[2026-05-20 14:59:13] CH1 data: {"text": "\u770b"}
[2026-05-20 14:59:13] CH1 data: {"text": "\u89c1"}
[2026-05-20 14:59:13] CH1 data: {"text": "\u6a90"}
[2026-05-20 14:59:13] CH1 data: {"text": "\u4e0b"}
[2026-05-20 14:59:13] CH1 data: {"text": "\u7684"}
[2026-05-20 14:59:13] CH1 data: {"text": "\u706f"}
[2026-05-20 14:59:13] CH1 data: {"text": "\uff0c\u53c8"}
[2026-05-20 14:59:13] CH1 data: {"text": "\u770b"}
[2026-05-20 14:59:13] CH1 data: {"text": "\u89c1"}
[2026-05-20 14:59:13] CH1 data: {"text": "\u706f"}
[2026-05-20 14:59:13] CH1 data: {"text": "\u4e0b"}
[2026-05-20 14:59:13] CH1 data: {"text": "\u8dea"}
[2026-05-20 14:59:13] CH1 data: {"text": "\u7740"}
[2026-05-20 14:59:13] CH1 data: {"text": "\u7684\u4eba"}
[2026-05-20 14:59:13] CH1 data: {"text": "\uff0c"}
[2026-05-20 14:59:13] CH1 data: {"text": "\u5589"}
[2026-05-20 14:59:13] CH1 data: {"text": "\u5499"}
[2026-05-20 14:59:13] CH1 data: {"text": "\u91cc"}
[2026-05-20 14:59:13] CH1 data: {"text": "\u201c"}
[2026-05-20 14:59:13] CH1 data: {"text": "\u554a"}
[2026-05-20 14:59:13] CH1 data: {"text": "\u201d"}
[2026-05-20 14:59:13] CH1 data: {"text": "\u4e86"}
[2026-05-20 14:59:13] CH1 data: {"text": "\u534a"}
[2026-05-20 14:59:13] CH1 data: {"text": "\u622a"}
[2026-05-20 14:59:13] CH1 data: {"text": "\uff0c"}
[2026-05-20 14:59:13] CH1 data: {"text": "\u8138"}
[2026-05-20 14:59:13] CH1 data: {"text": "\u76ae"}
[2026-05-20 14:59:13] CH1 data: {"text": "\u5237"}
[2026-05-20 14:59:13] CH1 data: {"text": "\u5730"}
[2026-05-20 14:59:13] CH1 data: {"text": "\u767d"}
[2026-05-20 14:59:13] CH1 data: {"text": "\u4e86"}
[2026-05-20 14:59:13] CH1 data: {"text": "\uff0c"}
[2026-05-20 14:59:13] CH1 data: {"text": "\u6000"}
[2026-05-20 14:59:13] CH1 data: {"text": "\u91cc\u7684"}
[2026-05-20 14:59:13] CH1 data: {"text": "\u6886"}
[2026-05-20 14:59:13] CH1 data: {"text": "\u5b50"}
[2026-05-20 14:59:13] CH1 data: {"text": "\u5dee"}
[2026-05-20 14:59:13] CH1 data: {"text": "\u70b9"}
[2026-05-20 14:59:13] CH1 data: {"text": "\u8131"}
[2026-05-20 14:59:13] CH1 data: {"text": "\u624b"}
[2026-05-20 14:59:13] CH1 data: {"text": "\u3002\n\n"}
[2026-05-20 14:59:13] CH1 data: {"text": "\u201c"}
[2026-05-20 14:59:13] CH1 data: {"text": "\u522b"}
[2026-05-20 14:59:13] CH1 data: {"text": "\u53eb"}
[2026-05-20 14:59:13] CH1 data: {"text": "\u3002\u201d"}
[2026-05-20 14:59:13] CH1 data: {"text": "\u6c88"}
[2026-05-20 14:59:13] CH1 data: {"text": "\u7167"}
[2026-05-20 14:59:13] CH1 data: {"text": "\u4e0b"}
[2026-05-20 14:59:13] CH1 data: {"text": "\u5df4"}
[2026-05-20 14:59:13] CH1 data: {"text": "\u4e00\u70b9"}
[2026-05-20 14:59:13] CH1 data: {"text": "\uff0c"}
[2026-05-20 14:59:13] CH1 data: {"text": "\u6307"}
[2026-05-20 14:59:13] CH1 data: {"text": "\u5411"}
[2026-05-20 14:59:13] CH1 data: {"text": "\u5df7"}
[2026-05-20 14:59:13] CH1 data: {"text": "\u53e3"}
[2026-05-20 14:59:13] CH1 data: {"text": "\u8fb9"}
[2026-05-20 14:59:13] CH1 data: {"text": "\u4e00"}
[2026-05-20 14:59:13] CH1 data: {"text": "\u5757"}
[2026-05-20 14:59:13] CH1 data: {"text": "\u7ffb"}
[2026-05-20 14:59:13] CH1 data: {"text": "\u8d77"}
[2026-05-20 14:59:13] CH1 data: {"text": "\u7684"}
[2026-05-20 14:59:13] CH1 data: {"text": "\u9752"}
[2026-05-20 14:59:13] CH1 data: {"text": "\u7816"}
[2026-05-20 14:59:13] CH1 data: {"text": "\uff0c\u201c"}
[2026-05-20 14:59:13] CH1 data: {"text": "\u8e29"}
[2026-05-20 14:59:13] CH1 data: {"text": "\u90a3"}
[2026-05-20 14:59:13] CH1 data: {"text": "\u513f"}
[2026-05-20 14:59:13] CH1 data: {"text": "\u3002"}
[2026-05-20 14:59:13] CH1 data: {"text": "\u624b"}
[2026-05-20 14:59:13] CH1 data: {"text": "\u91cc\u7684"}
[2026-05-20 14:59:13] CH1 data: {"text": "\u4e1c\u897f"}
[2026-05-20 14:59:13] CH1 data: {"text": "\u522b"}
[2026-05-20 14:59:13] CH1 data: {"text": "\u653e"}
[2026-05-20 14:59:13] CH1 data: {"text": "\uff0c"}
[2026-05-20 14:59:13] CH1 data: {"text": "\u811a"}
[2026-05-20 14:59:13] CH1 data: {"text": "\u522b"}
[2026-05-20 14:59:13] CH1 data: {"text": "\u518d"}
[2026-05-20 14:59:13] CH1 data: {"text": "\u632a"}
[2026-05-20 14:59:13] CH1 data: {"text": "\u3002\u201d\n\n"}
[2026-05-20 14:59:13] CH1 data: {"text": "\u8001"}
[2026-05-20 14:59:13] CH1 data: {"text": "\u66f4"}
[2026-05-20 14:59:13] CH1 data: {"text": "\u592b"}
[2026-05-20 14:59:13] CH1 data: {"text": "\u5fd9"}
[2026-05-20 14:59:13] CH1 data: {"text": "\u4e0d"}
[2026-05-20 14:59:13] CH1 data: {"text": "\u8fed"}
[2026-05-20 14:59:13] CH1 data: {"text": "\u70b9"}
[2026-05-20 14:59:13] CH1 data: {"text": "\u5934"}
[2026-05-20 14:59:13] CH1 data: {"text": "\uff0c"}
[2026-05-20 14:59:13] CH1 data: {"text": "\u8eab"}
[2026-05-20 14:59:13] CH1 data: {"text": "\u5b50"}
[2026-05-20 14:59:14] CH1 data: {"text": "\u5374"}
[2026-05-20 14:59:14] CH1 data: {"text": "\u6296"}
[2026-05-20 14:59:14] CH1 data: {"text": "\u5f97"}
[2026-05-20 14:59:14] CH1 data: {"text": "\u5389"}
[2026-05-20 14:59:14] CH1 data: {"text": "\u5bb3"}
[2026-05-20 14:59:14] CH1 data: {"text": "\uff0c"}
[2026-05-20 14:59:14] CH1 data: {"text": "\u6728"}
[2026-05-20 14:59:14] CH1 data: {"text": "\u6886"}
[2026-05-20 14:59:14] CH1 data: {"text": "\u5728"}
[2026-05-20 14:59:14] CH1 data: {"text": "\u638c"}
[2026-05-20 14:59:14] CH1 data: {"text": "\u5fc3"}
[2026-05-20 14:59:14] CH1 data: {"text": "\u78d5"}
[2026-05-20 14:59:14] CH1 data: {"text": "\u51fa"}
[2026-05-20 14:59:14] CH1 data: {"text": "\u7ec6"}
[2026-05-20 14:59:14] CH1 data: {"text": "\u54cd"}
[2026-05-20 14:59:14] CH1 data: {"text": "\uff1a\u201c"}
[2026-05-20 14:59:14] CH1 data: {"text": "\u5b98"}
[2026-05-20 14:59:14] CH1 data: {"text": "\u7237"}
[2026-05-20 14:59:14] CH1 data: {"text": "\uff0c\u6211"}
[2026-05-20 14:59:14] CH1 data: {"text": "\u6309"}
[2026-05-20 14:59:14] CH1 data: {"text": "\u66f4"}
[2026-05-20 14:59:14] CH1 data: {"text": "\u8def"}
[2026-05-20 14:59:14] CH1 data: {"text": "\u8d70"}
[2026-05-20 14:59:14] CH1 data: {"text": "\u7684"}
[2026-05-20 14:59:14] CH1 data: {"text": "\uff0c\u6211"}
[2026-05-20 14:59:14] CH1 data: {"text": "\u624d"}
[2026-05-20 14:59:14] CH1 data: {"text": "\u5230"}
[2026-05-20 14:59:14] CH1 data: {"text": "\uff0c\u6211"}
[2026-05-20 14:59:14] CH1 data: {"text": "\u4ec0\u4e48"}
[2026-05-20 14:59:14] CH1 data: {"text": "\u90fd"}
[2026-05-20 14:59:14] CH1 data: {"text": "\u6ca1"}
[2026-05-20 14:59:14] CH1 data: {"text": "\u78b0"}
[2026-05-20 14:59:14] CH1 data: {"text": "\u3002"}
[2026-05-20 14:59:14] CH1 data: {"text": "\u706f"}
[2026-05-20 14:59:14] CH1 data: {"text": "\u4e5f"}
[2026-05-20 14:59:14] CH1 data: {"text": "\u6ca1"}
[2026-05-20 14:59:14] CH1 data: {"text": "\u78b0"}
[2026-05-20 14:59:14] CH1 data: {"text": "\uff0c\u4eba"}
[2026-05-20 14:59:14] CH1 data: {"text": "\u4e5f"}
[2026-05-20 14:59:14] CH1 data: {"text": "\u6ca1"}
[2026-05-20 14:59:14] CH1 data: {"text": "\u78b0"}
[2026-05-20 14:59:14] CH1 data: {"text": "\u3002\u201d\n\n"}
[2026-05-20 14:59:14] CH1 data: {"text": "\u201c"}
[2026-05-20 14:59:14] CH1 data: {"text": "\u6211"}
[2026-05-20 14:59:14] CH1 data: {"text": "\u77e5\u9053"}
[2026-05-20 14:59:14] CH1 data: {"text": "\u4f60"}
[2026-05-20 14:59:14] CH1 data: {"text": "\u521a"}
[2026-05-20 14:59:14] CH1 data: {"text": "\u5230"}
[2026-05-20 14:59:14] CH1 data: {"text": "\u3002\u201d"}
[2026-05-20 14:59:14] CH1 data: {"text": "\u6c88"}
[2026-05-20 14:59:14] CH1 data: {"text": "\u7167"}
[2026-05-20 14:59:14] CH1 data: {"text": "\u76ef"}
[2026-05-20 14:59:14] CH1 data: {"text": "\u4e86"}
[2026-05-20 14:59:14] CH1 data: {"text": "\u4ed6"}
[2026-05-20 14:59:14] CH1 data: {"text": "\u4e00"}
[2026-05-20 14:59:14] CH1 data: {"text": "\u773c"}
[2026-05-20 14:59:14] CH1 data: {"text": "\uff0c\u201c"}
[2026-05-20 14:59:14] CH1 data: {"text": "\u4f60"}
[2026-05-20 14:59:14] CH1 data: {"text": "\u4ece"}
[2026-05-20 14:59:14] CH1 data: {"text": "\u5317"}
[2026-05-20 14:59:14] CH1 data: {"text": "\u5f2f"}
[2026-05-20 14:59:14] CH1 data: {"text": "\u53e3"}
[2026-05-20 14:59:14] CH1 data: {"text": "\u8fc7"}
[2026-05-20 14:59:14] CH1 data: {"text": "\u6765"}
[2026-05-20 14:59:14] CH1 data: {"text": "\uff1f\u201d\n\n"}
[2026-05-20 14:59:14] CH1 data: {"text": "\u201c"}
[2026-05-20 14:59:14] CH1 data: {"text": "\u662f"}
[2026-05-20 14:59:14] CH1 data: {"text": "\uff0c\u662f"}
[2026-05-20 14:59:14] CH1 data: {"text": "\uff0c"}
[2026-05-20 14:59:14] CH1 data: {"text": "\u4e8c"}
[2026-05-20 14:59:14] CH1 data: {"text": "\u66f4"}
[2026-05-20 14:59:14] CH1 data: {"text": "\u540e"}
[2026-05-20 14:59:14] CH1 data: {"text": "\u624d"}
[2026-05-20 14:59:14] CH1 data: {"text": "\u6572"}
[2026-05-20 14:59:14] CH1 data: {"text": "\u5230"}
[2026-05-20 14:59:14] CH1 data: {"text": "\u90a3"}
[2026-05-20 14:59:14] CH1 data: {"text": "\u8fb9"}
[2026-05-20 14:59:14] CH1 data: {"text": "\uff0c"}
[2026-05-20 14:59:14] CH1 data: {"text": "\u542c"}
[2026-05-20 14:59:14] CH1 data: {"text": "\u89c1"}
[2026-05-20 14:59:14] CH1 data: {"text": "\u8fd9"}
[2026-05-20 14:59:14] CH1 data: {"text": "\u5df7"}
[2026-05-20 14:59:14] CH1 data: {"text": "\u91cc"}
[2026-05-20 14:59:14] CH1 data: {"text": "\u4e0d"}
[2026-05-20 14:59:14] CH1 data: {"text": "\u5bf9"}
[2026-05-20 14:59:14] CH1 data: {"text": "\u52b2"}
[2026-05-20 14:59:14] CH1 data: {"text": "\uff0c\u6211"}
[2026-05-20 14:59:14] CH1 data: {"text": "\u624d"}
[2026-05-20 14:59:14] CH1 data: {"text": "\u63a2"}
[2026-05-20 14:59:14] CH1 data: {"text": "\u5934"}
[2026-05-20 14:59:14] CH1 data: {"text": "\u3002\u201d\n\n"}
[2026-05-20 14:59:14] CH1 data: {"text": "\u201c"}
[2026-05-20 14:59:14] CH1 data: {"text": "\u90a3"}
[2026-05-20 14:59:14] CH1 data: {"text": "\u5c31"}
[2026-05-20 14:59:14] CH1 data: {"text": "\u628a"}
[2026-05-20 14:59:14] CH1 data: {"text": "\u5634"}
[2026-05-20 14:59:14] CH1 data: {"text": "\u6536"}
[2026-05-20 14:59:14] CH1 data: {"text": "\u4f4f"}
[2026-05-20 14:59:14] CH1 data: {"text": "\uff0c\u628a"}
[2026-05-20 14:59:14] CH1 data: {"text": "\u773c"}
[2026-05-20 14:59:14] CH1 data: {"text": "\u7741"}
[2026-05-20 14:59:14] CH1 data: {"text": "\u7740"}
[2026-05-20 14:59:14] CH1 data: {"text": "\u3002\u201d"}
[2026-05-20 14:59:14] CH1 data: {"text": "\u6c88"}
[2026-05-20 14:59:14] CH1 data: {"text": "\u7167"}
[2026-05-20 14:59:15] CH1 data: {"text": "\u8bf4"}
[2026-05-20 14:59:15] CH1 data: {"text": "\uff0c\u201c"}
[2026-05-20 14:59:15] CH1 data: {"text": "\u770b"}
[2026-05-20 14:59:15] CH1 data: {"text": "\u6e05"}
[2026-05-20 14:59:15] CH1 data: {"text": "\u6211"}
[2026-05-20 14:59:15] CH1 data: {"text": "\u600e\u4e48"}
[2026-05-20 14:59:15] CH1 data: {"text": "\u67e5"}
[2026-05-20 14:59:15] CH1 data: {"text": "\u3002"}
[2026-05-20 14:59:15] CH1 data: {"text": "\u56de"}
[2026-05-20 14:59:15] CH1 data: {"text": "\u5934"}
[2026-05-20 14:59:15] CH1 data: {"text": "\u82e5"}
[2026-05-20 14:59:15] CH1 data: {"text": "\u6709\u4eba"}
[2026-05-20 14:59:15] CH1 data: {"text": "\u95ee"}
[2026-05-20 14:59:15] CH1 data: {"text": "\uff0c\u4f60"}
[2026-05-20 14:59:15] CH1 data: {"text": "\u53ea"}
[2026-05-20 14:59:15] CH1 data: {"text": "\u8bf4"}
[2026-05-20 14:59:15] CH1 data: {"text": "\u4f60"}
[2026-05-20 14:59:15] CH1 data: {"text": "\u4f55"}
[2026-05-20 14:59:15] CH1 data: {"text": "\u65f6"}
[2026-05-20 14:59:15] CH1 data: {"text": "\u5230"}
[2026-05-20 14:59:15] CH1 data: {"text": "\u3001"}
[2026-05-20 14:59:15] CH1 data: {"text": "\u7ad9"}
[2026-05-20 14:59:15] CH1 data: {"text": "\u54ea"}
[2026-05-20 14:59:15] CH1 data: {"text": "\u513f"}
[2026-05-20 14:59:15] CH1 data: {"text": "\u3001"}
[2026-05-20 14:59:15] CH1 data: {"text": "\u770b"}
[2026-05-20 14:59:15] CH1 data: {"text": "\u89c1"}
[2026-05-20 14:59:15] CH1 data: {"text": "\u4ec0\u4e48"}
[2026-05-20 14:59:15] CH1 data: {"text": "\u3002"}
[2026-05-20 14:59:15] CH1 data: {"text": "\u522b"}
[2026-05-20 14:59:15] CH1 data: {"text": "\u6dfb"}
[2026-05-20 14:59:15] CH1 data: {"text": "\u4e00\u53e5"}
[2026-05-20 14:59:15] CH1 data: {"text": "\u3002\u201d\n\n"}
[2026-05-20 14:59:15] CH1 data: {"text": "\u66f4"}
[2026-05-20 14:59:15] CH1 data: {"text": "\u592b"}
[2026-05-20 14:59:15] CH1 data: {"text": "\u7528"}
[2026-05-20 14:59:15] CH1 data: {"text": "\u529b"}
[2026-05-20 14:59:15] CH1 data: {"text": "\u54bd"}
[2026-05-20 14:59:15] CH1 data: {"text": "\u4e86"}
[2026-05-20 14:59:15] CH1 data: {"text": "\u53e3"}
[2026-05-20 14:59:15] CH1 data: {"text": "\u553e"}
[2026-05-20 14:59:15] CH1 data: {"text": "\u6cab"}
[2026-05-20 14:59:15] CH1 data: {"text": "\uff0c"}
[2026-05-20 14:59:15] CH1 data: {"text": "\u8e29"}
[2026-05-20 14:59:15] CH1 data: {"text": "\u5728"}
[2026-05-20 14:59:15] CH1 data: {"text": "\u90a3"}
[2026-05-20 14:59:15] CH1 data: {"text": "\u5757"}
[2026-05-20 14:59:15] CH1 data: {"text": "\u9752"}
[2026-05-20 14:59:15] CH1 data: {"text": "\u7816"}
[2026-05-20 14:59:15] CH1 data: {"text": "\u4e0a"}
[2026-05-20 14:59:15] CH1 data: {"text": "\uff0c\u518d"}
[2026-05-20 14:59:15] CH1 data: {"text": "\u4e0d"}
[2026-05-20 14:59:15] CH1 data: {"text": "\u6562"}
[2026-05-20 14:59:15] CH1 data: {"text": "\u524d"}
[2026-05-20 14:59:15] CH1 data: {"text": "\u3002\n\n"}
[2026-05-20 14:59:15] CH1 data: {"text": "\u96e8"}
[2026-05-20 14:59:15] CH1 data: {"text": "\u7ebf"}
[2026-05-20 14:59:15] CH1 data: {"text": "\u4ece"}
[2026-05-20 14:59:16] CH1 data: {"text": "\u6a90"}
[2026-05-20 14:59:16] CH1 data: {"text": "\u8fb9"}
[2026-05-20 14:59:16] CH1 data: {"text": "\u4e00"}
[2026-05-20 14:59:16] CH1 data: {"text": "\u6839"}
[2026-05-20 14:59:16] CH1 data: {"text": "\u6839"}
[2026-05-20 14:59:16] CH1 data: {"text": "\u5782"}
[2026-05-20 14:59:16] CH1 data: {"text": "\u4e0b\u6765"}
[2026-05-20 14:59:16] CH1 data: {"text": "\uff0c"}
[2026-05-20 14:59:16] CH1 data: {"text": "\u706f"}
[2026-05-20 14:59:16] CH1 data: {"text": "\u706b"}
[2026-05-20 14:59:16] CH1 data: {"text": "\u5728"}
[2026-05-20 14:59:16] CH1 data: {"text": "\u6c34"}
[2026-05-20 14:59:16] CH1 data: {"text": "\u4e1d"}
[2026-05-20 14:59:16] CH1 data: {"text": "\u540e"}
[2026-05-20 14:59:16] CH1 data: {"text": "\u5934"}
[2026-05-20 14:59:16] CH1 data: {"text": "\u6447"}
[2026-05-20 14:59:16] CH1 data: {"text": "\u5f97"}
[2026-05-20 14:59:16] CH1 data: {"text": "\u7ec6"}
[2026-05-20 14:59:16] CH1 data: {"text": "\u7a84"}
[2026-05-20 14:59:16] CH1 data: {"text": "\u3002"}
[2026-05-20 14:59:16] CH1 data: {"text": "\u6c88"}
[2026-05-20 14:59:16] CH1 data: {"text": "\u7167"}
[2026-05-20 14:59:16] CH1 data: {"text": "\u91cd\u65b0"}
[2026-05-20 14:59:16] CH1 data: {"text": "\u8e72"}
[2026-05-20 14:59:16] CH1 data: {"text": "\u5230"}
[2026-05-20 14:59:16] CH1 data: {"text": "\u5c38"}
[2026-05-20 14:59:16] CH1 data: {"text": "\u4fa7"}
[2026-05-20 14:59:16] CH1 data: {"text": "\uff0c\u8fd9"}
[2026-05-20 14:59:16] CH1 data: {"text": "\u56de"}
[2026-05-20 14:59:16] CH1 data: {"text": "\u6ca1"}
[2026-05-20 14:59:16] CH1 data: {"text": "\u518d"}
[2026-05-20 14:59:16] CH1 data: {"text": "\u53ea"}
[2026-05-20 14:59:16] CH1 data: {"text": "\u770b"}
[2026-05-20 14:59:16] CH1 data: {"text": "\u3002\u4ed6"}
[2026-05-20 14:59:16] CH1 data: {"text": "\u5148"}
[2026-05-20 14:59:16] CH1 data: {"text": "\u62ac"}
[2026-05-20 14:59:16] CH1 data: {"text": "\u5200"}
[2026-05-20 14:59:16] CH1 data: {"text": "\u9798"}
[2026-05-20 14:59:16] CH1 data: {"text": "\uff0c"}
[2026-05-20 14:59:16] CH1 data: {"text": "\u8f7b"}
[2026-05-20 14:59:16] CH1 data: {"text": "\u8f7b"}
[2026-05-20 14:59:16] CH1 data: {"text": "\u6258"}
[2026-05-20 14:59:16] CH1 data: {"text": "\u4f4f"}
[2026-05-20 14:59:16] CH1 data: {"text": "\u6b7b"}
[2026-05-20 14:59:16] CH1 data: {"text": "\u8005"}
[2026-05-20 14:59:16] CH1 data: {"text": "\u540e"}
[2026-05-20 14:59:16] CH1 data: {"text": "\u9888"}
[2026-05-20 14:59:16] CH1 data: {"text": "\u65c1"}
[2026-05-20 14:59:16] CH1 data: {"text": "\u6e7f"}
[2026-05-20 14:59:16] CH1 data: {"text": "\u53d1"}
[2026-05-20 14:59:16] CH1 data: {"text": "\uff0c"}
[2026-05-20 14:59:16] CH1 data: {"text": "\u501f"}
[2026-05-20 14:59:16] CH1 data: {"text": "\u706f"}
[2026-05-20 14:59:16] CH1 data: {"text": "\u5149"}
[2026-05-20 14:59:16] CH1 data: {"text": "\u6311"}
[2026-05-20 14:59:16] CH1 data: {"text": "\u5f00"}
[2026-05-20 14:59:16] CH1 data: {"text": "\u4e00"}
[2026-05-20 14:59:16] CH1 data: {"text": "\u7f15"}
[2026-05-20 14:59:16] CH1 data: {"text": "\u3002"}
[2026-05-20 14:59:16] CH1 data: {"text": "\u53d1"}
[2026-05-20 14:59:16] CH1 data: {"text": "\u6839"}
[2026-05-20 14:59:16] CH1 data: {"text": "\u4e0b"}
[2026-05-20 14:59:16] CH1 data: {"text": "\u538b"}
[2026-05-20 14:59:16] CH1 data: {"text": "\u7740"}
[2026-05-20 14:59:16] CH1 data: {"text": "\u4e00"}
[2026-05-20 14:59:16] CH1 data: {"text": "\u56e2"}
[2026-05-20 14:59:16] CH1 data: {"text": "\u6697"}
[2026-05-20 14:59:16] CH1 data: {"text": "\u9ed1"}
[2026-05-20 14:59:16] CH1 data: {"text": "\uff0c"}
[2026-05-20 14:59:16] CH1 data: {"text": "\u8fb9"}
[2026-05-20 14:59:16] CH1 data: {"text": "\u7f18"}
[2026-05-20 14:59:16] CH1 data: {"text": "\u53d1"}
[2026-05-20 14:59:16] CH1 data: {"text": "\u786c"}
[2026-05-20 14:59:16] CH1 data: {"text": "\uff0c"}
[2026-05-20 14:59:16] CH1 data: {"text": "\u50cf"}
[2026-05-20 14:59:16] CH1 data: {"text": "\u662f"}
[2026-05-20 14:59:16] CH1 data: {"text": "\u949d"}
[2026-05-20 14:59:16] CH1 data: {"text": "\u7269"}
[2026-05-20 14:59:16] CH1 data: {"text": "\u7838"}
[2026-05-20 14:59:16] CH1 data: {"text": "\u5f00\u7684"}
[2026-05-20 14:59:16] CH1 data: {"text": "\u53e3"}
[2026-05-20 14:59:16] CH1 data: {"text": "\u5b50"}
[2026-05-20 14:59:16] CH1 data: {"text": "\uff0c"}
[2026-05-20 14:59:16] CH1 data: {"text": "\u96e8"}
[2026-05-20 14:59:16] CH1 data: {"text": "\u6ca1"}
[2026-05-20 14:59:16] CH1 data: {"text": "\u628a"}
[2026-05-20 14:59:16] CH1 data: {"text": "\u8840"}
[2026-05-20 14:59:16] CH1 data: {"text": "\u5168"}
[2026-05-20 14:59:16] CH1 data: {"text": "\u51b2"}
[2026-05-20 14:59:16] CH1 data: {"text": "\u51c0"}
[2026-05-20 14:59:16] CH1 data: {"text": "\u3002\n\n"}
[2026-05-20 14:59:16] CH1 data: {"text": "\u4e0d\u662f"}
[2026-05-20 14:59:16] CH1 data: {"text": "\u6454"}
[2026-05-20 14:59:16] CH1 data: {"text": "\u7684"}
[2026-05-20 14:59:16] CH1 data: {"text": "\u3002\n\n"}
[2026-05-20 14:59:16] CH1 data: {"text": "\u4ed6"}
[2026-05-20 14:59:16] CH1 data: {"text": "\u628a"}
[2026-05-20 14:59:16] CH1 data: {"text": "\u5200"}
[2026-05-20 14:59:16] CH1 data: {"text": "\u9798"}
[2026-05-20 14:59:16] CH1 data: {"text": "\u653e"}
[2026-05-20 14:59:16] CH1 data: {"text": "\u5e73"}
[2026-05-20 14:59:16] CH1 data: {"text": "\uff0c\u53c8"}
[2026-05-20 14:59:16] CH1 data: {"text": "\u53bb"}
[2026-05-20 14:59:16] CH1 data: {"text": "\u770b"}
[2026-05-20 14:59:16] CH1 data: {"text": "\u5c38"}
[2026-05-20 14:59:16] CH1 data: {"text": "\u4f53"}
[2026-05-20 14:59:16] CH1 data: {"text": "\u53f3"}
[2026-05-20 14:59:16] CH1 data: {"text": "\u624b"}
[2026-05-20 14:59:16] CH1 data: {"text": "\u3002"}
[2026-05-20 14:59:16] CH1 data: {"text": "\u90a3"}
[2026-05-20 14:59:16] CH1 data: {"text": "\u53ea"}
[2026-05-20 14:59:16] CH1 data: {"text": "\u624b"}
[2026-05-20 14:59:16] CH1 data: {"text": "\u534a"}
[2026-05-20 14:59:16] CH1 data: {"text": "\u6263"}
[2026-05-20 14:59:16] CH1 data: {"text": "\u5728"}
[2026-05-20 14:59:16] CH1 data: {"text": "\u819d"}
[2026-05-20 14:59:16] CH1 data: {"text": "\u4fa7"}
[2026-05-20 14:59:16] CH1 data: {"text": "\uff0c"}
[2026-05-20 14:59:16] CH1 data: {"text": "\u6307"}
[2026-05-20 14:59:16] CH1 data: {"text": "\u8282"}
[2026-05-20 14:59:16] CH1 data: {"text": "\u53d1"}
[2026-05-20 14:59:16] CH1 data: {"text": "\u50f5"}
[2026-05-20 14:59:16] CH1 data: {"text": "\uff0c"}
[2026-05-20 14:59:16] CH1 data: {"text": "\u638c"}
[2026-05-20 14:59:16] CH1 data: {"text": "\u8fb9"}
[2026-05-20 14:59:16] CH1 data: {"text": "\u6cbe"}
[2026-05-20 14:59:16] CH1 data: {"text": "\u7740"}
[2026-05-20 14:59:16] CH1 data: {"text": "\u6c34"}
[2026-05-20 14:59:16] CH1 data: {"text": "\u6ce5"}
[2026-05-20 14:59:16] CH1 data: {"text": "\uff0c"}
[2026-05-20 14:59:16] CH1 data: {"text": "\u50cf"}
[2026-05-20 14:59:16] CH1 data: {"text": "\u662f"}
[2026-05-20 14:59:16] CH1 data: {"text": "\u6b7b"}
[2026-05-20 14:59:16] CH1 data: {"text": "\u540e"}
[2026-05-20 14:59:16] CH1 data: {"text": "\u88ab"}
[2026-05-20 14:59:16] CH1 data: {"text": "\u4eba"}
[2026-05-20 14:59:16] CH1 data: {"text": "\u63b0"}
[2026-05-20 14:59:16] CH1 data: {"text": "\u8fc7"}
[2026-05-20 14:59:16] CH1 data: {"text": "\u3002"}
[2026-05-20 14:59:16] CH1 data: {"text": "\u6c88"}
[2026-05-20 14:59:17] CH1 data: {"text": "\u7167"}
[2026-05-20 14:59:17] CH1 data: {"text": "\u5148"}
[2026-05-20 14:59:17] CH1 data: {"text": "\u8ba9"}
[2026-05-20 14:59:17] CH1 data: {"text": "\u66f4"}
[2026-05-20 14:59:17] CH1 data: {"text": "\u592b"}
[2026-05-20 14:59:17] CH1 data: {"text": "\u770b"}
[2026-05-20 14:59:17] CH1 data: {"text": "\u6e05"}
[2026-05-20 14:59:17] CH1 data: {"text": "\uff1a\u201c"}
[2026-05-20 14:59:17] CH1 data: {"text": "\u6211"}
[2026-05-20 14:59:17] CH1 data: {"text": "\u73b0\u5728"}
[2026-05-20 14:59:17] CH1 data: {"text": "\u7ffb"}
[2026-05-20 14:59:17] CH1 data: {"text": "\u624b"}
[2026-05-20 14:59:17] CH1 data: {"text": "\u3002"}
[2026-05-20 14:59:17] CH1 data: {"text": "\u4f60"}
[2026-05-20 14:59:17] CH1 data: {"text": "\u7ad9"}
[2026-05-20 14:59:17] CH1 data: {"text": "\u90a3"}
[2026-05-20 14:59:17] CH1 data: {"text": "\u513f"}
[2026-05-20 14:59:17] CH1 data: {"text": "\uff0c"}
[2026-05-20 14:59:17] CH1 data: {"text": "\u522b"}
[2026-05-20 14:59:17] CH1 data: {"text": "\u52a8"}
[2026-05-20 14:59:17] CH1 data: {"text": "\u3002\u201d\n\n"}
[2026-05-20 14:59:17] CH1 data: {"text": "\u8001"}
[2026-05-20 14:59:17] CH1 data: {"text": "\u66f4"}
[2026-05-20 14:59:17] CH1 data: {"text": "\u592b"}
[2026-05-20 14:59:17] CH1 data: {"text": "\u8fde"}
[2026-05-20 14:59:17] CH1 data: {"text": "\u58f0"}
[2026-05-20 14:59:17] CH1 data: {"text": "\u5e94"}
[2026-05-20 14:59:17] CH1 data: {"text": "\u7740"}
[2026-05-20 14:59:17] CH1 data: {"text": "\uff0c"}
[2026-05-20 14:59:17] CH1 data: {"text": "\u58f0\u97f3"}
[2026-05-20 14:59:17] CH1 data: {"text": "\u53d1"}
[2026-05-20 14:59:17] CH1 data: {"text": "\u98a4"}
[2026-05-20 14:59:17] CH1 data: {"text": "\u3002\n\n"}
[2026-05-20 14:59:17] CH1 data: {"text": "\u4e24"}
[2026-05-20 14:59:17] CH1 data: {"text": "\u6839"}
[2026-05-20 14:59:17] CH1 data: {"text": "\u624b"}
[2026-05-20 14:59:17] CH1 data: {"text": "\u6307"}
[2026-05-20 14:59:17] CH1 data: {"text": "\u634f"}
[2026-05-20 14:59:17] CH1 data: {"text": "\u4f4f"}
[2026-05-20 14:59:17] CH1 data: {"text": "\u5c0f"}
[2026-05-20 14:59:17] CH1 data: {"text": "\u6307"}
[2026-05-20 14:59:17] CH1 data: {"text": "\u5916"}
[2026-05-20 14:59:17] CH1 data: {"text": "\u4fa7"}
[2026-05-20 14:59:17] CH1 data: {"text": "\uff0c"}
[2026-05-20 14:59:17] CH1 data: {"text": "\u5f80"}
[2026-05-20 14:59:17] CH1 data: {"text": "\u4e0a\u4e00"}
[2026-05-20 14:59:17] CH1 data: {"text": "\u5e26"}
[2026-05-20 14:59:17] CH1 data: {"text": "\u3002"}
[2026-05-20 14:59:17] CH1 data: {"text": "\u50f5"}
[2026-05-20 14:59:17] CH1 data: {"text": "\u786c"}
[2026-05-20 14:59:17] CH1 data: {"text": "\u7684"}
[2026-05-20 14:59:17] CH1 data: {"text": "\u624b"}
[2026-05-20 14:59:17] CH1 data: {"text": "\u638c"}
[2026-05-20 14:59:17] CH1 data: {"text": "\u6162"}
[2026-05-20 14:59:17] CH1 data: {"text": "\u6162"}
[2026-05-20 14:59:17] CH1 data: {"text": "\u644a"}
[2026-05-20 14:59:17] CH1 data: {"text": "\u5f00"}
[2026-05-20 14:59:17] CH1 data: {"text": "\uff0c"}
[2026-05-20 14:59:17] CH1 data: {"text": "\u638c"}
[2026-05-20 14:59:17] CH1 data: {"text": "\u5fc3"}
[2026-05-20 14:59:17] CH1 data: {"text": "\u5e76"}
[2026-05-20 14:59:17] CH1 data: {"text": "\u4e0d"}
[2026-05-20 14:59:17] CH1 data: {"text": "\u5e72"}
[2026-05-20 14:59:17] CH1 data: {"text": "\u51c0"}
[2026-05-20 14:59:17] CH1 data: {"text": "\uff0c"}
[2026-05-20 14:59:17] CH1 data: {"text": "\u6c34"}
[2026-05-20 14:59:17] CH1 data: {"text": "\u3001"}
[2026-05-20 14:59:17] CH1 data: {"text": "\u6ce5"}
[2026-05-20 14:59:17] CH1 data: {"text": "\u3001"}
[2026-05-20 14:59:17] CH1 data: {"text": "\u7070"}
[2026-05-20 14:59:17] CH1 data: {"text": "\u7ede"}
[2026-05-20 14:59:17] CH1 data: {"text": "\u5728"}
[2026-05-20 14:59:17] CH1 data: {"text": "\u4e00\u8d77"}
[2026-05-20 14:59:17] CH1 data: {"text": "\uff0c"}
[2026-05-20 14:59:17] CH1 data: {"text": "\u6700"}
[2026-05-20 14:59:17] CH1 data: {"text": "\u6df1"}
[2026-05-20 14:59:17] CH1 data: {"text": "\u7684\u4e00"}
[2026-05-20 14:59:17] CH1 data: {"text": "\u62b9"}
[2026-05-20 14:59:17] CH1 data: {"text": "\u5361"}
[2026-05-20 14:59:17] CH1 data: {"text": "\u5728"}
[2026-05-20 14:59:17] CH1 data: {"text": "\u98df"}
[2026-05-20 14:59:17] CH1 data: {"text": "\u6307"}
[2026-05-20 14:59:17] CH1 data: {"text": "\u4e0e"}
[2026-05-20 14:59:17] CH1 data: {"text": "\u4e2d"}
[2026-05-20 14:59:17] CH1 data: {"text": "\u6307"}
[2026-05-20 14:59:17] CH1 data: {"text": "\u6839"}
[2026-05-20 14:59:17] CH1 data: {"text": "\u4e0b"}
[2026-05-20 14:59:17] CH1 data: {"text": "\uff0c"}
[2026-05-20 14:59:17] CH1 data: {"text": "\u989c\u8272"}
[2026-05-20 14:59:17] CH1 data: {"text": "\u6bd4"}
[2026-05-20 14:59:17] CH1 data: {"text": "\u6a90"}
[2026-05-20 14:59:17] CH1 data: {"text": "\u89d2"}
[2026-05-20 14:59:17] CH1 data: {"text": "\u79ef"}
[2026-05-20 14:59:17] CH1 data: {"text": "\u7070"}
[2026-05-20 14:59:17] CH1 data: {"text": "\u66f4"}
[2026-05-20 14:59:17] CH1 data: {"text": "\u9ed1"}
[2026-05-20 14:59:17] CH1 data: {"text": "\u3002"}
[2026-05-20 14:59:17] CH1 data: {"text": "\u6c88"}
[2026-05-20 14:59:17] CH1 data: {"text": "\u7167"}
[2026-05-20 14:59:17] CH1 data: {"text": "\u51d1"}
[2026-05-20 14:59:17] CH1 data: {"text": "\u8fd1"}
[2026-05-20 14:59:17] CH1 data: {"text": "\u4e9b"}
[2026-05-20 14:59:18] CH1 data: {"text": "\uff0c"}
[2026-05-20 14:59:18] CH1 data: {"text": "\u547c"}
[2026-05-20 14:59:18] CH1 data: {"text": "\u5438"}
[2026-05-20 14:59:18] CH1 data: {"text": "\u538b"}
[2026-05-20 14:59:18] CH1 data: {"text": "\u5f97"}
[2026-05-20 14:59:18] CH1 data: {"text": "\u5f88"}
[2026-05-20 14:59:18] CH1 data: {"text": "\u8f7b"}
[2026-05-20 14:59:18] CH1 data: {"text": "\uff0c"}
[2026-05-20 14:59:18] CH1 data: {"text": "\u514d"}
[2026-05-20 14:59:18] CH1 data: {"text": "\u5f97"}
[2026-05-20 14:59:18] CH1 data: {"text": "\u628a"}
[2026-05-20 14:59:18] CH1 data: {"text": "\u90a3"}
[2026-05-20 14:59:18] CH1 data: {"text": "\u70b9"}
[2026-05-20 14:59:18] CH1 data: {"text": "\u4e1c\u897f"}
[2026-05-20 14:59:18] CH1 data: {"text": "\u5439"}
[2026-05-20 14:59:18] CH1 data: {"text": "\u6563"}
[2026-05-20 14:59:18] CH1 data: {"text": "\u3002\n\n"}
[2026-05-20 14:59:18] CH1 data: {"text": "\u7070"}
[2026-05-20 14:59:18] CH1 data: {"text": "\u91cc"}
[2026-05-20 14:59:18] CH1 data: {"text": "\u6709"}
[2026-05-20 14:59:18] CH1 data: {"text": "\u94f6"}
[2026-05-20 14:59:18] CH1 data: {"text": "\u5c51"}
[2026-05-20 14:59:18] CH1 data: {"text": "\u3002\n\n"}
[2026-05-20 14:59:18] CH1 data: {"text": "\u4e0d"}
[2026-05-20 14:59:18] CH1 data: {"text": "\u591a"}
[2026-05-20 14:59:18] CH1 data: {"text": "\u3002"}
[2026-05-20 14:59:18] CH1 data: {"text": "\u7ec6"}
[2026-05-20 14:59:18] CH1 data: {"text": "\u5f97"}
[2026-05-20 14:59:18] CH1 data: {"text": "\u50cf"}
[2026-05-20 14:59:18] CH1 data: {"text": "\u788e"}
[2026-05-20 14:59:18] CH1 data: {"text": "\u9cde"}
[2026-05-20 14:59:18] CH1 data: {"text": "\u3002\n\n"}
[2026-05-20 14:59:18] CH1 data: {"text": "\u518d"}
[2026-05-20 14:59:18] CH1 data: {"text": "\u5f80"}
[2026-05-20 14:59:18] CH1 data: {"text": "\u91cc"}
[2026-05-20 14:59:18] CH1 data: {"text": "\u770b"}
[2026-05-20 14:59:18] CH1 data: {"text": "\uff0c"}
[2026-05-20 14:59:18] CH1 data: {"text": "\u638c"}
[2026-05-20 14:59:18] CH1 data: {"text": "\u7eb9"}
[2026-05-20 14:59:18] CH1 data: {"text": "\u95f4"}
[2026-05-20 14:59:18] CH1 data: {"text": "\u538b"}
[2026-05-20 14:59:18] CH1 data: {"text": "\u7740"}
[2026-05-20 14:59:18] CH1 data: {"text": "\u4e00\u9053"}
[2026-05-20 14:59:18] CH1 data: {"text": "\u6781"}
[2026-05-20 14:59:18] CH1 data: {"text": "\u6d45"}
[2026-05-20 14:59:18] CH1 data: {"text": "\u7684"}
[2026-05-20 14:59:18] CH1 data: {"text": "\u6298"}
[2026-05-20 14:59:18] CH1 data: {"text": "\u89d2"}
[2026-05-20 14:59:18] CH1 data: {"text": "\uff0c"}
[2026-05-20 14:59:18] CH1 data: {"text": "\u4e09"}
[2026-05-20 14:59:18] CH1 data: {"text": "\u77ed"}
[2026-05-20 14:59:18] CH1 data: {"text": "\u4e00"}
[2026-05-20 14:59:18] CH1 data: {"text": "\u957f"}
[2026-05-20 14:59:18] CH1 data: {"text": "\uff0c"}
[2026-05-20 14:59:18] CH1 data: {"text": "\u5c3e"}
[2026-05-20 14:59:18] CH1 data: {"text": "\u7aef"}
[2026-05-20 14:59:18] CH1 data: {"text": "\u5f80"}
[2026-05-20 14:59:18] CH1 data: {"text": "\u56de"}
[2026-05-20 14:59:18] CH1 data: {"text": "\u52fe"}
[2026-05-20 14:59:18] CH1 data: {"text": "\uff0c"}
[2026-05-20 14:59:18] CH1 data: {"text": "\u50cf"}
[2026-05-20 14:59:18] CH1 data: {"text": "\u662f\u8c01"}
[2026-05-20 14:59:18] CH1 data: {"text": "\u7528"}
[2026-05-20 14:59:18] CH1 data: {"text": "\u6781"}
[2026-05-20 14:59:18] CH1 data: {"text": "\u7ec6"}
[2026-05-20 14:59:18] CH1 data: {"text": "\u7684"}
[2026-05-20 14:59:18] CH1 data: {"text": "\u7b7e"}
[2026-05-20 14:59:18] CH1 data: {"text": "\u5b50"}
[2026-05-20 14:59:18] CH1 data: {"text": "\u5728"}
[2026-05-20 14:59:18] CH1 data: {"text": "\u672a"}
[2026-05-20 14:59:18] CH1 data: {"text": "\u7184"}
[2026-05-20 14:59:18] CH1 data: {"text": "\u7684"}
[2026-05-20 14:59:18] CH1 data: {"text": "\u7070"}
[2026-05-20 14:59:18] CH1 data: {"text": "\u4e0a"}
[2026-05-20 14:59:18] CH1 data: {"text": "\u6536"}
[2026-05-20 14:59:18] CH1 data: {"text": "\u8fc7"}
[2026-05-20 14:59:18] CH1 data: {"text": "\u706b"}
[2026-05-20 14:59:18] CH1 data: {"text": "\u7ebf"}
[2026-05-20 14:59:18] CH1 data: {"text": "\u3002\n\n"}
[2026-05-20 14:59:18] CH1 data: {"text": "\u6c88"}
[2026-05-20 14:59:18] CH1 data: {"text": "\u7167"}
[2026-05-20 14:59:18] CH1 data: {"text": "\u6307"}
[2026-05-20 14:59:18] CH1 data: {"text": "\u5c16"}
[2026-05-20 14:59:18] CH1 data: {"text": "\u4e00"}
[2026-05-20 14:59:18] CH1 data: {"text": "\u987f"}
[2026-05-20 14:59:18] CH1 data: {"text": "\u3002\n\n"}
[2026-05-20 14:59:18] CH1 data: {"text": "\u56de"}
[2026-05-20 14:59:18] CH1 data: {"text": "\u7167"}
[2026-05-20 14:59:19] CH1 data: {"text": "\u5370"}
[2026-05-20 14:59:19] CH1 data: {"text": "\u3002\n\n"}
[2026-05-20 14:59:19] CH1 data: {"text": "\u90a3"}
[2026-05-20 14:59:19] CH1 data: {"text": "\u662f"}
[2026-05-20 14:59:19] CH1 data: {"text": "\u5e08"}
[2026-05-20 14:59:19] CH1 data: {"text": "\u95e8"}
[2026-05-20 14:59:19] CH1 data: {"text": "\u65e7"}
[2026-05-20 14:59:19] CH1 data: {"text": "\u706f"}
[2026-05-20 14:59:19] CH1 data: {"text": "\u94fa"}
[2026-05-20 14:59:19] CH1 data: {"text": "\u5c01"}
[2026-05-20 14:59:19] CH1 data: {"text": "\u706f"}
[2026-05-20 14:59:19] CH1 data: {"text": "\u65f6"}
[2026-05-20 14:59:19] CH1 data: {"text": "\u7528"}
[2026-05-20 14:59:19] CH1 data: {"text": "\u6765"}
[2026-05-20 14:59:19] CH1 data: {"text": "\u6536"}
[2026-05-20 14:59:19] CH1 data: {"text": "\u706b"}
[2026-05-20 14:59:19] CH1 data: {"text": "\u7684"}
[2026-05-20 14:59:19] CH1 data: {"text": "\u8bb0"}
[2026-05-20 14:59:19] CH1 data: {"text": "\u53f7"}
[2026-05-20 14:59:19] CH1 data: {"text": "\uff0c"}
[2026-05-20 14:59:19] CH1 data: {"text": "\u5370"}
[2026-05-20 14:59:19] CH1 data: {"text": "\u6210"}
[2026-05-20 14:59:19] CH1 data: {"text": "\u540e"}
[2026-05-20 14:59:19] CH1 data: {"text": "\u4f1a"}
[2026-05-20 14:59:19] CH1 data: {"text": "\u7559"}
[2026-05-20 14:59:19] CH1 data: {"text": "\u4e00\u9053"}
[2026-05-20 14:59:19] CH1 data: {"text": "\u56de"}
[2026-05-20 14:59:19] CH1 data: {"text": "\u6298"}
[2026-05-20 14:59:19] CH1 data: {"text": "\u7070"}
[2026-05-20 14:59:19] CH1 data: {"text": "\u75d5"}
[2026-05-20 14:59:19] CH1 data: {"text": "\uff0c"}
[2026-05-20 14:59:19] CH1 data: {"text": "\u5916"}
[2026-05-20 14:59:19] CH1 data: {"text": "\u884c"}
[2026-05-20 14:59:19] CH1 data: {"text": "\u53ea"}
[2026-05-20 14:59:19] CH1 data: {"text": "\u5f53"}
[2026-05-20 14:59:19] CH1 data: {"text": "\u662f"}
[2026-05-20 14:59:19] CH1 data: {"text": "\u70e7"}
[2026-05-20 14:59:19] CH1 data: {"text": "\u6b8b"}
[2026-05-20 14:59:19] CH1 data: {"text": "\u7684"}
[2026-05-20 14:59:19] CH1 data: {"text": "\u4e71"}
[2026-05-20 14:59:19] CH1 data: {"text": "\u7eb9"}
[2026-05-20 14:59:19] CH1 data: {"text": "\u3002"}
[2026-05-20 14:59:19] CH1 data: {"text": "\u4f1a"}
[2026-05-20 14:59:19] CH1 data: {"text": "\u8ba4"}
[2026-05-20 14:59:19] CH1 data: {"text": "\u7684\u4eba"}
[2026-05-20 14:59:19] CH1 data: {"text": "\u4e0d"}
[2026-05-20 14:59:19] CH1 data: {"text": "\u591a"}
[2026-05-20 14:59:19] CH1 data: {"text": "\u3002"}
[2026-05-20 14:59:19] CH1 data: {"text": "\u80fd"}
[2026-05-20 14:59:19] CH1 data: {"text": "\u505a"}
[2026-05-20 14:59:19] CH1 data: {"text": "\u5f97"}
[2026-05-20 14:59:19] CH1 data: {"text": "\u8fd9\u4e48"}
[2026-05-20 14:59:19] CH1 data: {"text": "\u7a33"}
[2026-05-20 14:59:19] CH1 data: {"text": "\u7684"}
[2026-05-20 14:59:19] CH1 data: {"text": "\uff0c\u66f4"}
[2026-05-20 14:59:19] CH1 data: {"text": "\u5c11"}
[2026-05-20 14:59:19] CH1 data: {"text": "\u3002\n\n"}
[2026-05-20 14:59:19] CH1 data: {"text": "\u53ef"}
[2026-05-20 14:59:19] CH1 data: {"text": "\u8ba4"}
[2026-05-20 14:59:19] CH1 data: {"text": "\u5f97"}
[2026-05-20 14:59:19] CH1 data: {"text": "\uff0c\u4e0d"}
[2026-05-20 14:59:19] CH1 data: {"text": "\u7b49"}
[2026-05-20 14:59:19] CH1 data: {"text": "\u4e8e"}
[2026-05-20 14:59:19] CH1 data: {"text": "\u80fd"}
[2026-05-20 14:59:19] CH1 data: {"text": "\u8bf4"}
[2026-05-20 14:59:19] CH1 data: {"text": "\u3002\n\n"}
[2026-05-20 14:59:19] CH1 data: {"text": "\u8fd9"}
[2026-05-20 14:59:19] CH1 data: {"text": "\u56e2"}
[2026-05-20 14:59:19] CH1 data: {"text": "\u7070"}
[2026-05-20 14:59:19] CH1 data: {"text": "\u6328"}
[2026-05-20 14:59:19] CH1 data: {"text": "\u8fc7"}
[2026-05-20 14:59:19] CH1 data: {"text": "\u96e8"}
[2026-05-20 14:59:19] CH1 data: {"text": "\uff0c"}
[2026-05-20 14:59:19] CH1 data: {"text": "\u7eb9"}
[2026-05-20 14:59:19] CH1 data: {"text": "\u53ea"}
[2026-05-20 14:59:19] CH1 data: {"text": "\u5269"}
[2026-05-20 14:59:19] CH1 data: {"text": "\u534a"}
[2026-05-20 14:59:19] CH1 data: {"text": "\u622a"}
[2026-05-20 14:59:20] CH1 data: {"text": "\uff1b"}
[2026-05-20 14:59:20] CH1 data: {"text": "\u6b7b"}
[2026-05-20 14:59:20] CH1 data: {"text": "\u8005"}
[2026-05-20 14:59:20] CH1 data: {"text": "\u662f"}
[2026-05-20 14:59:20] CH1 data: {"text": "\u81ea\u5df1"}
[2026-05-20 14:59:20] CH1 data: {"text": "\u78b0"}
[2026-05-20 14:59:20] CH1 data: {"text": "\u8fc7"}
[2026-05-20 14:59:20] CH1 data: {"text": "\u706f"}
[2026-05-20 14:59:20] CH1 data: {"text": "\uff0c"}
[2026-05-20 14:59:20] CH1 data: {"text": "\u8fd8\u662f"}
[2026-05-20 14:59:20] CH1 data: {"text": "\u6709\u4eba"}
[2026-05-20 14:59:20] CH1 data: {"text": "\u628a"}
[2026-05-20 14:59:20] CH1 data: {"text": "\u7070"}
[2026-05-20 14:59:20] CH1 data: {"text": "\u62b9"}
[2026-05-20 14:59:20] CH1 data: {"text": "\u8fdb"}
[2026-05-20 14:59:20] CH1 data: {"text": "\u4ed6"}
[2026-05-20 14:59:20] CH1 data: {"text": "\u638c"}
[2026-05-20 14:59:20] CH1 data: {"text": "\u91cc"}
[2026-05-20 14:59:20] CH1 data: {"text": "\uff0c\u4e5f"}
[2026-05-20 14:59:20] CH1 data: {"text": "\u8fd8"}
[2026-05-20 14:59:20] CH1 data: {"text": "\u4e24"}
[2026-05-20 14:59:20] CH1 data: {"text": "\u8bf4"}
[2026-05-20 14:59:20] CH1 data: {"text": "\u3002"}
[2026-05-20 14:59:20] CH1 data: {"text": "\u5916"}
[2026-05-20 14:59:20] CH1 data: {"text": "\u5934"}
[2026-05-20 14:59:20] CH1 data: {"text": "\u82e5"}
[2026-05-20 14:59:20] CH1 data: {"text": "\u6709\u4eba"}
[2026-05-20 14:59:20] CH1 data: {"text": "\u7167"}
[2026-05-20 14:59:20] CH1 data: {"text": "\u7740"}
[2026-05-20 14:59:20] CH1 data: {"text": "\u65e7"}
[2026-05-20 14:59:20] CH1 data: {"text": "\u6837"}
[2026-05-20 14:59:20] CH1 data: {"text": "\u4eff"}
[2026-05-20 14:59:20] CH1 data: {"text": "\u505a"}
[2026-05-20 14:59:20] CH1 data: {"text": "\uff0c\u4e00"}
[2026-05-20 14:59:20] CH1 data: {"text": "\u6837"}
[2026-05-20 14:59:20] CH1 data: {"text": "\u80fd"}
[2026-05-20 14:59:20] CH1 data: {"text": "\u7559\u4e0b"}
[2026-05-20 14:59:20] CH1 data: {"text": "\u8fd1"}
[2026-05-20 14:59:20] CH1 data: {"text": "\u4f3c"}
[2026-05-20 14:59:20] CH1 data: {"text": "\u7684"}
[2026-05-20 14:59:20] CH1 data: {"text": "\u75d5"}
[2026-05-20 14:59:20] CH1 data: {"text": "\u3002"}
[2026-05-20 14:59:20] CH1 data: {"text": "\u62ff"}
[2026-05-20 14:59:20] CH1 data: {"text": "\u8fd9\u4e2a"}
[2026-05-20 14:59:20] CH1 data: {"text": "\u53bb"}
[2026-05-20 14:59:20] CH1 data: {"text": "\u843d"}
[2026-05-20 14:59:20] CH1 data: {"text": "\u6848"}
[2026-05-20 14:59:20] CH1 data: {"text": "\uff0c\u53ea"}
[2026-05-20 14:59:20] CH1 data: {"text": "\u4f1a"}
[2026-05-20 14:59:20] CH1 data: {"text": "\u5148"}
[2026-05-20 14:59:20] CH1 data: {"text": "\u628a"}
[2026-05-20 14:59:20] CH1 data: {"text": "\u81ea\u5df1"}
[2026-05-20 14:59:20] CH1 data: {"text": "\u62d6"}
[2026-05-20 14:59:20] CH1 data: {"text": "\u8fdb\u53bb"}
[2026-05-20 14:59:20] CH1 data: {"text": "\u3002\n\n"}
[2026-05-20 14:59:20] CH1 data: {"text": "\u6c88"}
[2026-05-20 14:59:20] CH1 data: {"text": "\u7167"}
[2026-05-20 14:59:20] CH1 data: {"text": "\u628a"}
[2026-05-20 14:59:20] CH1 data: {"text": "\u90a3"}
[2026-05-20 14:59:20] CH1 data: {"text": "\u53e3"}
[2026-05-20 14:59:20] CH1 data: {"text": "\u6c14"}
[2026-05-20 14:59:20] CH1 data: {"text": "\u6309"}
[2026-05-20 14:59:20] CH1 data: {"text": "\u56de"}
[2026-05-20 14:59:20] CH1 data: {"text": "\u53bb"}
[2026-05-20 14:59:20] CH1 data: {"text": "\uff0c"}
[2026-05-20 14:59:20] CH1 data: {"text": "\u8138"}
[2026-05-20 14:59:20] CH1 data: {"text": "\u4e0a\u4e00"}
[2026-05-20 14:59:20] CH1 data: {"text": "\u4e1d"}
[2026-05-20 14:59:20] CH1 data: {"text": "\u4e0d"}
[2026-05-20 14:59:20] CH1 data: {"text": "\u9732"}
[2026-05-20 14:59:20] CH1 data: {"text": "\uff0c\u53ea"}
[2026-05-20 14:59:20] CH1 data: {"text": "\u7528"}
[2026-05-20 14:59:20] CH1 data: {"text": "\u62c7"}
[2026-05-20 14:59:20] CH1 data: {"text": "\u6307"}
[2026-05-20 14:59:20] CH1 data: {"text": "\u80cc"}
[2026-05-20 14:59:20] CH1 data: {"text": "\u8f7b"}
[2026-05-20 14:59:20] CH1 data: {"text": "\u8f7b"}
[2026-05-20 14:59:20] CH1 data: {"text": "\u8e6d"}
[2026-05-20 14:59:20] CH1 data: {"text": "\u5f00"}
[2026-05-20 14:59:20] CH1 data: {"text": "\u638c"}
[2026-05-20 14:59:20] CH1 data: {"text": "\u8fb9"}
[2026-05-20 14:59:20] CH1 data: {"text": "\u7684"}
[2026-05-20 14:59:20] CH1 data: {"text": "\u6c34"}
[2026-05-20 14:59:20] CH1 data: {"text": "\u73e0"}
[2026-05-20 14:59:20] CH1 data: {"text": "\uff0c"}
[2026-05-20 14:59:21] CH1 data: {"text": "\u8fde"}
[2026-05-20 14:59:21] CH1 data: {"text": "\u7070"}
[2026-05-20 14:59:21] CH1 data: {"text": "\u5e26"}
[2026-05-20 14:59:21] CH1 data: {"text": "\u7eb9"}
[2026-05-20 14:59:21] CH1 data: {"text": "\u4e00"}
[2026-05-20 14:59:21] CH1 data: {"text": "\u5e76"}
[2026-05-20 14:59:21] CH1 data: {"text": "\u8bb0"}
[2026-05-20 14:59:21] CH1 data: {"text": "\u8fdb"}
[2026-05-20 14:59:21] CH1 data: {"text": "\u773c"}
[2026-05-20 14:59:21] CH1 data: {"text": "\u91cc"}
[2026-05-20 14:59:21] CH1 data: {"text": "\u3002"}
[2026-05-20 14:59:21] CH1 data: {"text": "\u968f\u540e"}
[2026-05-20 14:59:21] CH1 data: {"text": "\u628a"}
[2026-05-20 14:59:21] CH1 data: {"text": "\u5c38"}
[2026-05-20 14:59:21] CH1 data: {"text": "\u624b"}
[2026-05-20 14:59:21] CH1 data: {"text": "\u653e"}
[2026-05-20 14:59:21] CH1 data: {"text": "\u56de"}
[2026-05-20 14:59:21] CH1 data: {"text": "\u539f"}
[2026-05-20 14:59:21] CH1 data: {"text": "\u5904"}
[2026-05-20 14:59:21] CH1 data: {"text": "\uff0c"}
[2026-05-20 14:59:21] CH1 data: {"text": "\u89d2"}
[2026-05-20 14:59:21] CH1 data: {"text": "\u5ea6"}
[2026-05-20 14:59:21] CH1 data: {"text": "\u7167"}
[2026-05-20 14:59:21] CH1 data: {"text": "\u65e7"}
[2026-05-20 14:59:21] CH1 data: {"text": "\uff0c"}
[2026-05-20 14:59:21] CH1 data: {"text": "\u6ca1"}
[2026-05-20 14:59:21] CH1 data: {"text": "\u591a"}
[2026-05-20 14:59:21] CH1 data: {"text": "\u632a"}
[2026-05-20 14:59:21] CH1 data: {"text": "\u534a"}
[2026-05-20 14:59:21] CH1 data: {"text": "\u5206"}
[2026-05-20 14:59:21] CH1 data: {"text": "\u3002\n\n"}
[2026-05-20 14:59:21] CH1 data: {"text": "\u66f4"}
[2026-05-20 14:59:21] CH1 data: {"text": "\u592b"}
[2026-05-20 14:59:21] CH1 data: {"text": "\u5728"}
[2026-05-20 14:59:21] CH1 data: {"text": "\u96e8"}
[2026-05-20 14:59:21] CH1 data: {"text": "\u91cc"}
[2026-05-20 14:59:21] CH1 data: {"text": "\u7b49"}
[2026-05-20 14:59:21] CH1 data: {"text": "\u5f97"}
[2026-05-20 14:59:21] CH1 data: {"text": "\u817f"}
[2026-05-20 14:59:21] CH1 data: {"text": "\u90fd"}
[2026-05-20 14:59:21] CH1 data: {"text": "\u53d1"}
[2026-05-20 14:59:21] CH1 data: {"text": "\u8f6f"}
[2026-05-20 14:59:21] CH1 data: {"text": "\uff0c\u5c0f"}
[2026-05-20 14:59:21] CH1 data: {"text": "\u5fc3"}
[2026-05-20 14:59:21] CH1 data: {"text": "\u95ee"}
[2026-05-20 14:59:21] CH1 data: {"text": "\uff1a\u201c"}
[2026-05-20 14:59:21] CH1 data: {"text": "\u5b98"}
[2026-05-20 14:59:21] CH1 data: {"text": "\u7237"}
[2026-05-20 14:59:21] CH1 data: {"text": "\uff0c"}
[2026-05-20 14:59:21] CH1 data: {"text": "\u77a7"}
[2026-05-20 14:59:21] CH1 data: {"text": "\u51fa"}
[2026-05-20 14:59:21] CH1 data: {"text": "\u4ec0\u4e48"}
[2026-05-20 14:59:21] CH1 data: {"text": "\u6ca1\u6709"}
[2026-05-20 14:59:21] CH1 data: {"text": "\uff1f\u201d\n\n"}
[2026-05-20 14:59:21] CH1 data: {"text": "\u201c"}
[2026-05-20 14:59:21] CH1 data: {"text": "\u77a7"}
[2026-05-20 14:59:21] CH1 data: {"text": "\u51fa"}
[2026-05-20 14:59:21] CH1 data: {"text": "\u4f60"}
[2026-05-20 14:59:21] CH1 data: {"text": "\u73b0\u5728"}
[2026-05-20 14:59:21] CH1 data: {"text": "\u6700\u597d"}
[2026-05-20 14:59:21] CH1 data: {"text": "\u522b"}
[2026-05-20 14:59:21] CH1 data: {"text": "\u9760"}
[2026-05-20 14:59:21] CH1 data: {"text": "\u8fd1"}
[2026-05-20 14:59:21] CH1 data: {"text": "\u3002\u201d"}
[2026-05-20 14:59:21] CH1 data: {"text": "\u6c88"}
[2026-05-20 14:59:21] CH1 data: {"text": "\u7167"}
[2026-05-20 14:59:21] CH1 data: {"text": "\u8d77"}
[2026-05-20 14:59:21] CH1 data: {"text": "\u8eab"}
[2026-05-20 14:59:21] CH1 data: {"text": "\uff0c"}
[2026-05-20 14:59:21] CH1 data: {"text": "\u76ee"}
[2026-05-20 14:59:21] CH1 data: {"text": "\u5149"}
[2026-05-20 14:59:21] CH1 data: {"text": "\u5728"}
[2026-05-20 14:59:21] CH1 data: {"text": "\u4ed6"}
[2026-05-20 14:59:21] CH1 data: {"text": "\u8896"}
[2026-05-20 14:59:21] CH1 data: {"text": "\u53e3"}
[2026-05-20 14:59:21] CH1 data: {"text": "\u3001"}
[2026-05-20 14:59:21] CH1 data: {"text": "\u88e4"}
[2026-05-20 14:59:21] CH1 data: {"text": "\u811a"}
[2026-05-20 14:59:21] CH1 data: {"text": "\u3001"}
[2026-05-20 14:59:21] CH1 data: {"text": "\u6728"}
[2026-05-20 14:59:21] CH1 data: {"text": "\u6886"}
[2026-05-20 14:59:21] CH1 data: {"text": "\u4e0a\u4e00"}
[2026-05-20 14:59:21] CH1 data: {"text": "\u63a0"}
[2026-05-20 14:59:21] CH1 data: {"text": "\u3002"}
[2026-05-20 14:59:21] CH1 data: {"text": "\u5168"}
[2026-05-20 14:59:22] CH1 data: {"text": "\u662f"}
[2026-05-20 14:59:22] CH1 data: {"text": "\u4e00\u8def"}
[2026-05-20 14:59:22] CH1 data: {"text": "\u8d76"}
[2026-05-20 14:59:22] CH1 data: {"text": "\u6765\u7684"}
[2026-05-20 14:59:22] CH1 data: {"text": "\u65b0"}
[2026-05-20 14:59:22] CH1 data: {"text": "\u96e8"}
[2026-05-20 14:59:22] CH1 data: {"text": "\uff0c"}
[2026-05-20 14:59:22] CH1 data: {"text": "\u6ca1"}
[2026-05-20 14:59:22] CH1 data: {"text": "\u6cbe"}
[2026-05-20 14:59:22] CH1 data: {"text": "\u6a90"}
[2026-05-20 14:59:22] CH1 data: {"text": "\u4e0b"}
[2026-05-20 14:59:22] CH1 data: {"text": "\u90a3"}
[2026-05-20 14:59:22] CH1 data: {"text": "\u5c42"}
[2026-05-20 14:59:22] CH1 data: {"text": "\u7ec6"}
[2026-05-20 14:59:22] CH1 data: {"text": "\u7070"}
[2026-05-20 14:59:22] CH1 data: {"text": "\uff0c\u201c"}
[2026-05-20 14:59:22] CH1 data: {"text": "\u4f60"}
[2026-05-20 14:59:22] CH1 data: {"text": "\u82e5"}
[2026-05-20 14:59:22] CH1 data: {"text": "\u78b0"}
[2026-05-20 14:59:22] CH1 data: {"text": "\u8fc7"}
[2026-05-20 14:59:22] CH1 data: {"text": "\u706f"}
[2026-05-20 14:59:22] CH1 data: {"text": "\uff0c"}
[2026-05-20 14:59:22] CH1 data: {"text": "\u624b"}
[2026-05-20 14:59:22] CH1 data: {"text": "\u4e0a"}
[2026-05-20 14:59:22] CH1 data: {"text": "\u4e0d\u4f1a"}
[2026-05-20 14:59:22] CH1 data: {"text": "\u8fd9\u4e48"}
[2026-05-20 14:59:22] CH1 data: {"text": "\u5e72"}
[2026-05-20 14:59:22] CH1 data: {"text": "\u51c0"}
[2026-05-20 14:59:22] CH1 data: {"text": "\uff1b"}
[2026-05-20 14:59:22] CH1 data: {"text": "\u4f60"}
[2026-05-20 14:59:22] CH1 data: {"text": "\u82e5"}
[2026-05-20 14:59:22] CH1 data: {"text": "\u52a8"}
[2026-05-20 14:59:22] CH1 data: {"text": "\u8fc7"}
[2026-05-20 14:59:22] CH1 data: {"text": "\u5c38"}
[2026-05-20 14:59:22] CH1 data: {"text": "\uff0c\u8fd9"}
[2026-05-20 14:59:22] CH1 data: {"text": "\u9053"}
[2026-05-20 14:59:22] CH1 data: {"text": "\u6c34"}
[2026-05-20 14:59:22] CH1 data: {"text": "\u5730"}
[2026-05-20 14:59:22] CH1 data: {"text": "\u4e5f"}
[2026-05-20 14:59:22] CH1 data: {"text": "\u4e0d\u4f1a"}
[2026-05-20 14:59:22] CH1 data: {"text": "\u53ea"}
[2026-05-20 14:59:22] CH1 data: {"text": "\u4e71"}
[2026-05-20 14:59:22] CH1 data: {"text": "\u5230"}
[2026-05-20 14:59:22] CH1 data: {"text": "\u5df7"}
[2026-05-20 14:59:22] CH1 data: {"text": "\u53e3"}
[2026-05-20 14:59:22] CH1 data: {"text": "\u3002"}
[2026-05-20 14:59:22] CH1 data: {"text": "\u53ef"}
[2026-05-20 14:59:22] CH1 data: {"text": "\u8fd9"}
[2026-05-20 14:59:22] CH1 data: {"text": "\u53ea\u80fd"}
[2026-05-20 14:59:22] CH1 data: {"text": "\u8bf4\u660e"}
[2026-05-20 14:59:22] CH1 data: {"text": "\u4f60"}
[2026-05-20 14:59:22] CH1 data: {"text": "\u73b0\u5728"}
[2026-05-20 14:59:22] CH1 data: {"text": "\u522b"}
[2026-05-20 14:59:22] CH1 data: {"text": "\u4e71"}
[2026-05-20 14:59:22] CH1 data: {"text": "\u8d70"}
[2026-05-20 14:59:22] CH1 data: {"text": "\uff0c"}
[2026-05-20 14:59:22] CH1 data: {"text": "\u8bf4\u660e"}
[2026-05-20 14:59:22] CH1 data: {"text": "\u4e0d\u4e86"}
[2026-05-20 14:59:22] CH1 data: {"text": "\u522b"}
[2026-05-20 14:59:22] CH1 data: {"text": "\u7684"}
[2026-05-20 14:59:22] CH1 data: {"text": "\u3002\u201d\n\n"}
[2026-05-20 14:59:22] CH1 data: {"text": "\u8001"}
[2026-05-20 14:59:22] CH1 data: {"text": "\u66f4"}
[2026-05-20 14:59:22] CH1 data: {"text": "\u592b"}
[2026-05-20 14:59:22] CH1 data: {"text": "\u50cf"}
[2026-05-20 14:59:22] CH1 data: {"text": "\u6293"}
[2026-05-20 14:59:22] CH1 data: {"text": "\u4f4f"}
[2026-05-20 14:59:22] CH1 data: {"text": "\u534a"}
[2026-05-20 14:59:22] CH1 data: {"text": "\u622a"}
[2026-05-20 14:59:22] CH1 data: {"text": "\u6728"}
[2026-05-20 14:59:22] CH1 data: {"text": "\u677f"}
[2026-05-20 14:59:22] CH1 data: {"text": "\uff0c"}
[2026-05-20 14:59:22] CH1 data: {"text": "\u5fd9"}
[2026-05-20 14:59:22] CH1 data: {"text": "\u9053"}
[2026-05-20 14:59:22] CH1 data: {"text": "\uff1a\u201c"}
[2026-05-20 14:59:22] CH1 data: {"text": "\u6211"}
[2026-05-20 14:59:22] CH1 data: {"text": "\u4e0d"}
[2026-05-20 14:59:22] CH1 data: {"text": "\u8d70"}
[2026-05-20 14:59:22] CH1 data: {"text": "\uff0c\u6211"}
[2026-05-20 14:59:22] CH1 data: {"text": "\u5c31\u5728"}
[2026-05-20 14:59:22] CH1 data: {"text": "\u8fd9"}
[2026-05-20 14:59:22] CH1 data: {"text": "\u513f"}
[2026-05-20 14:59:23] CH1 data: {"text": "\u3002"}
[2026-05-20 14:59:23] CH1 data: {"text": "\u5b98"}
[2026-05-20 14:59:23] CH1 data: {"text": "\u7237"}
[2026-05-20 14:59:23] CH1 data: {"text": "\uff0c\u4f60"}
[2026-05-20 14:59:23] CH1 data: {"text": "\u7ed9"}
[2026-05-20 14:59:23] CH1 data: {"text": "\u6211"}
[2026-05-20 14:59:23] CH1 data: {"text": "\u4f5c"}
[2026-05-20 14:59:23] CH1 data: {"text": "\u4e2a"}
[2026-05-20 14:59:23] CH1 data: {"text": "\u8bc1"}
[2026-05-20 14:59:23] CH1 data: {"text": "\uff0c\u6211"}
[2026-05-20 14:59:23] CH1 data: {"text": "\u771f"}
[2026-05-20 14:59:23] CH1 data: {"text": "\u6ca1"}
[2026-05-20 14:59:23] CH1 data: {"text": "\u5bb3"}
[2026-05-20 14:59:23] CH1 data: {"text": "\u4eba"}
[2026-05-20 14:59:23] CH1 data: {"text": "\u3002\u201d\n\n"}
[2026-05-20 14:59:23] CH1 data: {"text": "\u201c"}
[2026-05-20 14:59:23] CH1 data: {"text": "\u5148"}
[2026-05-20 14:59:23] CH1 data: {"text": "\u522b"}
[2026-05-20 14:59:23] CH1 data: {"text": "\u6c42"}
[2026-05-20 14:59:23] CH1 data: {"text": "\u3002\u201d"}
[2026-05-20 14:59:23] CH1 data: {"text": "\u6c88"}
[2026-05-20 14:59:23] CH1 data: {"text": "\u7167"}
[2026-05-20 14:59:23] CH1 data: {"text": "\u62ac"}
[2026-05-20 14:59:23] CH1 data: {"text": "\u624b"}
[2026-05-20 14:59:23] CH1 data: {"text": "\u6458"}
[2026-05-20 14:59:23] CH1 data: {"text": "\u4e0b"}
[2026-05-20 14:59:23] CH1 data: {"text": "\u8170"}
[2026-05-20 14:59:23] CH1 data: {"text": "\u95f4"}
[2026-05-20 14:59:23] CH1 data: {"text": "\u94dc"}
[2026-05-20 14:59:23] CH1 data: {"text": "\u54e8"}
[2026-05-20 14:59:23] CH1 data: {"text": "\uff0c"}
[2026-05-20 14:59:23] CH1 data: {"text": "\u538b"}
[2026-05-20 14:59:23] CH1 data: {"text": "\u5728"}
[2026-05-20 14:59:23] CH1 data: {"text": "\u5507"}
[2026-05-20 14:59:23] CH1 data: {"text": "\u8fb9"}
[2026-05-20 14:59:23] CH1 data: {"text": "\uff0c"}
[2026-05-20 14:59:23] CH1 data: {"text": "\u5439"}
[2026-05-20 14:59:23] CH1 data: {"text": "\u4e86"}
[2026-05-20 14:59:23] CH1 data: {"text": "\u4e24"}
[2026-05-20 14:59:23] CH1 data: {"text": "\u77ed"}
[2026-05-20 14:59:23] CH1 data: {"text": "\u4e00"}
[2026-05-20 14:59:23] CH1 data: {"text": "\u957f"}
[2026-05-20 14:59:23] CH1 data: {"text": "\u3002\n\n"}
[2026-05-20 14:59:23] CH1 data: {"text": "\u54e8"}
[2026-05-20 14:59:23] CH1 data: {"text": "\u97f3"}
[2026-05-20 14:59:23] CH1 data: {"text": "\u7a7f"}
[2026-05-20 14:59:23] CH1 data: {"text": "\u8fc7"}
[2026-05-20 14:59:23] CH1 data: {"text": "\u96e8"}
[2026-05-20 14:59:23] CH1 data: {"text": "\u5e55"}
[2026-05-20 14:59:23] CH1 data: {"text": "\uff0c\u4e0d"}
[2026-05-20 14:59:23] CH1 data: {"text": "\u7b97"}
[2026-05-20 14:59:23] CH1 data: {"text": "\u54cd"}
[2026-05-20 14:59:23] CH1 data: {"text": "\uff0c"}
[2026-05-20 14:59:23] CH1 data: {"text": "\u8db3"}
[2026-05-20 14:59:23] CH1 data: {"text": "\u591f"}
[2026-05-20 14:59:23] CH1 data: {"text": "\u8fd1"}
[2026-05-20 14:59:23] CH1 data: {"text": "\u574a"}
[2026-05-20 14:59:23] CH1 data: {"text": "\u5de1"}
[2026-05-20 14:59:23] CH1 data: {"text": "\u6bb5"}
[2026-05-20 14:59:23] CH1 data: {"text": "\u542c"}
[2026-05-20 14:59:23] CH1 data: {"text": "\u89c1"}
[2026-05-20 14:59:23] CH1 data: {"text": "\u3002"}
[2026-05-20 14:59:23] CH1 data: {"text": "\u5df7"}
[2026-05-20 14:59:23] CH1 data: {"text": "\u91cc"}
[2026-05-20 14:59:23] CH1 data: {"text": "\u53c8"}
[2026-05-20 14:59:23] CH1 data: {"text": "\u9759"}
[2026-05-20 14:59:23] CH1 data: {"text": "\u4e0b\u6765"}
[2026-05-20 14:59:23] CH1 data: {"text": "\uff0c\u53ea"}
[2026-05-20 14:59:23] CH1 data: {"text": "\u5269"}
[2026-05-20 14:59:23] CH1 data: {"text": "\u706f"}
[2026-05-20 14:59:23] CH1 data: {"text": "\u82af"}
[2026-05-20 14:59:23] CH1 data: {"text": "\u567c"}
[2026-05-20 14:59:23] CH1 data: {"text": "\u556a"}
[2026-05-20 14:59:23] CH1 data: {"text": "\uff0c"}
[2026-05-20 14:59:23] CH1 data: {"text": "\u5076"}
[2026-05-20 14:59:23] CH1 data: {"text": "\u5c14"}
[2026-05-20 14:59:23] CH1 data: {"text": "\u7206"}
[2026-05-20 14:59:23] CH1 data: {"text": "\u51fa"}
[2026-05-20 14:59:23] CH1 data: {"text": "\u4e00\u70b9"}
[2026-05-20 14:59:23] CH1 data: {"text": "\u7ec6"}
[2026-05-20 14:59:23] CH1 data: {"text": "\u706b"}
[2026-05-20 14:59:23] CH1 data: {"text": "\u3002\n\n"}
[2026-05-20 14:59:23] CH1 data: {"text": "\u5341"}
[2026-05-20 14:59:23] CH1 data: {"text": "\u51e0"}
[2026-05-20 14:59:24] CH1 data: {"text": "\u606f"}
[2026-05-20 14:59:24] CH1 data: {"text": "\u540e"}
[2026-05-20 14:59:24] CH1 data: {"text": "\uff0c"}
[2026-05-20 14:59:24] CH1 data: {"text": "\u5916"}
[2026-05-20 14:59:24] CH1 data: {"text": "\u5934"}
[2026-05-20 14:59:24] CH1 data: {"text": "\u6709"}
[2026-05-20 14:59:24] CH1 data: {"text": "\u811a"}
[2026-05-20 14:59:24] CH1 data: {"text": "\u6b65"}
[2026-05-20 14:59:24] CH1 data: {"text": "\u8e29"}
[2026-05-20 14:59:24] CH1 data: {"text": "\u6c34"}
[2026-05-20 14:59:24] CH1 data: {"text": "\u5954"}
[2026-05-20 14:59:24] CH1 data: {"text": "\u6765"}
[2026-05-20 14:59:24] CH1 data: {"text": "\u3002\u4e00"}
[2026-05-20 14:59:24] CH1 data: {"text": "\u8001"}
[2026-05-20 14:59:24] CH1 data: {"text": "\u4e00"}
[2026-05-20 14:59:24] CH1 data: {"text": "\u5c11"}
[2026-05-20 14:59:24] CH1 data: {"text": "\u4e24"}
[2026-05-20 14:59:24] CH1 data: {"text": "\u540d"}
[2026-05-20 14:59:24] CH1 data: {"text": "\u503c"}
[2026-05-20 14:59:24] CH1 data: {"text": "\u591c"}
[2026-05-20 14:59:24] CH1 data: {"text": "\u5de1"}
[2026-05-20 14:59:24] CH1 data: {"text": "\u5352"}
[2026-05-20 14:59:24] CH1 data: {"text": "\u62ab"}
[2026-05-20 14:59:24] CH1 data: {"text": "\u7740"}
[2026-05-20 14:59:24] CH1 data: {"text": "\u84d1"}
[2026-05-20 14:59:24] CH1 data: {"text": "\u8863"}
[2026-05-20 14:59:24] CH1 data: {"text": "\u95ef"}
[2026-05-20 14:59:24] CH1 data: {"text": "\u5230"}
[2026-05-20 14:59:24] CH1 data: {"text": "\u5df7"}
[2026-05-20 14:59:24] CH1 data: {"text": "\u53e3"}
[2026-05-20 14:59:24] CH1 data: {"text": "\uff0c"}
[2026-05-20 14:59:24] CH1 data: {"text": "\u5148"}
[2026-05-20 14:59:24] CH1 data: {"text": "\u770b"}
[2026-05-20 14:59:24] CH1 data: {"text": "\u89c1"}
[2026-05-20 14:59:24] CH1 data: {"text": "\u8e29"}
[2026-05-20 14:59:24] CH1 data: {"text": "\u5728"}
[2026-05-20 14:59:24] CH1 data: {"text": "\u7816"}
[2026-05-20 14:59:24] CH1 data: {"text": "\u4e0a\u7684"}
[2026-05-20 14:59:24] CH1 data: {"text": "\u66f4"}
[2026-05-20 14:59:24] CH1 data: {"text": "\u592b"}
[2026-05-20 14:59:24] CH1 data: {"text": "\uff0c\u518d"}
[2026-05-20 14:59:24] CH1 data: {"text": "\u770b"}
[2026-05-20 14:59:24] CH1 data: {"text": "\u89c1"}
[2026-05-20 14:59:24] CH1 data: {"text": "\u6a90"}
[2026-05-20 14:59:24] CH1 data: {"text": "\u4e0b"}
[2026-05-20 14:59:24] CH1 data: {"text": "\u90a3"}
[2026-05-20 14:59:24] CH1 data: {"text": "\u4e00"}
[2026-05-20 14:59:24] CH1 data: {"text": "\u706f"}
[2026-05-20 14:59:24] CH1 data: {"text": "\u4e00"}
[2026-05-20 14:59:24] CH1 data: {"text": "\u5c38"}
[2026-05-20 14:59:24] CH1 data: {"text": "\uff0c"}
[2026-05-20 14:59:24] CH1 data: {"text": "\u5e74"}
[2026-05-20 14:59:24] CH1 data: {"text": "\u957f"}
[2026-05-20 14:59:24] CH1 data: {"text": "\u7684"}
[2026-05-20 14:59:24] CH1 data: {"text": "\u8fd8"}
[2026-05-20 14:59:24] CH1 data: {"text": "\u7a33"}
[2026-05-20 14:59:24] CH1 data: {"text": "\u5f97"}
[2026-05-20 14:59:24] CH1 data: {"text": "\u4f4f"}
[2026-05-20 14:59:24] CH1 data: {"text": "\uff0c"}
[2026-05-20 14:59:24] CH1 data: {"text": "\u5e74\u8f7b"}
[2026-05-20 14:59:24] CH1 data: {"text": "\u90a3\u4e2a"}
[2026-05-20 14:59:24] CH1 data: {"text": "\u80a9"}
[2026-05-20 14:59:24] CH1 data: {"text": "\u8180"}
[2026-05-20 14:59:24] CH1 data: {"text": "\u5148"}
[2026-05-20 14:59:24] CH1 data: {"text": "\u7ef7"}
[2026-05-20 14:59:24] CH1 data: {"text": "\u7d27"}
[2026-05-20 14:59:24] CH1 data: {"text": "\u4e86"}
[2026-05-20 14:59:24] CH1 data: {"text": "\uff0c"}
[2026-05-20 14:59:24] CH1 data: {"text": "\u624b"}
[2026-05-20 14:59:24] CH1 data: {"text": "\u90fd"}
[2026-05-20 14:59:24] CH1 data: {"text": "\u6478"}
[2026-05-20 14:59:24] CH1 data: {"text": "\u5230"}
[2026-05-20 14:59:24] CH1 data: {"text": "\u5200"}
[2026-05-20 14:59:24] CH1 data: {"text": "\u67c4"}
[2026-05-20 14:59:24] CH1 data: {"text": "\u3002\n\n"}
[2026-05-20 14:59:24] CH1 data: {"text": "\u201c"}
[2026-05-20 14:59:24] CH1 data: {"text": "\u522b"}
[2026-05-20 14:59:24] CH1 data: {"text": "\u8fdb"}
[2026-05-20 14:59:24] CH1 data: {"text": "\u3002\u201d"}
[2026-05-20 14:59:24] CH1 data: {"text": "\u6c88"}
[2026-05-20 14:59:25] CH1 data: {"text": "\u7167"}
[2026-05-20 14:59:25] CH1 data: {"text": "\u4e00\u53e5"}
[2026-05-20 14:59:25] CH1 data: {"text": "\u538b"}
[2026-05-20 14:59:25] CH1 data: {"text": "\u4f4f"}
[2026-05-20 14:59:25] CH1 data: {"text": "\uff0c\u201c"}
[2026-05-20 14:59:25] CH1 data: {"text": "\u90fd"}
[2026-05-20 14:59:25] CH1 data: {"text": "\u7ad9"}
[2026-05-20 14:59:25] CH1 data: {"text": "\u5728"}
[2026-05-20 14:59:25] CH1 data: {"text": "\u6c34"}
[2026-05-20 14:59:25] CH1 data: {"text": "\u7ebf"}
[2026-05-20 14:59:25] CH1 data: {"text": "\u5916"}
[2026-05-20 14:59:25] CH1 data: {"text": "\u3002\u201d\n\n"}
[2026-05-20 14:59:25] CH1 data: {"text": "\u4e24"}
[2026-05-20 14:59:25] CH1 data: {"text": "\u4eba"}
[2026-05-20 14:59:25] CH1 data: {"text": "\u7acb"}
[2026-05-20 14:59:25] CH1 data: {"text": "\u523b"}
[2026-05-20 14:59:25] CH1 data: {"text": "\u6536"}
[2026-05-20 14:59:25] CH1 data: {"text": "\u811a"}
[2026-05-20 14:59:25] CH1 data: {"text": "\u3002"}
[2026-05-20 14:59:25] CH1 data: {"text": "\u5e74"}
[2026-05-20 14:59:25] CH1 data: {"text": "\u957f"}
[2026-05-20 14:59:25] CH1 data: {"text": "\u5de1"}
[2026-05-20 14:59:25] CH1 data: {"text": "\u5352"}
[2026-05-20 14:59:25] CH1 data: {"text": "\u5f80"}
[2026-05-20 14:59:25] CH1 data: {"text": "\u91cc"}
[2026-05-20 14:59:25] CH1 data: {"text": "\u63a2"}
[2026-05-20 14:59:25] CH1 data: {"text": "\u4e86"}
[2026-05-20 14:59:25] CH1 data: {"text": "\u63a2"}
[2026-05-20 14:59:25] CH1 data: {"text": "\uff0c"}
[2026-05-20 14:59:25] CH1 data: {"text": "\u8138"}
[2026-05-20 14:59:25] CH1 data: {"text": "\u8272"}
[2026-05-20 14:59:25] CH1 data: {"text": "\u53d1"}
[2026-05-20 14:59:25] CH1 data: {"text": "\u767d"}
[2026-05-20 14:59:25] CH1 data: {"text": "\uff1a\u201c"}
[2026-05-20 14:59:25] CH1 data: {"text": "\u8fd9\u662f"}
[2026-05-20 14:59:25] CH1 data: {"text": "\u2026\u2026"}
[2026-05-20 14:59:25] CH1 data: {"text": "\u9b42"}
[2026-05-20 14:59:25] CH1 data: {"text": "\u706f"}
[2026-05-20 14:59:25] CH1 data: {"text": "\uff1f\u201d\n\n"}
[2026-05-20 14:59:25] CH1 data: {"text": "\u201c"}
[2026-05-20 14:59:25] CH1 data: {"text": "\u4f60"}
[2026-05-20 14:59:25] CH1 data: {"text": "\u770b"}
[2026-05-20 14:59:25] CH1 data: {"text": "\u89c1"}
[2026-05-20 14:59:25] CH1 data: {"text": "\u7684\u662f"}
[2026-05-20 14:59:25] CH1 data: {"text": "\u4e00"}
[2026-05-20 14:59:25] CH1 data: {"text": "\u5177"}
[2026-05-20 14:59:25] CH1 data: {"text": "\u5c38"}
[2026-05-20 14:59:25] CH1 data: {"text": "\uff0c\u4e00"}
[2026-05-20 14:59:25] CH1 data: {"text": "\u76cf"}
[2026-05-20 14:59:25] CH1 data: {"text": "\u706f"}
[2026-05-20 14:59:25] CH1 data: {"text": "\u3002\u201d"}
[2026-05-20 14:59:25] CH1 data: {"text": "\u6c88"}
[2026-05-20 14:59:25] CH1 data: {"text": "\u7167"}
[2026-05-20 14:59:25] CH1 data: {"text": "\u58f0\u97f3"}
[2026-05-20 14:59:25] CH1 data: {"text": "\u5f88"}
[2026-05-20 14:59:25] CH1 data: {"text": "\u5e73"}
[2026-05-20 14:59:25] CH1 data: {"text": "\uff0c\u201c"}
[2026-05-20 14:59:25] CH1 data: {"text": "\u522b"}
[2026-05-20 14:59:25] CH1 data: {"text": "\u591a"}
[2026-05-20 14:59:25] CH1 data: {"text": "\u62a5"}
[2026-05-20 14:59:25] CH1 data: {"text": "\uff0c\u4e5f"}
[2026-05-20 14:59:25] CH1 data: {"text": "\u522b"}
[2026-05-20 14:59:25] CH1 data: {"text": "\u5c11"}
[2026-05-20 14:59:25] CH1 data: {"text": "\u62a5"}
[2026-05-20 14:59:25] CH1 data: {"text": "\u3002\u201d\n\n"}
[2026-05-20 14:59:25] CH1 data: {"text": "\u5e74\u8f7b"}
[2026-05-20 14:59:25] CH1 data: {"text": "\u5de1"}
[2026-05-20 14:59:25] CH1 data: {"text": "\u5352"}
[2026-05-20 14:59:25] CH1 data: {"text": "\u5589"}
[2026-05-20 14:59:25] CH1 data: {"text": "\u7ed3"}
[2026-05-20 14:59:25] CH1 data: {"text": "\u6eda"}
[2026-05-20 14:59:25] CH1 data: {"text": "\u4e86\u4e00"}
[2026-05-20 14:59:25] CH1 data: {"text": "\u4e0b"}
[2026-05-20 14:59:25] CH1 data: {"text": "\uff1a\u201c"}
[2026-05-20 14:59:25] CH1 data: {"text": "\u8981"}
[2026-05-20 14:59:25] CH1 data: {"text": "\u62a5"}
[2026-05-20 14:59:25] CH1 data: {"text": "\u5b88"}
[2026-05-20 14:59:25] CH1 data: {"text": "\u5907"}
[2026-05-20 14:59:25] CH1 data: {"text": "\uff1f\u201d\n\n"}
[2026-05-20 14:59:25] CH1 data: {"text": "\u201c"}
[2026-05-20 14:59:25] CH1 data: {"text": "\u73b0\u5728"}
[2026-05-20 14:59:25] CH1 data: {"text": "\u5c31"}
[2026-05-20 14:59:25] CH1 data: {"text": "\u62a5"}
[2026-05-20 14:59:25] CH1 data: {"text": "\u3002\u201d"}
[2026-05-20 14:59:25] CH1 data: {"text": "\u6c88"}
[2026-05-20 14:59:25] CH1 data: {"text": "\u7167"}
[2026-05-20 14:59:25] CH1 data: {"text": "\u770b"}
[2026-05-20 14:59:26] CH1 data: {"text": "\u5411"}
[2026-05-20 14:59:26] CH1 data: {"text": "\u4ed6"}
[2026-05-20 14:59:28] CH1 data: {"text": "\uff0c\u201c"}
[2026-05-20 14:59:28] CH1 data: {"text": "\u5317"}
[2026-05-20 14:59:28] CH1 data: {"text": "\u57ce"}
[2026-05-20 14:59:28] CH1 data: {"text": "\u5e9f"}
[2026-05-20 14:59:28] CH1 data: {"text": "\u706f"}
[2026-05-20 14:59:28] CH1 data: {"text": "\u94fa"}
[2026-05-20 14:59:28] CH1 data: {"text": "\u6a90"}
[2026-05-20 14:59:28] CH1 data: {"text": "\u4e0b"}
[2026-05-20 14:59:28] CH1 data: {"text": "\uff0c"}
[2026-05-20 14:59:28] CH1 data: {"text": "\u7537"}
[2026-05-20 14:59:28] CH1 data: {"text": "\u5c38"}
[2026-05-20 14:59:28] CH1 data: {"text": "\u4e00"}
[2026-05-20 14:59:28] CH1 data: {"text": "\u5177"}
[2026-05-20 14:59:28] CH1 data: {"text": "\uff0c"}
[2026-05-20 14:59:28] CH1 data: {"text": "\u9b42"}
[2026-05-20 14:59:28] CH1 data: {"text": "\u706f"}
[2026-05-20 14:59:28] CH1 data: {"text": "\u4e00"}
[2026-05-20 14:59:28] CH1 data: {"text": "\u76cf"}
[2026-05-20 14:59:28] CH1 data: {"text": "\uff0c"}
[2026-05-20 14:59:28] CH1 data: {"text": "\u73b0\u573a"}
[2026-05-20 14:59:28] CH1 data: {"text": "\u672a"}
[2026-05-20 14:59:28] CH1 data: {"text": "\u52a8"}
[2026-05-20 14:59:28] CH1 data: {"text": "\u3002"}
[2026-05-20 14:59:28] CH1 data: {"text": "\u8bf7"}
[2026-05-20 14:59:28] CH1 data: {"text": "\u5b88"}
[2026-05-20 14:59:28] CH1 data: {"text": "\u5907"}
[2026-05-20 14:59:28] CH1 data: {"text": "\u4eb2"}
[2026-05-20 14:59:28] CH1 data: {"text": "\u6765"}
[2026-05-20 14:59:28] CH1 data: {"text": "\uff0c"}
[2026-05-20 14:59:28] CH1 data: {"text": "\u7167"}
[2026-05-20 14:59:28] CH1 data: {"text": "\u4f8b"}
[2026-05-20 14:59:28] CH1 data: {"text": "\u5e26"}
[2026-05-20 14:59:28] CH1 data: {"text": "\u4ef5"}
[2026-05-20 14:59:28] CH1 data: {"text": "\u4f5c"}
[2026-05-20 14:59:28] CH1 data: {"text": "\u3002"}
[2026-05-20 14:59:28] CH1 data: {"text": "\u8def"}
[2026-05-20 14:59:28] CH1 data: {"text": "\u4e0a"}
[2026-05-20 14:59:28] CH1 data: {"text": "\u522b"}
[2026-05-20 14:59:28] CH1 data: {"text": "\u8ba9"}
[2026-05-20 14:59:28] CH1 data: {"text": "\u95f2"}
[2026-05-20 14:59:28] CH1 data: {"text": "\u4eba"}
[2026-05-20 14:59:28] CH1 data: {"text": "\u8ddf"}
[2026-05-20 14:59:28] CH1 data: {"text": "\u7740"}
[2026-05-20 14:59:28] CH1 data: {"text": "\uff0c"}
[2026-05-20 14:59:28] CH1 data: {"text": "\u8c01"}
[2026-05-20 14:59:28] CH1 data: {"text": "\u95ee"}
[2026-05-20 14:59:28] CH1 data: {"text": "\uff0c\u4f60"}
[2026-05-20 14:59:28] CH1 data: {"text": "\u53ea"}
[2026-05-20 14:59:28] CH1 data: {"text": "\u56de"}
[2026-05-20 14:59:28] CH1 data: {"text": "\u4e00\u53e5"}
[2026-05-20 14:59:28] CH1 data: {"text": "\uff1a"}
[2026-05-20 14:59:28] CH1 data: {"text": "\u5317"}
[2026-05-20 14:59:28] CH1 data: {"text": "\u57ce"}
[2026-05-20 14:59:28] CH1 data: {"text": "\u51fa\u4e86"}
[2026-05-20 14:59:28] CH1 data: {"text": "\u4eba"}
[2026-05-20 14:59:28] CH1 data: {"text": "\u547d"}
[2026-05-20 14:59:28] CH1 data: {"text": "\u3002\u201d\n\n"}
[2026-05-20 14:59:28] CH1 data: {"text": "\u4ed6"}
[2026-05-20 14:59:28] CH1 data: {"text": "\u53c8"}
[2026-05-20 14:59:28] CH1 data: {"text": "\u8f6c"}
[2026-05-20 14:59:28] CH1 data: {"text": "\u5411"}
[2026-05-20 14:59:28] CH1 data: {"text": "\u5e74"}
[2026-05-20 14:59:28] CH1 data: {"text": "\u957f"}
[2026-05-20 14:59:28] CH1 data: {"text": "\u7684"}
[2026-05-20 14:59:28] CH1 data: {"text": "\uff1a\u201c"}
[2026-05-20 14:59:28] CH1 data: {"text": "\u4f60"}
[2026-05-20 14:59:28] CH1 data: {"text": "\u5b88"}
[2026-05-20 14:59:28] CH1 data: {"text": "\u5df7"}
[2026-05-20 14:59:28] CH1 data: {"text": "\u53e3"}
[2026-05-20 14:59:28] CH1 data: {"text": "\u3002"}
[2026-05-20 14:59:28] CH1 data: {"text": "\u66f4"}
[2026-05-20 14:59:28] CH1 data: {"text": "\u592b"}
[2026-05-20 14:59:28] CH1 data: {"text": "\u7ad9"}
[2026-05-20 14:59:28] CH1 data: {"text": "\u54ea"}
[2026-05-20 14:59:28] CH1 data: {"text": "\u513f"}
[2026-05-20 14:59:28] CH1 data: {"text": "\uff0c\u5c31"}
[2026-05-20 14:59:28] CH1 data: {"text": "\u8ba9"}
[2026-05-20 14:59:28] CH1 data: {"text": "\u4ed6"}
[2026-05-20 14:59:28] CH1 data: {"text": "\u7ad9"}
[2026-05-20 14:59:28] CH1 data: {"text": "\u54ea"}
[2026-05-20 14:59:28] CH1 data: {"text": "\u513f"}
[2026-05-20 14:59:28] CH1 data: {"text": "\u3002"}
[2026-05-20 14:59:28] CH1 data: {"text": "\u9664\u4e86"}
[2026-05-20 14:59:28] CH1 data: {"text": "\u6211"}
[2026-05-20 14:59:28] CH1 data: {"text": "\uff0c"}
[2026-05-20 14:59:28] CH1 data: {"text": "\u8c01"}
[2026-05-20 14:59:28] CH1 data: {"text": "\u90fd"}
[2026-05-20 14:59:28] CH1 data: {"text": "\u522b"}
[2026-05-20 14:59:28] CH1 data: {"text": "\u78b0"}
[2026-05-20 14:59:28] CH1 data: {"text": "\u706f"}
[2026-05-20 14:59:28] CH1 data: {"text": "\uff0c"}
[2026-05-20 14:59:28] CH1 data: {"text": "\u522b"}
[2026-05-20 14:59:28] CH1 data: {"text": "\u78b0"}
[2026-05-20 14:59:28] CH1 data: {"text": "\u5c38"}
[2026-05-20 14:59:28] CH1 data: {"text": "\u3002\u201d\n\n"}
[2026-05-20 14:59:28] CH1 data: {"text": "\u5e74"}
[2026-05-20 14:59:28] CH1 data: {"text": "\u957f"}
[2026-05-20 14:59:28] CH1 data: {"text": "\u5de1"}
[2026-05-20 14:59:28] CH1 data: {"text": "\u5352"}
[2026-05-20 14:59:28] CH1 data: {"text": "\u5e94"}
[2026-05-20 14:59:28] CH1 data: {"text": "\u4e86"}
[2026-05-20 14:59:28] CH1 data: {"text": "\uff0c"}
[2026-05-20 14:59:28] CH1 data: {"text": "\u6a2a"}
[2026-05-20 14:59:28] CH1 data: {"text": "\u4e00\u6b65"}
[2026-05-20 14:59:28] CH1 data: {"text": "\u62e6"}
[2026-05-20 14:59:28] CH1 data: {"text": "\u5728"}
[2026-05-20 14:59:28] CH1 data: {"text": "\u5df7"}
[2026-05-20 14:59:28] CH1 data: {"text": "\u5916"}
[2026-05-20 14:59:28] CH1 data: {"text": "\u3002"}
[2026-05-20 14:59:28] CH1 data: {"text": "\u5e74\u8f7b"}
[2026-05-20 14:59:28] CH1 data: {"text": "\u7684"}
[2026-05-20 14:59:28] CH1 data: {"text": "\u5374"}
[2026-05-20 14:59:28] CH1 data: {"text": "\u8fd8"}
[2026-05-20 14:59:28] CH1 data: {"text": "\u8fdf"}
[2026-05-20 14:59:28] CH1 data: {"text": "\u7591"}
[2026-05-20 14:59:28] CH1 data: {"text": "\uff1a\u201c"}
[2026-05-20 14:59:28] CH1 data: {"text": "\u82e5"}
[2026-05-20 14:59:28] CH1 data: {"text": "\u4e0a"}
[2026-05-20 14:59:28] CH1 data: {"text": "\u5934"}
[2026-05-20 14:59:28] CH1 data: {"text": "\u95ee"}
[2026-05-20 14:59:28] CH1 data: {"text": "\u662f\u4e0d\u662f"}
[2026-05-20 14:59:28] CH1 data: {"text": "\u5996"}
[2026-05-20 14:59:28] CH1 data: {"text": "\u6848"}
[2026-05-20 14:59:28] CH1 data: {"text": "\u2026\u2026\u201d\n\n"}
[2026-05-20 14:59:28] CH1 data: {"text": "\u6c88"}
[2026-05-20 14:59:28] CH1 data: {"text": "\u7167"}
[2026-05-20 14:59:28] CH1 data: {"text": "\u770b"}
[2026-05-20 14:59:28] CH1 data: {"text": "\u4e86"}
[2026-05-20 14:59:28] CH1 data: {"text": "\u4ed6"}
[2026-05-20 14:59:28] CH1 data: {"text": "\u4e00"}
[2026-05-20 14:59:28] CH1 data: {"text": "\u773c"}
[2026-05-20 14:59:29] CH1 data: {"text": "\u3002\n\n"}
[2026-05-20 14:59:29] CH1 data: {"text": "\u201c"}
[2026-05-20 14:59:29] CH1 data: {"text": "\u4f60"}
[2026-05-20 14:59:29] CH1 data: {"text": "\u53ea"}
[2026-05-20 14:59:29] CH1 data: {"text": "\u62a5"}
[2026-05-20 14:59:29] CH1 data: {"text": "\u4f60"}
[2026-05-20 14:59:29] CH1 data: {"text": "\u4eb2"}
[2026-05-20 14:59:29] CH1 data: {"text": "\u773c"}
[2026-05-20 14:59:29] CH1 data: {"text": "\u89c1"}
[2026-05-20 14:59:29] CH1 data: {"text": "\u5230"}
[2026-05-20 14:59:29] CH1 data: {"text": "\u7684"}
[2026-05-20 14:59:29] CH1 data: {"text": "\u3002"}
[2026-05-20 14:59:29] CH1 data: {"text": "\u5b9a"}
[2026-05-20 14:59:29] CH1 data: {"text": "\u6027"}
[2026-05-20 14:59:29] CH1 data: {"text": "\u4e0d"}
[2026-05-20 14:59:29] CH1 data: {"text": "\u5f52"}
[2026-05-20 14:59:29] CH1 data: {"text": "\u4f60"}
[2026-05-20 14:59:29] CH1 data: {"text": "\u3002\u201d\n\n"}
[2026-05-20 14:59:29] CH1 data: {"text": "\u90a3"}
[2026-05-20 14:59:29] CH1 data: {"text": "\u5de1"}
[2026-05-20 14:59:29] CH1 data: {"text": "\u5352"}
[2026-05-20 14:59:29] CH1 data: {"text": "\u88ab"}
[2026-05-20 14:59:29] CH1 data: {"text": "\u76ef"}
[2026-05-20 14:59:29] CH1 data: {"text": "\u5f97"}
[2026-05-20 14:59:29] CH1 data: {"text": "\u4e00"}
[2026-05-20 14:59:29] CH1 data: {"text": "\u51db"}
[2026-05-20 14:59:29] CH1 data: {"text": "\uff0c"}
[2026-05-20 14:59:29] CH1 data: {"text": "\u8d76"}
[2026-05-20 14:59:29] CH1 data: {"text": "\u7d27"}
[2026-05-20 14:59:29] CH1 data: {"text": "\u62b1"}
[2026-05-20 14:59:29] CH1 data: {"text": "\u62f3"}
[2026-05-20 14:59:29] CH1 data: {"text": "\uff0c"}
[2026-05-20 14:59:29] CH1 data: {"text": "\u8f6c"}
[2026-05-20 14:59:29] CH1 data: {"text": "\u8eab"}
[2026-05-20 14:59:29] CH1 data: {"text": "\u5c31"}
[2026-05-20 14:59:29] CH1 data: {"text": "\u8dd1"}
[2026-05-20 14:59:29] CH1 data: {"text": "\u3002"}
[2026-05-20 14:59:29] CH1 data: {"text": "\u84d1"}
[2026-05-20 14:59:29] CH1 data: {"text": "\u8863"}
[2026-05-20 14:59:29] CH1 data: {"text": "\u7529"}
[2026-05-20 14:59:29] CH1 data: {"text": "\u5f00"}
[2026-05-20 14:59:29] CH1 data: {"text": "\u4e00"}
[2026-05-20 14:59:29] CH1 data: {"text": "\u4e32"}
[2026-05-20 14:59:29] CH1 data: {"text": "\u6c34"}
[2026-05-20 14:59:29] CH1 data: {"text": "\uff0c"}
[2026-05-20 14:59:29] CH1 data: {"text": "\u811a"}
[2026-05-20 14:59:29] CH1 data: {"text": "\u6b65"}
[2026-05-20 14:59:29] CH1 data: {"text": "\u58f0"}
[2026-05-20 14:59:29] CH1 data: {"text": "\u6cbf"}
[2026-05-20 14:59:29] CH1 data: {"text": "\u7740"}
[2026-05-20 14:59:29] CH1 data: {"text": "\u66f4"}
[2026-05-20 14:59:29] CH1 data: {"text": "\u8def"}
[2026-05-20 14:59:29] CH1 data: {"text": "\u8fc5"}
[2026-05-20 14:59:29] CH1 data: {"text": "\u901f"}
[2026-05-20 14:59:29] CH1 data: {"text": "\u8fdc"}
[2026-05-20 14:59:29] CH1 data: {"text": "\u53bb"}
[2026-05-20 14:59:29] CH1 data: {"text": "\uff0c"}
[2026-05-20 14:59:29] CH1 data: {"text": "\u8f6c"}
[2026-05-20 14:59:29] CH1 data: {"text": "\u8fc7"}
[2026-05-20 14:59:29] CH1 data: {"text": "\u8857"}
[2026-05-20 14:59:29] CH1 data: {"text": "\u53e3"}
[2026-05-20 14:59:29] CH1 data: {"text": "\u4fbf"}
[2026-05-20 14:59:29] CH1 data: {"text": "\u53ea"}
[2026-05-20 14:59:29] CH1 data: {"text": "\u5269"}
[2026-05-20 14:59:29] CH1 data: {"text": "\u6a21"}
[2026-05-20 14:59:29] CH1 data: {"text": "\u7cca"}
[2026-05-20 14:59:29] CH1 data: {"text": "\u56de"}
[2026-05-20 14:59:29] CH1 data: {"text": "\u54cd"}
[2026-05-20 14:59:29] CH1 data: {"text": "\u3002\n\n"}
[2026-05-20 14:59:29] CH1 data: {"text": "\u96e8"}
[2026-05-20 14:59:29] CH1 data: {"text": "\u8fd8"}
[2026-05-20 14:59:29] CH1 data: {"text": "\u5728"}
[2026-05-20 14:59:29] CH1 data: {"text": "\u4e0b"}
[2026-05-20 14:59:29] CH1 data: {"text": "\u3002\n\n"}
[2026-05-20 14:59:29] CH1 data: {"text": "\u66f4"}
[2026-05-20 14:59:29] CH1 data: {"text": "\u592b"}
[2026-05-20 14:59:29] CH1 data: {"text": "\u7f29"}
[2026-05-20 14:59:29] CH1 data: {"text": "\u5728"}
[2026-05-20 14:59:29] CH1 data: {"text": "\u7816"}
[2026-05-20 14:59:29] CH1 data: {"text": "\u4e0a"}
[2026-05-20 14:59:29] CH1 data: {"text": "\uff0c"}
[2026-05-20 14:59:29] CH1 data: {"text": "\u62b1"}
[2026-05-20 14:59:29] CH1 data: {"text": "\u7740"}
[2026-05-20 14:59:29] CH1 data: {"text": "\u6728"}
[2026-05-20 14:59:29] CH1 data: {"text": "\u6886"}
[2026-05-20 14:59:29] CH1 data: {"text": "\uff0c"}
[2026-05-20 14:59:29] CH1 data: {"text": "\u8fde"}
[2026-05-20 14:59:29] CH1 data: {"text": "\u7259"}
[2026-05-20 14:59:29] CH1 data: {"text": "\u90fd"}
[2026-05-20 14:59:29] CH1 data: {"text": "\u6253"}
[2026-05-20 14:59:29] CH1 data: {"text": "\u98a4"}
[2026-05-20 14:59:29] CH1 data: {"text": "\u3002"}
[2026-05-20 14:59:30] CH1 data: {"text": "\u6a90"}
[2026-05-20 14:59:30] CH1 data: {"text": "\u4e0b"}
[2026-05-20 14:59:30] CH1 data: {"text": "\u90a3"}
[2026-05-20 14:59:30] CH1 data: {"text": "\u5177"}
[2026-05-20 14:59:30] CH1 data: {"text": "\u5c38"}
[2026-05-20 14:59:30] CH1 data: {"text": "\u4ecd"}
[2026-05-20 14:59:30] CH1 data: {"text": "\u65e7"}
[2026-05-20 14:59:30] CH1 data: {"text": "\u8dea"}
[2026-05-20 14:59:30] CH1 data: {"text": "\u7740"}
[2026-05-20 14:59:30] CH1 data: {"text": "\uff0c"}
[2026-05-20 14:59:30] CH1 data: {"text": "\u50cf"}
[2026-05-20 14:59:30] CH1 data: {"text": "\u662f\u5728"}
[2026-05-20 14:59:30] CH1 data: {"text": "\u7b49"}
[2026-05-20 14:59:30] CH1 data: {"text": "\u8c01"}
[2026-05-20 14:59:30] CH1 data: {"text": "\u6765"}
[2026-05-20 14:59:30] CH1 data: {"text": "\u8ba4"}
[2026-05-20 14:59:30] CH1 data: {"text": "\u3002"}
[2026-05-20 14:59:30] CH1 data: {"text": "\u6c88"}
[2026-05-20 14:59:30] CH1 data: {"text": "\u7167"}
[2026-05-20 14:59:30] CH1 data: {"text": "\u7ad9"}
[2026-05-20 14:59:30] CH1 data: {"text": "\u56de"}
[2026-05-20 14:59:30] CH1 data: {"text": "\u5df7"}
[2026-05-20 14:59:30] CH1 data: {"text": "\u53e3"}
[2026-05-20 14:59:30] CH1 data: {"text": "\u534a"}
[2026-05-20 14:59:30] CH1 data: {"text": "\u6b65"}
[2026-05-20 14:59:30] CH1 data: {"text": "\uff0c\u4e00"}
[2026-05-20 14:59:30] CH1 data: {"text": "\u773c"}
[2026-05-20 14:59:30] CH1 data: {"text": "\u770b"}
[2026-05-20 14:59:30] CH1 data: {"text": "\u706f"}
[2026-05-20 14:59:30] CH1 data: {"text": "\uff0c\u4e00"}
[2026-05-20 14:59:30] CH1 data: {"text": "\u773c"}
[2026-05-20 14:59:30] CH1 data: {"text": "\u770b"}
[2026-05-20 14:59:30] CH1 data: {"text": "\u8857"}
[2026-05-20 14:59:30] CH1 data: {"text": "\uff0c"}
[2026-05-20 14:59:30] CH1 data: {"text": "\u8896"}
[2026-05-20 14:59:30] CH1 data: {"text": "\u91cc"}
[2026-05-20 14:59:30] CH1 data: {"text": "\u90a3"}
[2026-05-20 14:59:30] CH1 data: {"text": "\u53ea"}
[2026-05-20 14:59:30] CH1 data: {"text": "\u521a"}
[2026-05-20 14:59:30] CH1 data: {"text": "\u78b0"}
[2026-05-20 14:59:30] CH1 data: {"text": "\u8fc7"}
[2026-05-20 14:59:30] CH1 data: {"text": "\u5c38"}
[2026-05-20 14:59:30] CH1 data: {"text": "\u638c"}
[2026-05-20 14:59:30] CH1 data: {"text": "\u7684"}
[2026-05-20 14:59:30] CH1 data: {"text": "\u624b"}
[2026-05-20 14:59:30] CH1 data: {"text": "\u6162"}
[2026-05-20 14:59:30] CH1 data: {"text": "\u6162"}
[2026-05-20 14:59:30] CH1 data: {"text": "\u6525"}
[2026-05-20 14:59:30] CH1 data: {"text": "\u7d27"}
[2026-05-20 14:59:30] CH1 data: {"text": "\u3002\n\n"}
[2026-05-20 14:59:30] CH1 data: {"text": "\u4e00"}
[2026-05-20 14:59:30] CH1 data: {"text": "\u56e2"}
[2026-05-20 14:59:30] CH1 data: {"text": "\u706f"}
[2026-05-20 14:59:30] CH1 data: {"text": "\u7070"}
[2026-05-20 14:59:30] CH1 data: {"text": "\uff0c\u4e00\u4e2a"}
[2026-05-20 14:59:30] CH1 data: {"text": "\u65e7"}
[2026-05-20 14:59:30] CH1 data: {"text": "\u5370"}
[2026-05-20 14:59:30] CH1 data: {"text": "\uff0c\u628a"}
[2026-05-20 14:59:30] CH1 data: {"text": "\u8fd9"}
[2026-05-20 14:59:30] CH1 data: {"text": "\u6761"}
[2026-05-20 14:59:30] CH1 data: {"text": "\u96e8"}
[2026-05-20 14:59:30] CH1 data: {"text": "\u5df7"}
[2026-05-20 14:59:30] CH1 data: {"text": "\u5f80"}
[2026-05-20 14:59:30] CH1 data: {"text": "\u66f4"}
[2026-05-20 14:59:30] CH1 data: {"text": "\u6df1"}
[2026-05-20 14:59:30] CH1 data: {"text": "\u5904"}
[2026-05-20 14:59:30] CH1 data: {"text": "\u62fd"}
[2026-05-20 14:59:30] CH1 data: {"text": "\u4e86\u4e00"}
[2026-05-20 14:59:30] CH1 data: {"text": "\u622a"}
[2026-05-20 14:59:30] CH1 data: {"text": "\u3002\n\n"}
[2026-05-20 14:59:30] CH1 data: {"text": "\u800c"}
[2026-05-20 14:59:30] CH1 data: {"text": "\u62a5"}
[2026-05-20 14:59:30] CH1 data: {"text": "\u4fe1"}
[2026-05-20 14:59:30] CH1 data: {"text": "\u7684\u4eba"}
[2026-05-20 14:59:30] CH1 data: {"text": "\u5df2\u7ecf"}
[2026-05-20 14:59:30] CH1 data: {"text": "\u5954"}
[2026-05-20 14:59:30] CH1 data: {"text": "\u51fa\u4e86"}
[2026-05-20 14:59:30] CH1 data: {"text": "\u5df7"}
[2026-05-20 14:59:30] CH1 data: {"text": "\u5b50"}
[2026-05-20 14:59:30] CH1 data: {"text": "\u3002"}
[2026-05-20 14:59:30] CH1 data: {"text": "\u5b98"}
[2026-05-20 14:59:30] CH1 data: {"text": "\u5e9c"}
[2026-05-20 14:59:30] CH1 data: {"text": "\u7684\u4eba"}
[2026-05-20 14:59:30] CH1 data: {"text": "\uff0c\u8981"}
[2026-05-20 14:59:30] CH1 data: {"text": "\u6765\u4e86"}
[2026-05-20 14:59:30] CH1 data: {"text": "\u3002"}
[2026-05-20 14:59:30] CH1 data: {"text": "\n\n"}
[2026-05-20 15:01:39] CH1 data: {"text": "\u96e8"}
[2026-05-20 15:01:39] CH1 data: {"text": "\u811a"}
[2026-05-20 15:01:39] CH1 data: {"text": "\u6572"}
[2026-05-20 15:01:39] CH1 data: {"text": "\u7740"}
[2026-05-20 15:01:39] CH1 data: {"text": "\u6a90"}
[2026-05-20 15:01:39] CH1 data: {"text": "\u6cbf"}
[2026-05-20 15:01:39] CH1 data: {"text": "\uff0c"}
[2026-05-20 15:01:39] CH1 data: {"text": "\u7ec6"}
[2026-05-20 15:01:39] CH1 data: {"text": "\uff0c"}
[2026-05-20 15:01:39] CH1 data: {"text": "\u5bc6"}
[2026-05-20 15:01:39] CH1 data: {"text": "\u3002"}
[2026-05-20 15:01:39] CH1 data: {"text": "\u5df7"}
[2026-05-20 15:01:39] CH1 data: {"text": "\u53e3"}
[2026-05-20 15:01:39] CH1 data: {"text": "\u90a3"}
[2026-05-20 15:01:39] CH1 data: {"text": "\u6ee9"}
[2026-05-20 15:01:39] CH1 data: {"text": "\u79ef"}
[2026-05-20 15:01:39] CH1 data: {"text": "\u6c34"}
[2026-05-20 15:01:39] CH1 data: {"text": "\u6162"}
[2026-05-20 15:01:39] CH1 data: {"text": "\u6162"}
[2026-05-20 15:01:39] CH1 data: {"text": "\u6da8"}
[2026-05-20 15:01:39] CH1 data: {"text": "\u5e73"}
[2026-05-20 15:01:40] CH1 data: {"text": "\uff0c\u628a"}
[2026-05-20 15:01:40] CH1 data: {"text": "\u66f4"}
[2026-05-20 15:01:40] CH1 data: {"text": "\u592b"}
[2026-05-20 15:01:40] CH1 data: {"text": "\u811a"}
[2026-05-20 15:01:40] CH1 data: {"text": "\u8fb9"}
[2026-05-20 15:01:40] CH1 data: {"text": "\u4e00"}
[2026-05-20 15:01:40] CH1 data: {"text": "\u6761"}
[2026-05-20 15:01:40] CH1 data: {"text": "\u7816"}
[2026-05-20 15:01:40] CH1 data: {"text": "\u7f1d"}
[2026-05-20 15:01:40] CH1 data: {"text": "\u541e"}
[2026-05-20 15:01:40] CH1 data: {"text": "\u4e86"}
[2026-05-20 15:01:40] CH1 data: {"text": "\u4e0b"}
[2026-05-20 15:01:40] CH1 data: {"text": "\u53bb"}
[2026-05-20 15:01:40] CH1 data: {"text": "\u3002"}
[2026-05-20 15:01:40] CH1 data: {"text": "\u6a2a"}
[2026-05-20 15:01:40] CH1 data: {"text": "\u5728"}
[2026-05-20 15:01:40] CH1 data: {"text": "\u5916"}
[2026-05-20 15:01:40] CH1 data: {"text": "\u5934"}
[2026-05-20 15:01:40] CH1 data: {"text": "\u7684"}
[2026-05-20 15:01:40] CH1 data: {"text": "\u5de1"}
[2026-05-20 15:01:40] CH1 data: {"text": "\u5200"}
[2026-05-20 15:01:40] CH1 data: {"text": "\u53cd"}
[2026-05-20 15:01:40] CH1 data: {"text": "\u7740"}
[2026-05-20 15:01:40] CH1 data: {"text": "\u51b7"}
[2026-05-20 15:01:40] CH1 data: {"text": "\u5149"}
[2026-05-20 15:01:40] CH1 data: {"text": "\uff0c"}
[2026-05-20 15:01:40] CH1 data: {"text": "\u5e74"}
[2026-05-20 15:01:40] CH1 data: {"text": "\u957f"}
[2026-05-20 15:01:40] CH1 data: {"text": "\u5de1"}
[2026-05-20 15:01:40] CH1 data: {"text": "\u5352"}
[2026-05-20 15:01:40] CH1 data: {"text": "\u534a"}
[2026-05-20 15:01:40] CH1 data: {"text": "\u6b65"}
[2026-05-20 15:01:40] CH1 data: {"text": "\u4e0d"}
[2026-05-20 15:01:40] CH1 data: {"text": "\u632a"}
[2026-05-20 15:01:40] CH1 data: {"text": "\uff0c"}
[2026-05-20 15:01:40] CH1 data: {"text": "\u8033"}
[2026-05-20 15:01:40] CH1 data: {"text": "\u6735"}
[2026-05-20 15:01:40] CH1 data: {"text": "\u53ea"}
[2026-05-20 15:01:40] CH1 data: {"text": "\u671d"}
[2026-05-20 15:01:40] CH1 data: {"text": "\u5357"}
[2026-05-20 15:01:40] CH1 data: {"text": "\u8857"}
[2026-05-20 15:01:40] CH1 data: {"text": "\u652f"}
[2026-05-20 15:01:40] CH1 data: {"text": "\u7740"}
[2026-05-20 15:01:40] CH1 data: {"text": "\u3002\n\n"}
[2026-05-20 15:01:40] CH1 data: {"text": "\u706f"}
[2026-05-20 15:01:40] CH1 data: {"text": "\u8179"}
[2026-05-20 15:01:40] CH1 data: {"text": "\u91cc\u7684"}
[2026-05-20 15:01:40] CH1 data: {"text": "\u706b"}
[2026-05-20 15:01:40] CH1 data: {"text": "\u6bd4"}
[2026-05-20 15:01:40] CH1 data: {"text": "\u5148"}
[2026-05-20 15:01:40] CH1 data: {"text": "\u524d"}
[2026-05-20 15:01:40] CH1 data: {"text": "\u4f4e"}
[2026-05-20 15:01:40] CH1 data: {"text": "\u4e86\u4e00"}
[2026-05-20 15:01:40] CH1 data: {"text": "\u622a"}
[2026-05-20 15:01:40] CH1 data: {"text": "\uff0c"}
[2026-05-20 15:01:40] CH1 data: {"text": "\u6a90"}
[2026-05-20 15:01:40] CH1 data: {"text": "\u6ef4"}
[2026-05-20 15:01:40] CH1 data: {"text": "\u4e5f"}
[2026-05-20 15:01:40] CH1 data: {"text": "\u6362"}
[2026-05-20 15:01:40] CH1 data: {"text": "\u4e86"}
[2026-05-20 15:01:40] CH1 data: {"text": "\u51e0"}
[2026-05-20 15:01:40] CH1 data: {"text": "\u56de"}
[2026-05-20 15:01:40] CH1 data: {"text": "\u8f7b"}
[2026-05-20 15:01:40] CH1 data: {"text": "\u91cd"}
[2026-05-20 15:01:40] CH1 data: {"text": "\uff0c"}
[2026-05-20 15:01:40] CH1 data: {"text": "\u7ea6"}
[2026-05-20 15:01:40] CH1 data: {"text": "\u6478"}
[2026-05-20 15:01:40] CH1 data: {"text": "\u4e24"}
[2026-05-20 15:01:40] CH1 data: {"text": "\u523b"}
[2026-05-20 15:01:40] CH1 data: {"text": "\u8fc7\u53bb"}
[2026-05-20 15:01:40] CH1 data: {"text": "\uff0c"}
[2026-05-20 15:01:40] CH1 data: {"text": "\u5357"}
[2026-05-20 15:01:40] CH1 data: {"text": "\u8fb9"}
[2026-05-20 15:01:40] CH1 data: {"text": "\u624d"}
[2026-05-20 15:01:40] CH1 data: {"text": "\u4e71"}
[2026-05-20 15:01:40] CH1 data: {"text": "\u8d77"}
[2026-05-20 15:01:40] CH1 data: {"text": "\u4e00"}
[2026-05-20 15:01:40] CH1 data: {"text": "\u4e32"}
[2026-05-20 15:01:40] CH1 data: {"text": "\u63d0"}
[2026-05-20 15:01:40] CH1 data: {"text": "\u706f"}
[2026-05-20 15:01:40] CH1 data: {"text": "\u3002"}
[2026-05-20 15:01:40] CH1 data: {"text": "\u524d"}
[2026-05-20 15:01:40] CH1 data: {"text": "\u5934"}
[2026-05-20 15:01:40] CH1 data: {"text": "\u662f"}
[2026-05-20 15:01:40] CH1 data: {"text": "\u53bb"}
[2026-05-20 15:01:40] CH1 data: {"text": "\u62a5"}
[2026-05-20 15:01:40] CH1 data: {"text": "\u4fe1"}
[2026-05-20 15:01:40] CH1 data: {"text": "\u7684"}
[2026-05-20 15:01:40] CH1 data: {"text": "\u5e74\u8f7b"}
[2026-05-20 15:01:40] CH1 data: {"text": "\u5de1"}
[2026-05-20 15:01:40] CH1 data: {"text": "\u5352"}
[2026-05-20 15:01:40] CH1 data: {"text": "\uff0c"}
[2026-05-20 15:01:40] CH1 data: {"text": "\u8dd1"}
[2026-05-20 15:01:40] CH1 data: {"text": "\u5f97"}
[2026-05-20 15:01:40] CH1 data: {"text": "\u4e0a"}
[2026-05-20 15:01:40] CH1 data: {"text": "\u6c14"}
[2026-05-20 15:01:40] CH1 data: {"text": "\u4e0d"}
[2026-05-20 15:01:40] CH1 data: {"text": "\u63a5"}
[2026-05-20 15:01:40] CH1 data: {"text": "\u4e0b"}
[2026-05-20 15:01:40] CH1 data: {"text": "\u6c14"}
[2026-05-20 15:01:40] CH1 data: {"text": "\uff1b"}
[2026-05-20 15:01:40] CH1 data: {"text": "\u540e"}
[2026-05-20 15:01:40] CH1 data: {"text": "\u5934"}
[2026-05-20 15:01:40] CH1 data: {"text": "\u8ddf"}
[2026-05-20 15:01:40] CH1 data: {"text": "\u7740"}
[2026-05-20 15:01:40] CH1 data: {"text": "\u4e03"}
[2026-05-20 15:01:40] CH1 data: {"text": "\u516b"}
[2026-05-20 15:01:40] CH1 data: {"text": "\u4e2a\u4eba"}
[2026-05-20 15:01:40] CH1 data: {"text": "\uff0c"}
[2026-05-20 15:01:40] CH1 data: {"text": "\u9774"}
[2026-05-20 15:01:40] CH1 data: {"text": "\u5e95"}
[2026-05-20 15:01:40] CH1 data: {"text": "\u8e0f"}
[2026-05-20 15:01:40] CH1 data: {"text": "\u6c34"}
[2026-05-20 15:01:40] CH1 data: {"text": "\uff0c"}
[2026-05-20 15:01:40] CH1 data: {"text": "\u556a\u556a"}
[2026-05-20 15:01:40] CH1 data: {"text": "\u76f4"}
[2026-05-20 15:01:40] CH1 data: {"text": "\u54cd"}
[2026-05-20 15:01:40] CH1 data: {"text": "\uff0c"}
[2026-05-20 15:01:40] CH1 data: {"text": "\u706b"}
[2026-05-20 15:01:40] CH1 data: {"text": "\u628a"}
[2026-05-20 15:01:41] CH1 data: {"text": "\u4e00"}
[2026-05-20 15:01:41] CH1 data: {"text": "\u7167"}
[2026-05-20 15:01:41] CH1 data: {"text": "\uff0c"}
[2026-05-20 15:01:41] CH1 data: {"text": "\u8fde"}
[2026-05-20 15:01:41] CH1 data: {"text": "\u5e9f"}
[2026-05-20 15:01:41] CH1 data: {"text": "\u706f"}
[2026-05-20 15:01:41] CH1 data: {"text": "\u94fa"}
[2026-05-20 15:01:41] CH1 data: {"text": "\u95e8"}
[2026-05-20 15:01:41] CH1 data: {"text": "\u677f"}
[2026-05-20 15:01:41] CH1 data: {"text": "\u4e0a\u7684"}
[2026-05-20 15:01:41] CH1 data: {"text": "\u9709"}
[2026-05-20 15:01:41] CH1 data: {"text": "\u6591"}
[2026-05-20 15:01:41] CH1 data: {"text": "\u90fd"}
[2026-05-20 15:01:41] CH1 data: {"text": "\u7ffb"}
[2026-05-20 15:01:41] CH1 data: {"text": "\u4e86"}
[2026-05-20 15:01:41] CH1 data: {"text": "\u51fa\u6765"}
[2026-05-20 15:01:41] CH1 data: {"text": "\u3002\n\n"}
[2026-05-20 15:01:41] CH1 data: {"text": "\u5b88"}
[2026-05-20 15:01:41] CH1 data: {"text": "\u5907"}
[2026-05-20 15:01:41] CH1 data: {"text": "\u6765"}
[2026-05-20 15:01:41] CH1 data: {"text": "\u5f97"}
[2026-05-20 15:01:41] CH1 data: {"text": "\u6025"}
[2026-05-20 15:01:41] CH1 data: {"text": "\uff0c"}
[2026-05-20 15:01:41] CH1 data: {"text": "\u7532"}
[2026-05-20 15:01:41] CH1 data: {"text": "\u7247"}
[2026-05-20 15:01:41] CH1 data: {"text": "\u8fd8"}
[2026-05-20 15:01:41] CH1 data: {"text": "\u6cbe"}
[2026-05-20 15:01:41] CH1 data: {"text": "\u7740"}
[2026-05-20 15:01:41] CH1 data: {"text": "\u591c"}
[2026-05-20 15:01:41] CH1 data: {"text": "\u6c34"}
[2026-05-20 15:01:41] CH1 data: {"text": "\uff0c"}
[2026-05-20 15:01:41] CH1 data: {"text": "\u8fdb"}
[2026-05-20 15:01:41] CH1 data: {"text": "\u5df7"}
[2026-05-20 15:01:41] CH1 data: {"text": "\u5148"}
[2026-05-20 15:01:41] CH1 data: {"text": "\u770b"}
[2026-05-20 15:01:41] CH1 data: {"text": "\u706f"}
[2026-05-20 15:01:41] CH1 data: {"text": "\uff0c\u518d"}
[2026-05-20 15:01:41] CH1 data: {"text": "\u770b"}
[2026-05-20 15:01:41] CH1 data: {"text": "\u5c38"}
[2026-05-20 15:01:41] CH1 data: {"text": "\uff0c"}
[2026-05-20 15:01:41] CH1 data: {"text": "\u6700\u540e"}
[2026-05-20 15:01:41] CH1 data: {"text": "\u624d"}
[2026-05-20 15:01:41] CH1 data: {"text": "\u628a"}
[2026-05-20 15:01:41] CH1 data: {"text": "\u76ee"}
[2026-05-20 15:01:41] CH1 data: {"text": "\u5149"}
[2026-05-20 15:01:41] CH1 data: {"text": "\u843d"}
[2026-05-20 15:01:41] CH1 data: {"text": "\u5230"}
[2026-05-20 15:01:41] CH1 data: {"text": "\u6c88"}
[2026-05-20 15:01:41] CH1 data: {"text": "\u7167"}
[2026-05-20 15:01:41] CH1 data: {"text": "\u8138"}
[2026-05-20 15:01:41] CH1 data: {"text": "\u4e0a"}
[2026-05-20 15:01:41] CH1 data: {"text": "\u3002"}
[2026-05-20 15:01:41] CH1 data: {"text": "\u90a3"}
[2026-05-20 15:01:41] CH1 data: {"text": "\u4e00"}
[2026-05-20 15:01:42] CH1 data: {"text": "\u773c"}
[2026-05-20 15:01:42] CH1 data: {"text": "\u538b"}
[2026-05-20 15:01:42] CH1 data: {"text": "\u5f97"}
[2026-05-20 15:01:42] CH1 data: {"text": "\u5f88"}
[2026-05-20 15:01:42] CH1 data: {"text": "\u6c89"}
[2026-05-20 15:01:42] CH1 data: {"text": "\u3002"}
[2026-05-20 15:01:42] CH1 data: {"text": "\u5de6"}
[2026-05-20 15:01:42] CH1 data: {"text": "\u540e"}
[2026-05-20 15:01:42] CH1 data: {"text": "\u4fa7"}
[2026-05-20 15:01:42] CH1 data: {"text": "\u8fd8"}
[2026-05-20 15:01:42] CH1 data: {"text": "\u8ddf"}
[2026-05-20 15:01:42] CH1 data: {"text": "\u7740"}
[2026-05-20 15:01:42] CH1 data: {"text": "\u4e2a"}
[2026-05-20 15:01:42] CH1 data: {"text": "\u62ab"}
[2026-05-20 15:01:42] CH1 data: {"text": "\u9ed1"}
[2026-05-20 15:01:42] CH1 data: {"text": "\u84d1"}
[2026-05-20 15:01:42] CH1 data: {"text": "\u7684"}
[2026-05-20 15:01:42] CH1 data: {"text": "\uff0c"}
[2026-05-20 15:01:42] CH1 data: {"text": "\u96e8"}
[2026-05-20 15:01:42] CH1 data: {"text": "\u5e3d"}
[2026-05-20 15:01:42] CH1 data: {"text": "\u538b"}
[2026-05-20 15:01:42] CH1 data: {"text": "\u4f4e"}
[2026-05-20 15:01:42] CH1 data: {"text": "\uff0c"}
[2026-05-20 15:01:42] CH1 data: {"text": "\u80a9"}
[2026-05-20 15:01:42] CH1 data: {"text": "\u80cc"}
[2026-05-20 15:01:42] CH1 data: {"text": "\u7eb9"}
[2026-05-20 15:01:42] CH1 data: {"text": "\u4e1d"}
[2026-05-20 15:01:42] CH1 data: {"text": "\u4e0d"}
[2026-05-20 15:01:42] CH1 data: {"text": "\u52a8"}
[2026-05-20 15:01:42] CH1 data: {"text": "\uff0c"}
[2026-05-20 15:01:42] CH1 data: {"text": "\u50cf"}
[2026-05-20 15:01:42] CH1 data: {"text": "\u6839"}
[2026-05-20 15:01:42] CH1 data: {"text": "\u63d2"}
[2026-05-20 15:01:42] CH1 data: {"text": "\u5728"}
[2026-05-20 15:01:42] CH1 data: {"text": "\u6ce5"}
[2026-05-20 15:01:42] CH1 data: {"text": "\u91cc\u7684"}
[2026-05-20 15:01:42] CH1 data: {"text": "\u9489"}
[2026-05-20 15:01:42] CH1 data: {"text": "\u3002"}
[2026-05-20 15:01:42] CH1 data: {"text": "\u4ef5"}
[2026-05-20 15:01:42] CH1 data: {"text": "\u4f5c"}
[2026-05-20 15:01:42] CH1 data: {"text": "\u62b1"}
[2026-05-20 15:01:42] CH1 data: {"text": "\u7740"}
[2026-05-20 15:01:42] CH1 data: {"text": "\u9a8c"}
[2026-05-20 15:01:42] CH1 data: {"text": "\u5305"}
[2026-05-20 15:01:42] CH1 data: {"text": "\u843d"}
[2026-05-20 15:01:42] CH1 data: {"text": "\u5728"}
[2026-05-20 15:01:42] CH1 data: {"text": "\u672b"}
[2026-05-20 15:01:42] CH1 data: {"text": "\u5c3e"}
[2026-05-20 15:01:42] CH1 data: {"text": "\uff0c"}
[2026-05-20 15:01:42] CH1 data: {"text": "\u8138"}
[2026-05-20 15:01:42] CH1 data: {"text": "\u8272"}
[2026-05-20 15:01:42] CH1 data: {"text": "\u88ab"}
[2026-05-20 15:01:42] CH1 data: {"text": "\u706b"}
[2026-05-20 15:01:42] CH1 data: {"text": "\u7167"}
[2026-05-20 15:01:42] CH1 data: {"text": "\u5f97"}
[2026-05-20 15:01:43] CH1 data: {"text": "\u53d1"}
[2026-05-20 15:01:43] CH1 data: {"text": "\u9752"}
[2026-05-20 15:01:43] CH1 data: {"text": "\u3002\n\n"}
[2026-05-20 15:01:43] CH1 data: {"text": "\u201c"}
[2026-05-20 15:01:43] CH1 data: {"text": "\u5c01"}
[2026-05-20 15:01:43] CH1 data: {"text": "\u5df7"}
[2026-05-20 15:01:43] CH1 data: {"text": "\u3002\u201d"}
[2026-05-20 15:01:43] CH1 data: {"text": "\u5b88"}
[2026-05-20 15:01:43] CH1 data: {"text": "\u5907"}
[2026-05-20 15:01:43] CH1 data: {"text": "\u5f00"}
[2026-05-20 15:01:43] CH1 data: {"text": "\u53e3"}
[2026-05-20 15:01:43] CH1 data: {"text": "\u5c31"}
[2026-05-20 15:01:43] CH1 data: {"text": "\u4e0b"}
[2026-05-20 15:01:43] CH1 data: {"text": "\u4ee4"}
[2026-05-20 15:01:43] CH1 data: {"text": "\uff0c\u201c"}
[2026-05-20 15:01:43] CH1 data: {"text": "\u95f2"}
[2026-05-20 15:01:43] CH1 data: {"text": "\u4eba"}
[2026-05-20 15:01:43] CH1 data: {"text": "\u9000"}
[2026-05-20 15:01:43] CH1 data: {"text": "\u8fdc"}
[2026-05-20 15:01:43] CH1 data: {"text": "\uff0c"}
[2026-05-20 15:01:43] CH1 data: {"text": "\u6848"}
[2026-05-20 15:01:43] CH1 data: {"text": "\u518c"}
[2026-05-20 15:01:43] CH1 data: {"text": "\u62ff"}
[2026-05-20 15:01:43] CH1 data: {"text": "\u6765"}
[2026-05-20 15:01:43] CH1 data: {"text": "\u3002\u201d\n\n"}
[2026-05-20 15:01:43] CH1 data: {"text": "\u5dee"}
[2026-05-20 15:01:43] CH1 data: {"text": "\u5f79"}
[2026-05-20 15:01:43] CH1 data: {"text": "\u5e94"}
[2026-05-20 15:01:43] CH1 data: {"text": "\u58f0"}
[2026-05-20 15:01:43] CH1 data: {"text": "\u6563"}
[2026-05-20 15:01:43] CH1 data: {"text": "\u5f00"}
[2026-05-20 15:01:43] CH1 data: {"text": "\uff0c\u6709"}
[2026-05-20 15:01:43] CH1 data: {"text": "\u7684"}
[2026-05-20 15:01:43] CH1 data: {"text": "\u8d76"}
[2026-05-20 15:01:43] CH1 data: {"text": "\u4eba"}
[2026-05-20 15:01:43] CH1 data: {"text": "\uff0c\u6709"}
[2026-05-20 15:01:43] CH1 data: {"text": "\u7684"}
[2026-05-20 15:01:43] CH1 data: {"text": "\u62bd"}
[2026-05-20 15:01:43] CH1 data: {"text": "\u51fa"}
[2026-05-20 15:01:43] CH1 data: {"text": "\u9ebb"}
[2026-05-20 15:01:43] CH1 data: {"text": "\u7ef3"}
[2026-05-20 15:01:43] CH1 data: {"text": "\uff0c"}
[2026-05-20 15:01:43] CH1 data: {"text": "\u5f80"}
[2026-05-20 15:01:43] CH1 data: {"text": "\u5df7"}
[2026-05-20 15:01:43] CH1 data: {"text": "\u53e3"}
[2026-05-20 15:01:43] CH1 data: {"text": "\u4e24"}
[2026-05-20 15:01:43] CH1 data: {"text": "\u8fb9"}
[2026-05-20 15:01:43] CH1 data: {"text": "\u4e00"}
[2026-05-20 15:01:43] CH1 data: {"text": "\u6302"}
[2026-05-20 15:01:43] CH1 data: {"text": "\uff0c"}
[2026-05-20 15:01:43] CH1 data: {"text": "\u4e34"}
[2026-05-20 15:01:43] CH1 data: {"text": "\u65f6"}
[2026-05-20 15:01:43] CH1 data: {"text": "\u62c9"}
[2026-05-20 15:01:43] CH1 data: {"text": "\u8d77"}
[2026-05-20 15:01:43] CH1 data: {"text": "\u4e00\u9053"}
[2026-05-20 15:01:44] CH1 data: {"text": "\u5c01"}
[2026-05-20 15:01:44] CH1 data: {"text": "\u7ebf"}
[2026-05-20 15:01:44] CH1 data: {"text": "\u3002"}
[2026-05-20 15:01:44] CH1 data: {"text": "\u6cbf"}
[2026-05-20 15:01:44] CH1 data: {"text": "\u8857"}
[2026-05-20 15:01:44] CH1 data: {"text": "\u51e0"}
[2026-05-20 15:01:44] CH1 data: {"text": "\u6247"}
[2026-05-20 15:01:44] CH1 data: {"text": "\u7a97"}
[2026-05-20 15:01:44] CH1 data: {"text": "\u7eb8"}
[2026-05-20 15:01:44] CH1 data: {"text": "\u88ab"}
[2026-05-20 15:01:44] CH1 data: {"text": "\u706b"}
[2026-05-20 15:01:44] CH1 data: {"text": "\u5149"}
[2026-05-20 15:01:44] CH1 data: {"text": "\u4e00"}
[2026-05-20 15:01:44] CH1 data: {"text": "\u8214"}
[2026-05-20 15:01:44] CH1 data: {"text": "\uff0c"}
[2026-05-20 15:01:44] CH1 data: {"text": "\u540e"}
[2026-05-20 15:01:44] CH1 data: {"text": "\u5934"}
[2026-05-20 15:01:44] CH1 data: {"text": "\u90fd"}
[2026-05-20 15:01:44] CH1 data: {"text": "\u7ad9"}
[2026-05-20 15:01:44] CH1 data: {"text": "\u4e86"}
[2026-05-20 15:01:44] CH1 data: {"text": "\u4eba"}
[2026-05-20 15:01:44] CH1 data: {"text": "\u5f71"}
[2026-05-20 15:01:44] CH1 data: {"text": "\u3002"}
[2026-05-20 15:01:44] CH1 data: {"text": "\u66f4"}
[2026-05-20 15:01:44] CH1 data: {"text": "\u592b"}
[2026-05-20 15:01:44] CH1 data: {"text": "\u770b"}
[2026-05-20 15:01:44] CH1 data: {"text": "\u89c1"}
[2026-05-20 15:01:44] CH1 data: {"text": "\u5b88"}
[2026-05-20 15:01:44] CH1 data: {"text": "\u5907"}
[2026-05-20 15:01:44] CH1 data: {"text": "\uff0c"}
[2026-05-20 15:01:44] CH1 data: {"text": "\u817f"}
[2026-05-20 15:01:44] CH1 data: {"text": "\u5f53"}
[2026-05-20 15:01:44] CH1 data: {"text": "\u573a"}
[2026-05-20 15:01:44] CH1 data: {"text": "\u5c31\u662f"}
[2026-05-20 15:01:44] CH1 data: {"text": "\u4e00"}
[2026-05-20 15:01:44] CH1 data: {"text": "\u8f6f"}
[2026-05-20 15:01:44] CH1 data: {"text": "\uff0c"}
[2026-05-20 15:01:44] CH1 data: {"text": "\u6728"}
[2026-05-20 15:01:44] CH1 data: {"text": "\u6886"}
[2026-05-20 15:01:44] CH1 data: {"text": "\u8131"}
[2026-05-20 15:01:44] CH1 data: {"text": "\u624b"}
[2026-05-20 15:01:44] CH1 data: {"text": "\u78d5"}
[2026-05-20 15:01:44] CH1 data: {"text": "\u5728"}
[2026-05-20 15:01:44] CH1 data: {"text": "\u7816"}
[2026-05-20 15:01:44] CH1 data: {"text": "\u4e0a"}
[2026-05-20 15:01:44] CH1 data: {"text": "\uff0c"}
[2026-05-20 15:01:44] CH1 data: {"text": "\u95f7"}
[2026-05-20 15:01:44] CH1 data: {"text": "\u95f7"}
[2026-05-20 15:01:44] CH1 data: {"text": "\u4e00"}
[2026-05-20 15:01:44] CH1 data: {"text": "\u58f0"}
[2026-05-20 15:01:44] CH1 data: {"text": "\u3002\n\n"}
[2026-05-20 15:01:44] CH1 data: {"text": "\u5b88"}
[2026-05-20 15:01:44] CH1 data: {"text": "\u5907"}
[2026-05-20 15:01:44] CH1 data: {"text": "\u6ca1"}
[2026-05-20 15:01:44] CH1 data: {"text": "\u77a7"}
[2026-05-20 15:01:45] CH1 data: {"text": "\u4ed6"}
[2026-05-20 15:01:45] CH1 data: {"text": "\u7b2c\u4e8c"}
[2026-05-20 15:01:45] CH1 data: {"text": "\u773c"}
[2026-05-20 15:01:45] CH1 data: {"text": "\uff0c\u53ea"}
[2026-05-20 15:01:45] CH1 data: {"text": "\u671d"}
[2026-05-20 15:01:45] CH1 data: {"text": "\u5c38"}
[2026-05-20 15:01:45] CH1 data: {"text": "\u706f"}
[2026-05-20 15:01:45] CH1 data: {"text": "\u4e00\u70b9"}
[2026-05-20 15:01:45] CH1 data: {"text": "\uff1a\u201c"}
[2026-05-20 15:01:45] CH1 data: {"text": "\u96e8"}
[2026-05-20 15:01:45] CH1 data: {"text": "\u591c"}
[2026-05-20 15:01:45] CH1 data: {"text": "\u7eed"}
[2026-05-20 15:01:45] CH1 data: {"text": "\u9b42"}
[2026-05-20 15:01:45] CH1 data: {"text": "\u706f"}
[2026-05-20 15:01:45] CH1 data: {"text": "\uff0c"}
[2026-05-20 15:01:45] CH1 data: {"text": "\u5c38"}
[2026-05-20 15:01:45] CH1 data: {"text": "\u4f0f"}
[2026-05-20 15:01:45] CH1 data: {"text": "\u6a90"}
[2026-05-20 15:01:45] CH1 data: {"text": "\u4e0b"}
[2026-05-20 15:01:45] CH1 data: {"text": "\uff0c\u8fd9"}
[2026-05-20 15:01:45] CH1 data: {"text": "\u8fd8"}
[2026-05-20 15:01:45] CH1 data: {"text": "\u7528"}
[2026-05-20 15:01:45] CH1 data: {"text": "\u9a8c"}
[2026-05-20 15:01:45] CH1 data: {"text": "\uff1f"}
[2026-05-20 15:01:45] CH1 data: {"text": "\u6309"}
[2026-05-20 15:01:45] CH1 data: {"text": "\u5996"}
[2026-05-20 15:01:45] CH1 data: {"text": "\u795f"}
[2026-05-20 15:01:45] CH1 data: {"text": "\u4f5c"}
[2026-05-20 15:01:45] CH1 data: {"text": "\u4e71"}
[2026-05-20 15:01:45] CH1 data: {"text": "\u843d"}
[2026-05-20 15:01:45] CH1 data: {"text": "\u518c"}
[2026-05-20 15:01:45] CH1 data: {"text": "\u3002"}
[2026-05-20 15:01:45] CH1 data: {"text": "\u66f4"}
[2026-05-20 15:01:45] CH1 data: {"text": "\u592b"}
[2026-05-20 15:01:45] CH1 data: {"text": "\u503c"}
[2026-05-20 15:01:45] CH1 data: {"text": "\u591c"}
[2026-05-20 15:01:45] CH1 data: {"text": "\u5931"}
[2026-05-20 15:01:45] CH1 data: {"text": "\u804c"}
[2026-05-20 15:01:45] CH1 data: {"text": "\uff0c"}
[2026-05-20 15:01:45] CH1 data: {"text": "\u5148"}
[2026-05-20 15:01:45] CH1 data: {"text": "\u9501"}
[2026-05-20 15:01:45] CH1 data: {"text": "\u4e86"}
[2026-05-20 15:01:46] CH1 data: {"text": "\u3002\u201d\n\n"}
[2026-05-20 15:01:46] CH1 data: {"text": "\u4e24"}
[2026-05-20 15:01:46] CH1 data: {"text": "\u540d"}
[2026-05-20 15:01:46] CH1 data: {"text": "\u5dee"}
[2026-05-20 15:01:46] CH1 data: {"text": "\u5f79"}
[2026-05-20 15:01:46] CH1 data: {"text": "\u7acb"}
[2026-05-20 15:01:46] CH1 data: {"text": "\u523b"}
[2026-05-20 15:01:46] CH1 data: {"text": "\u6251"}
[2026-05-20 15:01:46] CH1 data: {"text": "\u4e0a"}
[2026-05-20 15:01:46] CH1 data: {"text": "\u53bb"}
[2026-05-20 15:01:46] CH1 data: {"text": "\uff0c\u4e00"}
[2026-05-20 15:01:46] CH1 data: {"text": "\u5de6"}
[2026-05-20 15:01:46] CH1 data: {"text": "\u4e00"}
[2026-05-20 15:01:46] CH1 data: {"text": "\u53f3"}
[2026-05-20 15:01:46] CH1 data: {"text": "\u62e7"}
[2026-05-20 15:01:46] CH1 data: {"text": "\u4f4f"}
[2026-05-20 15:01:46] CH1 data: {"text": "\u66f4"}
[2026-05-20 15:01:46] CH1 data: {"text": "\u592b"}
[2026-05-20 15:01:46] CH1 data: {"text": "\u80f3"}
[2026-05-20 15:01:46] CH1 data: {"text": "\u818a"}
[2026-05-20 15:01:46] CH1 data: {"text": "\u3002"}
[2026-05-20 15:01:46] CH1 data: {"text": "\u8001"}
[2026-05-20 15:01:46] CH1 data: {"text": "\u5934"}
[2026-05-20 15:01:46] CH1 data: {"text": "\u5b50"}
[2026-05-20 15:01:46] CH1 data: {"text": "\u8138"}
[2026-05-20 15:01:46] CH1 data: {"text": "\u90fd"}
[2026-05-20 15:01:46] CH1 data: {"text": "\u767d"}
[2026-05-20 15:01:46] CH1 data: {"text": "\u4e86"}
[2026-05-20 15:01:46] CH1 data: {"text": "\uff0c"}
[2026-05-20 15:01:46] CH1 data: {"text": "\u55d3"}
[2026-05-20 15:01:46] CH1 data: {"text": "\u5b50"}
[2026-05-20 15:01:46] CH1 data: {"text": "\u53d1"}
[2026-05-20 15:01:46] CH1 data: {"text": "\u5e72"}
[2026-05-20 15:01:46] CH1 data: {"text": "\uff0c"}
[2026-05-20 15:01:46] CH1 data: {"text": "\u8fde"}
[2026-05-20 15:01:46] CH1 data: {"text": "\u201c"}
[2026-05-20 15:01:46] CH1 data: {"text": "\u51a4"}
[2026-05-20 15:01:46] CH1 data: {"text": "\u201d"}
[2026-05-20 15:01:46] CH1 data: {"text": "\u5b57"}
[2026-05-20 15:01:46] CH1 data: {"text": "\u90fd"}
[2026-05-20 15:01:46] CH1 data: {"text": "\u558a"}
[2026-05-20 15:01:46] CH1 data: {"text": "\u4e0d"}
[2026-05-20 15:01:46] CH1 data: {"text": "\u5168"}
[2026-05-20 15:01:46] CH1 data: {"text": "\u3002"}
[2026-05-20 15:01:46] CH1 data: {"text": "\u5e74\u8f7b"}
[2026-05-20 15:01:46] CH1 data: {"text": "\u5de1"}
[2026-05-20 15:01:46] CH1 data: {"text": "\u5352"}
[2026-05-20 15:01:46] CH1 data: {"text": "\u7ad9"}
[2026-05-20 15:01:46] CH1 data: {"text": "\u5728"}
[2026-05-20 15:01:46] CH1 data: {"text": "\u65c1"}
[2026-05-20 15:01:46] CH1 data: {"text": "\u8fb9"}
[2026-05-20 15:01:46] CH1 data: {"text": "\uff0c"}
[2026-05-20 15:01:46] CH1 data: {"text": "\u547c"}
[2026-05-20 15:01:46] CH1 data: {"text": "\u5438"}
[2026-05-20 15:01:46] CH1 data: {"text": "\u8fd8"}
[2026-05-20 15:01:46] CH1 data: {"text": "\u4e71"}
[2026-05-20 15:01:47] CH1 data: {"text": "\u7740"}
[2026-05-20 15:01:47] CH1 data: {"text": "\uff0c"}
[2026-05-20 15:01:47] CH1 data: {"text": "\u60f3"}
[2026-05-20 15:01:47] CH1 data: {"text": "\u8bf4"}
[2026-05-20 15:01:47] CH1 data: {"text": "\u8bdd"}
[2026-05-20 15:01:47] CH1 data: {"text": "\uff0c\u53c8"}
[2026-05-20 15:01:47] CH1 data: {"text": "\u4e0d"}
[2026-05-20 15:01:47] CH1 data: {"text": "\u6562"}
[2026-05-20 15:01:47] CH1 data: {"text": "\u5f20"}
[2026-05-20 15:01:47] CH1 data: {"text": "\u53e3"}
[2026-05-20 15:01:47] CH1 data: {"text": "\u3002\n\n"}
[2026-05-20 15:01:47] CH1 data: {"text": "\u201c"}
[2026-05-20 15:01:47] CH1 data: {"text": "\u6162"}
[2026-05-20 15:01:47] CH1 data: {"text": "\u3002\u201d"}
[2026-05-20 15:01:47] CH1 data: {"text": "\u6c88"}
[2026-05-20 15:01:47] CH1 data: {"text": "\u7167"}
[2026-05-20 15:01:47] CH1 data: {"text": "\u5f80"}
[2026-05-20 15:01:47] CH1 data: {"text": "\u524d"}
[2026-05-20 15:01:47] CH1 data: {"text": "\u534a"}
[2026-05-20 15:01:47] CH1 data: {"text": "\u6b65"}
[2026-05-20 15:01:47] CH1 data: {"text": "\uff0c"}
[2026-05-20 15:01:47] CH1 data: {"text": "\u6b63"}
[2026-05-20 15:01:47] CH1 data: {"text": "\u597d"}
[2026-05-20 15:01:47] CH1 data: {"text": "\u7ad9"}
[2026-05-20 15:01:47] CH1 data: {"text": "\u8fdb"}
[2026-05-20 15:01:47] CH1 data: {"text": "\u706b"}
[2026-05-20 15:01:47] CH1 data: {"text": "\u628a"}
[2026-05-20 15:01:47] CH1 data: {"text": "\u7167"}
[2026-05-20 15:01:47] CH1 data: {"text": "\u4e0b"}
[2026-05-20 15:01:47] CH1 data: {"text": "\u6765\u7684"}
[2026-05-20 15:01:47] CH1 data: {"text": "\u4eae"}
[2026-05-20 15:01:47] CH1 data: {"text": "\u5904"}
[2026-05-20 15:01:47] CH1 data: {"text": "\uff0c\u201c"}
[2026-05-20 15:01:47] CH1 data: {"text": "\u6848"}
[2026-05-20 15:01:47] CH1 data: {"text": "\u573a"}
[2026-05-20 15:01:47] CH1 data: {"text": "\u672a"}
[2026-05-20 15:01:47] CH1 data: {"text": "\u9a8c"}
[2026-05-20 15:01:47] CH1 data: {"text": "\uff0c"}
[2026-05-20 15:01:47] CH1 data: {"text": "\u5996"}
[2026-05-20 15:01:47] CH1 data: {"text": "\u6848"}
[2026-05-20 15:01:47] CH1 data: {"text": "\u4e0d\u80fd"}
[2026-05-20 15:01:47] CH1 data: {"text": "\u5148"}
[2026-05-20 15:01:47] CH1 data: {"text": "\u843d"}
[2026-05-20 15:01:47] CH1 data: {"text": "\u3002\u201d\n\n"}
[2026-05-20 15:01:47] CH1 data: {"text": "\u5b88"}
[2026-05-20 15:01:47] CH1 data: {"text": "\u5907"}
[2026-05-20 15:01:47] CH1 data: {"text": "\u76ef"}
[2026-05-20 15:01:47] CH1 data: {"text": "\u7740"}
[2026-05-20 15:01:47] CH1 data: {"text": "\u4ed6"}
[2026-05-20 15:01:47] CH1 data: {"text": "\uff0c"}
[2026-05-20 15:01:47] CH1 data: {"text": "\u58f0\u97f3"}
[2026-05-20 15:01:47] CH1 data: {"text": "\u51b7"}
[2026-05-20 15:01:47] CH1 data: {"text": "\u4e0b\u6765"}
[2026-05-20 15:01:47] CH1 data: {"text": "\uff1a\u201c"}
[2026-05-20 15:01:47] CH1 data: {"text": "\u4f60"}
[2026-05-20 15:01:48] CH1 data: {"text": "\u5148"}
[2026-05-20 15:01:48] CH1 data: {"text": "\u5230"}
[2026-05-20 15:01:48] CH1 data: {"text": "\uff0c\u4f60"}
[2026-05-20 15:01:48] CH1 data: {"text": "\u6765"}
[2026-05-20 15:01:48] CH1 data: {"text": "\u5199"}
[2026-05-20 15:01:48] CH1 data: {"text": "\u4f9b"}
[2026-05-20 15:01:48] CH1 data: {"text": "\u3002"}
[2026-05-20 15:01:48] CH1 data: {"text": "\u5199"}
[2026-05-20 15:01:48] CH1 data: {"text": "\u4f60"}
[2026-05-20 15:01:48] CH1 data: {"text": "\u4eb2"}
[2026-05-20 15:01:48] CH1 data: {"text": "\u773c"}
[2026-05-20 15:01:48] CH1 data: {"text": "\u6240"}
[2026-05-20 15:01:48] CH1 data: {"text": "\u89c1"}
[2026-05-20 15:01:48] CH1 data: {"text": "\uff1a"}
[2026-05-20 15:01:48] CH1 data: {"text": "\u9b42"}
[2026-05-20 15:01:48] CH1 data: {"text": "\u706f"}
[2026-05-20 15:01:48] CH1 data: {"text": "\u5f15"}
[2026-05-20 15:01:48] CH1 data: {"text": "\u795f"}
[2026-05-20 15:01:48] CH1 data: {"text": "\uff0c"}
[2026-05-20 15:01:48] CH1 data: {"text": "\u6b7b\u4eba"}
[2026-05-20 15:01:48] CH1 data: {"text": "\u906d"}
[2026-05-20 15:01:48] CH1 data: {"text": "\u5bb3"}
[2026-05-20 15:01:48] CH1 data: {"text": "\uff0c\u66f4"}
[2026-05-20 15:01:48] CH1 data: {"text": "\u592b"}
[2026-05-20 15:01:48] CH1 data: {"text": "\u5728"}
[2026-05-20 15:01:48] CH1 data: {"text": "\u573a"}
[2026-05-20 15:01:48] CH1 data: {"text": "\u5931"}
[2026-05-20 15:01:48] CH1 data: {"text": "\u5e8f"}
[2026-05-20 15:01:48] CH1 data: {"text": "\u3002"}
[2026-05-20 15:01:48] CH1 data: {"text": "\u7b7e"}
[2026-05-20 15:01:48] CH1 data: {"text": "\u4e86"}
[2026-05-20 15:01:48] CH1 data: {"text": "\uff0c"}
[2026-05-20 15:01:48] CH1 data: {"text": "\u4eca"}
[2026-05-20 15:01:48] CH1 data: {"text": "\u591c"}
[2026-05-20 15:01:48] CH1 data: {"text": "\u5c31"}
[2026-05-20 15:01:48] CH1 data: {"text": "\u7ed3"}
[2026-05-20 15:01:48] CH1 data: {"text": "\u3002\u201d\n\n"}
[2026-05-20 15:01:48] CH1 data: {"text": "\u6848"}
[2026-05-20 15:01:48] CH1 data: {"text": "\u518c"}
[2026-05-20 15:01:48] CH1 data: {"text": "\u88ab"}
[2026-05-20 15:01:48] CH1 data: {"text": "\u5dee"}
[2026-05-20 15:01:48] CH1 data: {"text": "\u5f79"}
[2026-05-20 15:01:48] CH1 data: {"text": "\u9012"}
[2026-05-20 15:01:49] CH1 data: {"text": "\u5230"}
[2026-05-20 15:01:49] CH1 data: {"text": "\u8ddf"}
[2026-05-20 15:01:49] CH1 data: {"text": "\u524d"}
[2026-05-20 15:01:49] CH1 data: {"text": "\uff0c"}
[2026-05-20 15:01:49] CH1 data: {"text": "\u4f9b"}
[2026-05-20 15:01:49] CH1 data: {"text": "\u8bcd"}
[2026-05-20 15:01:49] CH1 data: {"text": "\u7eb8"}
[2026-05-20 15:01:49] CH1 data: {"text": "\u8fb9"}
[2026-05-20 15:01:49] CH1 data: {"text": "\u89d2"}
[2026-05-20 15:01:49] CH1 data: {"text": "\u90fd"}
[2026-05-20 15:01:49] CH1 data: {"text": "\u88ab"}
[2026-05-20 15:01:49] CH1 data: {"text": "\u96e8"}
[2026-05-20 15:01:49] CH1 data: {"text": "\u6c14"}
[2026-05-20 15:01:49] CH1 data: {"text": "\u6d07"}
[2026-05-20 15:01:49] CH1 data: {"text": "\u8f6f"}
[2026-05-20 15:01:49] CH1 data: {"text": "\u4e86"}
[2026-05-20 15:01:49] CH1 data: {"text": "\u3002"}
[2026-05-20 15:01:49] CH1 data: {"text": "\u6c88"}
[2026-05-20 15:01:49] CH1 data: {"text": "\u7167"}
[2026-05-20 15:01:49] CH1 data: {"text": "\u6ca1"}
[2026-05-20 15:01:49] CH1 data: {"text": "\u63a5"}
[2026-05-20 15:01:49] CH1 data: {"text": "\uff0c\u53ea"}
[2026-05-20 15:01:49] CH1 data: {"text": "\u770b"}
[2026-05-20 15:01:49] CH1 data: {"text": "\u7740"}
[2026-05-20 15:01:49] CH1 data: {"text": "\u5b88"}
[2026-05-20 15:01:49] CH1 data: {"text": "\u5907"}
[2026-05-20 15:01:49] CH1 data: {"text": "\uff1a\u201c"}
[2026-05-20 15:01:49] CH1 data: {"text": "\u6211"}
[2026-05-20 15:01:49] CH1 data: {"text": "\u53ea"}
[2026-05-20 15:01:49] CH1 data: {"text": "\u5199"}
[2026-05-20 15:01:49] CH1 data: {"text": "\u770b"}
[2026-05-20 15:01:49] CH1 data: {"text": "\u89c1"}
[2026-05-20 15:01:49] CH1 data: {"text": "\u7684"}
[2026-05-20 15:01:49] CH1 data: {"text": "\u3002\u201d\n\n"}
[2026-05-20 15:01:49] CH1 data: {"text": "\u201c"}
[2026-05-20 15:01:49] CH1 data: {"text": "\u90a3"}
[2026-05-20 15:01:49] CH1 data: {"text": "\u4f60"}
[2026-05-20 15:01:49] CH1 data: {"text": "\u8bf4"}
[2026-05-20 15:01:49] CH1 data: {"text": "\u3002\u201d"}
[2026-05-20 15:01:49] CH1 data: {"text": "\u5b88"}
[2026-05-20 15:01:49] CH1 data: {"text": "\u5907"}
[2026-05-20 15:01:50] CH1 data: {"text": "\u628a"}
[2026-05-20 15:01:50] CH1 data: {"text": "\u624b"}
[2026-05-20 15:01:50] CH1 data: {"text": "\u4e00"}
[2026-05-20 15:01:50] CH1 data: {"text": "\u80cc"}
[2026-05-20 15:01:50] CH1 data: {"text": "\uff0c\u201c"}
[2026-05-20 15:01:50] CH1 data: {"text": "\u5f53"}
[2026-05-20 15:01:50] CH1 data: {"text": "\u7740"}
[2026-05-20 15:01:50] CH1 data: {"text": "\u4eba"}
[2026-05-20 15:01:50] CH1 data: {"text": "\u8bf4"}
[2026-05-20 15:01:50] CH1 data: {"text": "\u3002\u201d\n\n"}
[2026-05-20 15:01:50] CH1 data: {"text": "\u5df7"}
[2026-05-20 15:01:50] CH1 data: {"text": "\u53e3"}
[2026-05-20 15:01:50] CH1 data: {"text": "\u90a3\u4e9b"}
[2026-05-20 15:01:50] CH1 data: {"text": "\u4eba"}
[2026-05-20 15:01:50] CH1 data: {"text": "\u5f71"}
[2026-05-20 15:01:50] CH1 data: {"text": "\u53c8"}
[2026-05-20 15:01:50] CH1 data: {"text": "\u5f80"}
[2026-05-20 15:01:50] CH1 data: {"text": "\u524d"}
[2026-05-20 15:01:50] CH1 data: {"text": "\u8d34"}
[2026-05-20 15:01:50] CH1 data: {"text": "\u4e86"}
[2026-05-20 15:01:50] CH1 data: {"text": "\u534a"}
[2026-05-20 15:01:50] CH1 data: {"text": "\u5bf8"}
[2026-05-20 15:01:50] CH1 data: {"text": "\u3002"}
[2026-05-20 15:01:50] CH1 data: {"text": "\u5e74"}
[2026-05-20 15:01:50] CH1 data: {"text": "\u957f"}
[2026-05-20 15:01:50] CH1 data: {"text": "\u5de1"}
[2026-05-20 15:01:50] CH1 data: {"text": "\u5352"}
[2026-05-20 15:01:50] CH1 data: {"text": "\u63e1"}
[2026-05-20 15:01:50] CH1 data: {"text": "\u5200"}
[2026-05-20 15:01:50] CH1 data: {"text": "\u7684"}
[2026-05-20 15:01:50] CH1 data: {"text": "\u624b"}
[2026-05-20 15:01:50] CH1 data: {"text": "\u4e5f"}
[2026-05-20 15:01:50] CH1 data: {"text": "\u7d27"}
[2026-05-20 15:01:50] CH1 data: {"text": "\u4e86"}
[2026-05-20 15:01:50] CH1 data: {"text": "\u4e9b"}
[2026-05-20 15:01:50] CH1 data: {"text": "\u3002\n\n"}
[2026-05-20 15:01:50] CH1 data: {"text": "\u6c88"}
[2026-05-20 15:01:50] CH1 data: {"text": "\u7167"}
[2026-05-20 15:01:50] CH1 data: {"text": "\u62ac"}
[2026-05-20 15:01:50] CH1 data: {"text": "\u624b"}
[2026-05-20 15:01:50] CH1 data: {"text": "\u6307"}
[2026-05-20 15:01:50] CH1 data: {"text": "\u5411"}
[2026-05-20 15:01:51] CH1 data: {"text": "\u6a90"}
[2026-05-20 15:01:51] CH1 data: {"text": "\u4e0b"}
[2026-05-20 15:01:51] CH1 data: {"text": "\u90a3"}
[2026-05-20 15:01:51] CH1 data: {"text": "\u76cf"}
[2026-05-20 15:01:51] CH1 data: {"text": "\u706f"}
[2026-05-20 15:01:51] CH1 data: {"text": "\uff1a\u201c"}
[2026-05-20 15:01:51] CH1 data: {"text": "\u7b2c\u4e00"}
[2026-05-20 15:01:51] CH1 data: {"text": "\uff0c\u8fd9"}
[2026-05-20 15:01:51] CH1 data: {"text": "\u706f"}
[2026-05-20 15:01:51] CH1 data: {"text": "\u4e0d"}
[2026-05-20 15:01:51] CH1 data: {"text": "\u5bf9"}
[2026-05-20 15:01:51] CH1 data: {"text": "\u3002"}
[2026-05-20 15:01:51] CH1 data: {"text": "\u9b42"}
[2026-05-20 15:01:51] CH1 data: {"text": "\u706f"}
[2026-05-20 15:01:51] CH1 data: {"text": "\u7ed9"}
[2026-05-20 15:01:51] CH1 data: {"text": "\u65b0"}
[2026-05-20 15:01:51] CH1 data: {"text": "\u6b7b"}
[2026-05-20 15:01:51] CH1 data: {"text": "\u7167"}
[2026-05-20 15:01:51] CH1 data: {"text": "\u8def"}
[2026-05-20 15:01:51] CH1 data: {"text": "\uff0c"}
[2026-05-20 15:01:51] CH1 data: {"text": "\u7167"}
[2026-05-20 15:01:51] CH1 data: {"text": "\u7684\u662f"}
[2026-05-20 15:01:51] CH1 data: {"text": "\u524d"}
[2026-05-20 15:01:51] CH1 data: {"text": "\u8def"}
[2026-05-20 15:01:51] CH1 data: {"text": "\uff0c\u4e0d"}
[2026-05-20 15:01:51] CH1 data: {"text": "\u662f"}
[2026-05-20 15:01:51] CH1 data: {"text": "\u5c38"}
[2026-05-20 15:01:51] CH1 data: {"text": "\u8138"}
[2026-05-20 15:01:51] CH1 data: {"text": "\uff1b"}
[2026-05-20 15:01:51] CH1 data: {"text": "\u6302"}
[2026-05-20 15:01:51] CH1 data: {"text": "\u7684\u662f"}
[2026-05-20 15:01:51] CH1 data: {"text": "\u5b88"}
[2026-05-20 15:01:51] CH1 data: {"text": "\u7075"}
[2026-05-20 15:01:51] CH1 data: {"text": "\u5904"}
[2026-05-20 15:01:51] CH1 data: {"text": "\uff0c\u4e0d"}
[2026-05-20 15:01:51] CH1 data: {"text": "\u662f"}
[2026-05-20 15:01:51] CH1 data: {"text": "\u5e9f"}
[2026-05-20 15:01:51] CH1 data: {"text": "\u94fa"}
[2026-05-20 15:01:51] CH1 data: {"text": "\u6a90"}
[2026-05-20 15:01:51] CH1 data: {"text": "\u53e3"}
[2026-05-20 15:01:51] CH1 data: {"text": "\u3002"}
[2026-05-20 15:01:51] CH1 data: {"text": "\u5b83"}
[2026-05-20 15:01:51] CH1 data: {"text": "\u504f"}
[2026-05-20 15:01:51] CH1 data: {"text": "\u504f"}
[2026-05-20 15:01:51] CH1 data: {"text": "\u6302"}
[2026-05-20 15:01:51] CH1 data: {"text": "\u5728"}
[2026-05-20 15:01:51] CH1 data: {"text": "\u8fd9\u91cc"}
[2026-05-20 15:01:51] CH1 data: {"text": "\uff0c\u8fd8"}
[2026-05-20 15:01:51] CH1 data: {"text": "\u6b63"}
[2026-05-20 15:01:51] CH1 data: {"text": "\u5bf9"}
[2026-05-20 15:01:51] CH1 data: {"text": "\u7740"}
[2026-05-20 15:01:51] CH1 data: {"text": "\u6b7b"}
[2026-05-20 15:01:52] CH1 data: {"text": "\u8005"}
[2026-05-20 15:01:52] CH1 data: {"text": "\u534a"}
[2026-05-20 15:01:52] CH1 data: {"text": "\u8fb9"}
[2026-05-20 15:01:52] CH1 data: {"text": "\u8138"}
[2026-05-20 15:01:52] CH1 data: {"text": "\u3002"}
[2026-05-20 15:01:52] CH1 data: {"text": "\u4e0d\u662f"}
[2026-05-20 15:01:52] CH1 data: {"text": "\u649e"}
[2026-05-20 15:01:52] CH1 data: {"text": "\u4e0a\u7684"}
[2026-05-20 15:01:52] CH1 data: {"text": "\uff0c\u662f"}
[2026-05-20 15:01:52] CH1 data: {"text": "\u6709\u4eba"}
[2026-05-20 15:01:52] CH1 data: {"text": "\u6545"}
[2026-05-20 15:01:52] CH1 data: {"text": "\u610f"}
[2026-05-20 15:01:52] CH1 data: {"text": "\u6302"}
[2026-05-20 15:01:52] CH1 data: {"text": "\u7ed9"}
[2026-05-20 15:01:52] CH1 data: {"text": "\u540e\u6765"}
[2026-05-20 15:01:52] CH1 data: {"text": "\u7684\u4eba"}
[2026-05-20 15:01:52] CH1 data: {"text": "\u770b"}
[2026-05-20 15:01:52] CH1 data: {"text": "\u3002\u201d\n\n"}
[2026-05-20 15:01:52] CH1 data: {"text": "\u4ed6"}
[2026-05-20 15:01:52] CH1 data: {"text": "\u624b"}
[2026-05-20 15:01:52] CH1 data: {"text": "\u6307"}
[2026-05-20 15:01:52] CH1 data: {"text": "\u4e00"}
[2026-05-20 15:01:52] CH1 data: {"text": "\u8f6c"}
[2026-05-20 15:01:52] CH1 data: {"text": "\uff0c"}
[2026-05-20 15:01:52] CH1 data: {"text": "\u70b9"}
[2026-05-20 15:01:52] CH1 data: {"text": "\u5230"}
[2026-05-20 15:01:52] CH1 data: {"text": "\u5c38"}
[2026-05-20 15:01:52] CH1 data: {"text": "\u8eab"}
[2026-05-20 15:01:52] CH1 data: {"text": "\u4e0b"}
[2026-05-20 15:01:52] CH1 data: {"text": "\u65b9"}
[2026-05-20 15:01:52] CH1 data: {"text": "\uff1a\u201c"}
[2026-05-20 15:01:52] CH1 data: {"text": "\u7b2c\u4e8c"}
[2026-05-20 15:01:52] CH1 data: {"text": "\uff0c\u8fd9"}
[2026-05-20 15:01:52] CH1 data: {"text": "\u5c38"}
[2026-05-20 15:01:52] CH1 data: {"text": "\u4e0d"}
[2026-05-20 15:01:52] CH1 data: {"text": "\u5bf9"}
[2026-05-20 15:01:52] CH1 data: {"text": "\u3002"}
[2026-05-20 15:01:52] CH1 data: {"text": "\u4e24"}
[2026-05-20 15:01:52] CH1 data: {"text": "\u819d"}
[2026-05-20 15:01:52] CH1 data: {"text": "\u6298"}
[2026-05-20 15:01:52] CH1 data: {"text": "\u5f97"}
[2026-05-20 15:01:52] CH1 data: {"text": "\u592a"}
[2026-05-20 15:01:52] CH1 data: {"text": "\u9f50"}
[2026-05-20 15:01:52] CH1 data: {"text": "\uff0c"}
[2026-05-20 15:01:52] CH1 data: {"text": "\u8863"}
[2026-05-20 15:01:52] CH1 data: {"text": "\u6446"}
[2026-05-20 15:01:52] CH1 data: {"text": "\u88ab"}
[2026-05-20 15:01:52] CH1 data: {"text": "\u987a"}
[2026-05-20 15:01:52] CH1 data: {"text": "\u8fc7"}
[2026-05-20 15:01:53] CH1 data: {"text": "\uff0c"}
[2026-05-20 15:01:53] CH1 data: {"text": "\u521a"}
[2026-05-20 15:01:53] CH1 data: {"text": "\u597d"}
[2026-05-20 15:01:53] CH1 data: {"text": "\u907f"}
[2026-05-20 15:01:53] CH1 data: {"text": "\u5f00"}
[2026-05-20 15:01:53] CH1 data: {"text": "\u6ef4"}
[2026-05-20 15:01:53] CH1 data: {"text": "\u6c34"}
[2026-05-20 15:01:53] CH1 data: {"text": "\u3002"}
[2026-05-20 15:01:53] CH1 data: {"text": "\u819d"}
[2026-05-20 15:01:53] CH1 data: {"text": "\u524d"}
[2026-05-20 15:01:53] CH1 data: {"text": "\u8fd8\u6709"}
[2026-05-20 15:01:53] CH1 data: {"text": "\u62d6"}
[2026-05-20 15:01:53] CH1 data: {"text": "\u6c9f"}
[2026-05-20 15:01:53] CH1 data: {"text": "\uff0c"}
[2026-05-20 15:01:53] CH1 data: {"text": "\u6c9f"}
[2026-05-20 15:01:53] CH1 data: {"text": "\u5230"}
[2026-05-20 15:01:53] CH1 data: {"text": "\u8fd9"}
[2026-05-20 15:01:53] CH1 data: {"text": "\u513f"}
[2026-05-20 15:01:53] CH1 data: {"text": "\u65ad"}
[2026-05-20 15:01:53] CH1 data: {"text": "\u3002"}
[2026-05-20 15:01:53] CH1 data: {"text": "\u82e5"}
[2026-05-20 15:01:53] CH1 data: {"text": "\u662f"}
[2026-05-20 15:01:53] CH1 data: {"text": "\u5996"}
[2026-05-20 15:01:53] CH1 data: {"text": "\u6251"}
[2026-05-20 15:01:53] CH1 data: {"text": "\u6740"}
[2026-05-20 15:01:53] CH1 data: {"text": "\uff0c"}
[2026-05-20 15:01:53] CH1 data: {"text": "\u54ea"}
[2026-05-20 15:01:53] CH1 data: {"text": "\u6765"}
[2026-05-20 15:01:53] CH1 data: {"text": "\u8fd9"}
[2026-05-20 15:01:53] CH1 data: {"text": "\u4efd"}
[2026-05-20 15:01:53] CH1 data: {"text": "\u6574"}
[2026-05-20 15:01:53] CH1 data: {"text": "\u9f50"}
[2026-05-20 15:01:53] CH1 data: {"text": "\uff1f"}
[2026-05-20 15:01:53] CH1 data: {"text": "\u8fd9\u662f"}
[2026-05-20 15:01:53] CH1 data: {"text": "\u4eba"}
[2026-05-20 15:01:53] CH1 data: {"text": "\u632a"}
[2026-05-20 15:01:53] CH1 data: {"text": "\u8fc7"}
[2026-05-20 15:01:53] CH1 data: {"text": "\uff0c"}
[2026-05-20 15:01:53] CH1 data: {"text": "\u6446"}
[2026-05-20 15:01:53] CH1 data: {"text": "\u8fc7"}
[2026-05-20 15:01:53] CH1 data: {"text": "\u3002\u201d\n\n"}
[2026-05-20 15:01:53] CH1 data: {"text": "\u66f4"}
[2026-05-20 15:01:53] CH1 data: {"text": "\u592b"}
[2026-05-20 15:01:53] CH1 data: {"text": "\u88ab"}
[2026-05-20 15:01:53] CH1 data: {"text": "\u62e7"}
[2026-05-20 15:01:53] CH1 data: {"text": "\u5f97"}
[2026-05-20 15:01:54] CH1 data: {"text": "\u76f4"}
[2026-05-20 15:01:54] CH1 data: {"text": "\u62bd"}
[2026-05-20 15:01:54] CH1 data: {"text": "\u6c14"}
[2026-05-20 15:01:54] CH1 data: {"text": "\uff0c"}
[2026-05-20 15:01:54] CH1 data: {"text": "\u5dee"}
[2026-05-20 15:01:54] CH1 data: {"text": "\u5f79"}
[2026-05-20 15:01:54] CH1 data: {"text": "\u987a"}
[2026-05-20 15:01:54] CH1 data: {"text": "\u52bf"}
[2026-05-20 15:01:54] CH1 data: {"text": "\u628a"}
[2026-05-20 15:01:54] CH1 data: {"text": "\u4ed6"}
[2026-05-20 15:01:54] CH1 data: {"text": "\u4e24"}
[2026-05-20 15:01:54] CH1 data: {"text": "\u53ea"}
[2026-05-20 15:01:54] CH1 data: {"text": "\u624b"}
[2026-05-20 15:01:54] CH1 data: {"text": "\u626f"}
[2026-05-20 15:01:54] CH1 data: {"text": "\u5230"}
[2026-05-20 15:01:54] CH1 data: {"text": "\u706b"}
[2026-05-20 15:01:54] CH1 data: {"text": "\u4e0b"}
[2026-05-20 15:01:54] CH1 data: {"text": "\u3002"}
[2026-05-20 15:01:54] CH1 data: {"text": "\u6ce5"}
[2026-05-20 15:01:54] CH1 data: {"text": "\u6c34"}
[2026-05-20 15:01:54] CH1 data: {"text": "\u4e00"}
[2026-05-20 15:01:54] CH1 data: {"text": "\u5c42"}
[2026-05-20 15:01:54] CH1 data: {"text": "\uff0c"}
[2026-05-20 15:01:54] CH1 data: {"text": "\u6307"}
[2026-05-20 15:01:54] CH1 data: {"text": "\u7f1d"}
[2026-05-20 15:01:54] CH1 data: {"text": "\u53d1"}
[2026-05-20 15:01:54] CH1 data: {"text": "\u76b1"}
[2026-05-20 15:01:54] CH1 data: {"text": "\uff0c"}
[2026-05-20 15:01:54] CH1 data: {"text": "\u8896"}
[2026-05-20 15:01:54] CH1 data: {"text": "\u53e3"}
[2026-05-20 15:01:54] CH1 data: {"text": "\u810f"}
[2026-05-20 15:01:54] CH1 data: {"text": "\u4e71"}
[2026-05-20 15:01:54] CH1 data: {"text": "\uff0c\u5374"}
[2026-05-20 15:01:54] CH1 data: {"text": "\u6ca1\u6709"}
[2026-05-20 15:01:54] CH1 data: {"text": "\u7070"}
[2026-05-20 15:01:54] CH1 data: {"text": "\u767d"}
[2026-05-20 15:01:54] CH1 data: {"text": "\u8272"}
[2026-05-20 15:01:54] CH1 data: {"text": "\u7684"}
[2026-05-20 15:01:54] CH1 data: {"text": "\u7c89"}
[2026-05-20 15:01:54] CH1 data: {"text": "\u75d5"}
[2026-05-20 15:01:54] CH1 data: {"text": "\u3002\n\n"}
[2026-05-20 15:01:54] CH1 data: {"text": "\u201c"}
[2026-05-20 15:01:54] CH1 data: {"text": "\u7b2c\u4e09"}
[2026-05-20 15:01:54] CH1 data: {"text": "\uff0c\u201d"}
[2026-05-20 15:01:54] CH1 data: {"text": "\u6c88"}
[2026-05-20 15:01:54] CH1 data: {"text": "\u7167"}
[2026-05-20 15:01:54] CH1 data: {"text": "\u58f0\u97f3"}
[2026-05-20 15:01:54] CH1 data: {"text": "\u4e0d"}
[2026-05-20 15:01:54] CH1 data: {"text": "\u9ad8"}
[2026-05-20 15:01:54] CH1 data: {"text": "\uff0c"}
[2026-05-20 15:01:54] CH1 data: {"text": "\u5b57"}
[2026-05-20 15:01:54] CH1 data: {"text": "\u5374"}
[2026-05-20 15:01:54] CH1 data: {"text": "\u54ac"}
[2026-05-20 15:01:55] CH1 data: {"text": "\u5f97"}
[2026-05-20 15:01:55] CH1 data: {"text": "\u6e05"}
[2026-05-20 15:01:55] CH1 data: {"text": "\uff0c\u201c"}
[2026-05-20 15:01:55] CH1 data: {"text": "\u6b7b"}
[2026-05-20 15:01:55] CH1 data: {"text": "\u8005"}
[2026-05-20 15:01:55] CH1 data: {"text": "\u638c"}
[2026-05-20 15:01:55] CH1 data: {"text": "\u7f1d"}
[2026-05-20 15:01:55] CH1 data: {"text": "\u91cc"}
[2026-05-20 15:01:55] CH1 data: {"text": "\u6709"}
[2026-05-20 15:01:55] CH1 data: {"text": "\u706f"}
[2026-05-20 15:01:55] CH1 data: {"text": "\u7070"}
[2026-05-20 15:01:55] CH1 data: {"text": "\uff0c"}
[2026-05-20 15:01:55] CH1 data: {"text": "\u75d5"}
[2026-05-20 15:01:55] CH1 data: {"text": "\u662f"}
[2026-05-20 15:01:55] CH1 data: {"text": "\u6574"}
[2026-05-20 15:01:55] CH1 data: {"text": "\u7684"}
[2026-05-20 15:01:55] CH1 data: {"text": "\u3002"}
[2026-05-20 15:01:55] CH1 data: {"text": "\u66f4"}
[2026-05-20 15:01:55] CH1 data: {"text": "\u592b"}
[2026-05-20 15:01:55] CH1 data: {"text": "\u82e5"}
[2026-05-20 15:01:55] CH1 data: {"text": "\u771f"}
[2026-05-20 15:01:55] CH1 data: {"text": "\u5728"}
[2026-05-20 15:01:55] CH1 data: {"text": "\u8fd9"}
[2026-05-20 15:01:55] CH1 data: {"text": "\u96e8"}
[2026-05-20 15:01:55] CH1 data: {"text": "\u91cc"}
[2026-05-20 15:01:55] CH1 data: {"text": "\u6740"}
[2026-05-20 15:01:55] CH1 data: {"text": "\u4eba"}
[2026-05-20 15:01:55] CH1 data: {"text": "\u3001"}
[2026-05-20 15:01:55] CH1 data: {"text": "\u62d6"}
[2026-05-20 15:01:55] CH1 data: {"text": "\u5c38"}
[2026-05-20 15:01:55] CH1 data: {"text": "\u3001"}
[2026-05-20 15:01:55] CH1 data: {"text": "\u7eed"}
[2026-05-20 15:01:55] CH1 data: {"text": "\u706f"}
[2026-05-20 15:01:55] CH1 data: {"text": "\uff0c"}
[2026-05-20 15:01:55] CH1 data: {"text": "\u7070"}
[2026-05-20 15:01:55] CH1 data: {"text": "\u8be5"}
[2026-05-20 15:01:55] CH1 data: {"text": "\u6cbe"}
[2026-05-20 15:01:55] CH1 data: {"text": "\u5728"}
[2026-05-20 15:01:55] CH1 data: {"text": "\u4ed6"}
[2026-05-20 15:01:55] CH1 data: {"text": "\u624b"}
[2026-05-20 15:01:55] CH1 data: {"text": "\u4e0a"}
[2026-05-20 15:01:55] CH1 data: {"text": "\u3001"}
[2026-05-20 15:01:55] CH1 data: {"text": "\u8896"}
[2026-05-20 15:01:55] CH1 data: {"text": "\u53e3"}
[2026-05-20 15:01:55] CH1 data: {"text": "\u4e0a"}
[2026-05-20 15:01:55] CH1 data: {"text": "\u3001"}
[2026-05-20 15:01:55] CH1 data: {"text": "\u6728"}
[2026-05-20 15:01:55] CH1 data: {"text": "\u6886"}
[2026-05-20 15:01:55] CH1 data: {"text": "\u4e0a"}
[2026-05-20 15:01:55] CH1 data: {"text": "\uff0c"}
[2026-05-20 15:01:55] CH1 data: {"text": "\u7cca"}
[2026-05-20 15:01:55] CH1 data: {"text": "\u6210"}
[2026-05-20 15:01:55] CH1 data: {"text": "\u4e00"}
[2026-05-20 15:01:55] CH1 data: {"text": "\u7247"}
[2026-05-20 15:01:55] CH1 data: {"text": "\uff0c\u4e0d"}
[2026-05-20 15:01:55] CH1 data: {"text": "\u4f1a"}
[2026-05-20 15:01:55] CH1 data: {"text": "\u53ea"}
[2026-05-20 15:01:55] CH1 data: {"text": "\u8001"}
[2026-05-20 15:01:55] CH1 data: {"text": "\u8001"}
[2026-05-20 15:01:55] CH1 data: {"text": "\u5b9e"}
[2026-05-20 15:01:55] CH1 data: {"text": "\u5b9e"}
[2026-05-20 15:01:56] CH1 data: {"text": "\u7559"}
[2026-05-20 15:01:56] CH1 data: {"text": "\u5728"}
[2026-05-20 15:01:56] CH1 data: {"text": "\u6b7b\u4eba"}
[2026-05-20 15:01:56] CH1 data: {"text": "\u638c"}
[2026-05-20 15:01:56] CH1 data: {"text": "\u91cc"}
[2026-05-20 15:01:56] CH1 data: {"text": "\u3002\u201d\n\n"}
[2026-05-20 15:01:56] CH1 data: {"text": "\u9ed1"}
[2026-05-20 15:01:56] CH1 data: {"text": "\u84d1"}
[2026-05-20 15:01:56] CH1 data: {"text": "\u4eba"}
[2026-05-20 15:01:56] CH1 data: {"text": "\u8fd9"}
[2026-05-20 15:01:56] CH1 data: {"text": "\u65f6"}
[2026-05-20 15:01:56] CH1 data: {"text": "\u624d"}
[2026-05-20 15:01:56] CH1 data: {"text": "\u52a8"}
[2026-05-20 15:01:56] CH1 data: {"text": "\u4e86\u4e00"}
[2026-05-20 15:01:56] CH1 data: {"text": "\u4e0b"}
[2026-05-20 15:01:56] CH1 data: {"text": "\uff0c"}
[2026-05-20 15:01:56] CH1 data: {"text": "\u504f"}
[2026-05-20 15:01:56] CH1 data: {"text": "\u5934"}
[2026-05-20 15:01:56] CH1 data: {"text": "\u770b"}
[2026-05-20 15:01:56] CH1 data: {"text": "\u5411"}
[2026-05-20 15:01:56] CH1 data: {"text": "\u66f4"}
[2026-05-20 15:01:56] CH1 data: {"text": "\u592b"}
[2026-05-20 15:01:56] CH1 data: {"text": "\uff0c"}
[2026-05-20 15:01:56] CH1 data: {"text": "\u6de1"}
[2026-05-20 15:01:56] CH1 data: {"text": "\u6de1"}
[2026-05-20 15:01:56] CH1 data: {"text": "\u9053"}
[2026-05-20 15:01:56] CH1 data: {"text": "\uff1a\u201c"}
[2026-05-20 15:01:56] CH1 data: {"text": "\u719f"}
[2026-05-20 15:01:56] CH1 data: {"text": "\u8def"}
[2026-05-20 15:01:56] CH1 data: {"text": "\u7684\u4eba"}
[2026-05-20 15:01:56] CH1 data: {"text": "\uff0c"}
[2026-05-20 15:01:56] CH1 data: {"text": "\u6700"}
[2026-05-20 15:01:56] CH1 data: {"text": "\u4f1a"}
[2026-05-20 15:01:56] CH1 data: {"text": "\u88c5"}
[2026-05-20 15:01:56] CH1 data: {"text": "\u4e0d"}
[2026-05-20 15:01:56] CH1 data: {"text": "\u6cbe"}
[2026-05-20 15:01:56] CH1 data: {"text": "\u8eab"}
[2026-05-20 15:01:56] CH1 data: {"text": "\u3002"}
[2026-05-20 15:01:56] CH1 data: {"text": "\u66f4"}
[2026-05-20 15:01:56] CH1 data: {"text": "\u592b"}
[2026-05-20 15:01:56] CH1 data: {"text": "\u591c\u591c"}
[2026-05-20 15:01:56] CH1 data: {"text": "\u8d70"}
[2026-05-20 15:01:56] CH1 data: {"text": "\u8fd9\u91cc"}
[2026-05-20 15:01:56] CH1 data: {"text": "\uff0c"}
[2026-05-20 15:01:56] CH1 data: {"text": "\u6070"}
[2026-05-20 15:01:56] CH1 data: {"text": "\u597d"}
[2026-05-20 15:01:56] CH1 data: {"text": "\u5408"}
[2026-05-20 15:01:56] CH1 data: {"text": "\u9002"}
[2026-05-20 15:01:56] CH1 data: {"text": "\u3002\u201d\n\n"}
[2026-05-20 15:01:56] CH1 data: {"text": "\u201c"}
[2026-05-20 15:01:56] CH1 data: {"text": "\u7591"}
[2026-05-20 15:01:56] CH1 data: {"text": "\u4ed6"}
[2026-05-20 15:01:56] CH1 data: {"text": "\uff0c\u53ef\u4ee5"}
[2026-05-20 15:01:57] CH1 data: {"text": "\u3002\u201d"}
[2026-05-20 15:01:57] CH1 data: {"text": "\u6c88"}
[2026-05-20 15:01:57] CH1 data: {"text": "\u7167"}
[2026-05-20 15:01:57] CH1 data: {"text": "\u63a5"}
[2026-05-20 15:01:57] CH1 data: {"text": "\u5f97"}
[2026-05-20 15:01:57] CH1 data: {"text": "\u5f88"}
[2026-05-20 15:01:57] CH1 data: {"text": "\u5feb"}
[2026-05-20 15:01:57] CH1 data: {"text": "\uff0c\u201c"}
[2026-05-20 15:01:57] CH1 data: {"text": "\u5148"}
[2026-05-20 15:01:57] CH1 data: {"text": "\u628a"}
[2026-05-20 15:01:57] CH1 data: {"text": "\u2018"}
[2026-05-20 15:01:57] CH1 data: {"text": "\u5996"}
[2026-05-20 15:01:57] CH1 data: {"text": "\u2019"}
[2026-05-20 15:01:57] CH1 data: {"text": "\u5b57"}
[2026-05-20 15:01:57] CH1 data: {"text": "\u6458"}
[2026-05-20 15:01:57] CH1 data: {"text": "\u4e86"}
[2026-05-20 15:01:57] CH1 data: {"text": "\u3002\u4e0d"}
[2026-05-20 15:01:57] CH1 data: {"text": "\u7136"}
[2026-05-20 15:01:57] CH1 data: {"text": "\u6848"}
[2026-05-20 15:01:57] CH1 data: {"text": "\u518c"}
[2026-05-20 15:01:57] CH1 data: {"text": "\u4e00"}
[2026-05-20 15:01:57] CH1 data: {"text": "\u843d"}
[2026-05-20 15:01:57] CH1 data: {"text": "\uff0c"}
[2026-05-20 15:01:57] CH1 data: {"text": "\u540e"}
[2026-05-20 15:01:57] CH1 data: {"text": "\u5934"}
[2026-05-20 15:01:57] CH1 data: {"text": "\u518d"}
[2026-05-20 15:01:57] CH1 data: {"text": "\u9a8c"}
[2026-05-20 15:01:57] CH1 data: {"text": "\u51fa"}
[2026-05-20 15:01:57] CH1 data: {"text": "\u4eba"}
[2026-05-20 15:01:57] CH1 data: {"text": "\u624b"}
[2026-05-20 15:01:57] CH1 data: {"text": "\u75d5"}
[2026-05-20 15:01:57] CH1 data: {"text": "\u8ff9"}
[2026-05-20 15:01:57] CH1 data: {"text": "\uff0c"}
[2026-05-20 15:01:57] CH1 data: {"text": "\u4eca"}
[2026-05-20 15:01:57] CH1 data: {"text": "\u591c"}
[2026-05-20 15:01:57] CH1 data: {"text": "\u5728"}
[2026-05-20 15:01:57] CH1 data: {"text": "\u573a"}
[2026-05-20 15:01:57] CH1 data: {"text": "\u7684\u4eba"}
[2026-05-20 15:01:57] CH1 data: {"text": "\uff0c"}
[2026-05-20 15:01:57] CH1 data: {"text": "\u8c01"}
[2026-05-20 15:01:57] CH1 data: {"text": "\u6765"}
[2026-05-20 15:01:57] CH1 data: {"text": "\u8865"}
[2026-05-20 15:01:57] CH1 data: {"text": "\u8fd9"}
[2026-05-20 15:01:57] CH1 data: {"text": "\u9875"}
[2026-05-20 15:01:57] CH1 data: {"text": "\u8d26"}
[2026-05-20 15:01:58] CH1 data: {"text": "\uff1f\u201d\n\n"}
[2026-05-20 15:01:58] CH1 data: {"text": "\u5df7"}
[2026-05-20 15:01:58] CH1 data: {"text": "\u53e3"}
[2026-05-20 15:01:58] CH1 data: {"text": "\u987f"}
[2026-05-20 15:01:58] CH1 data: {"text": "\u65f6"}
[2026-05-20 15:01:58] CH1 data: {"text": "\u8d77"}
[2026-05-20 15:01:58] CH1 data: {"text": "\u4e86\u4e00"}
[2026-05-20 15:01:58] CH1 data: {"text": "\u5c42"}
[2026-05-20 15:01:58] CH1 data: {"text": "\u4f4e"}
[2026-05-20 15:01:58] CH1 data: {"text": "\u4f4e"}
[2026-05-20 15:01:58] CH1 data: {"text": "\u7684"}
[2026-05-20 15:01:58] CH1 data: {"text": "\u55e1"}
[2026-05-20 15:01:58] CH1 data: {"text": "\u58f0"}
[2026-05-20 15:01:58] CH1 data: {"text": "\u3002"}
[2026-05-20 15:01:58] CH1 data: {"text": "\u7a97"}
[2026-05-20 15:01:58] CH1 data: {"text": "\u540e"}
[2026-05-20 15:01:58] CH1 data: {"text": "\u7684\u4eba"}
[2026-05-20 15:01:58] CH1 data: {"text": "\u5f71"}
[2026-05-20 15:01:58] CH1 data: {"text": "\u4ea4"}
[2026-05-20 15:01:58] CH1 data: {"text": "\u53e0"}
[2026-05-20 15:01:58] CH1 data: {"text": "\uff0c"}
[2026-05-20 15:01:58] CH1 data: {"text": "\u5c01"}
[2026-05-20 15:01:58] CH1 data: {"text": "\u7ebf"}
[2026-05-20 15:01:58] CH1 data: {"text": "\u5916"}
[2026-05-20 15:01:58] CH1 data: {"text": "\u8fde"}
[2026-05-20 15:01:58] CH1 data: {"text": "\u5598"}
[2026-05-20 15:01:58] CH1 data: {"text": "\u6c14"}
[2026-05-20 15:01:58] CH1 data: {"text": "\u90fd"}
[2026-05-20 15:01:58] CH1 data: {"text": "\u663e"}
[2026-05-20 15:01:58] CH1 data: {"text": "\u5f97"}
[2026-05-20 15:01:58] CH1 data: {"text": "\u6742"}
[2026-05-20 15:01:58] CH1 data: {"text": "\u3002"}
[2026-05-20 15:01:58] CH1 data: {"text": "\u5b88"}
[2026-05-20 15:01:58] CH1 data: {"text": "\u5907"}
[2026-05-20 15:01:58] CH1 data: {"text": "\u8138"}
[2026-05-20 15:01:58] CH1 data: {"text": "\u8272"}
[2026-05-20 15:01:58] CH1 data: {"text": "\u6ca1"}
[2026-05-20 15:01:58] CH1 data: {"text": "\u53d8"}
[2026-05-20 15:01:58] CH1 data: {"text": "\uff0c"}
[2026-05-20 15:01:58] CH1 data: {"text": "\u773c"}
[2026-05-20 15:01:58] CH1 data: {"text": "\u5e95"}
[2026-05-20 15:01:59] CH1 data: {"text": "\u90a3"}
[2026-05-20 15:01:59] CH1 data: {"text": "\u5c42"}
[2026-05-20 15:01:59] CH1 data: {"text": "\u9634"}
[2026-05-20 15:01:59] CH1 data: {"text": "\u6c89"}
[2026-05-20 15:01:59] CH1 data: {"text": "\u5374"}
[2026-05-20 15:01:59] CH1 data: {"text": "\u66f4"}
[2026-05-20 15:01:59] CH1 data: {"text": "\u91cd"}
[2026-05-20 15:01:59] CH1 data: {"text": "\u4e86\u4e00"}
[2026-05-20 15:01:59] CH1 data: {"text": "\u5206"}
[2026-05-20 15:01:59] CH1 data: {"text": "\u3002\u4ed6"}
[2026-05-20 15:01:59] CH1 data: {"text": "\u6ca1\u6709"}
[2026-05-20 15:01:59] CH1 data: {"text": "\u8ddf"}
[2026-05-20 15:01:59] CH1 data: {"text": "\u6c88"}
[2026-05-20 15:01:59] CH1 data: {"text": "\u7167"}
[2026-05-20 15:01:59] CH1 data: {"text": "\u4e89"}
[2026-05-20 15:01:59] CH1 data: {"text": "\u5634"}
[2026-05-20 15:01:59] CH1 data: {"text": "\uff0c"}
[2026-05-20 15:01:59] CH1 data: {"text": "\u8f6c"}
[2026-05-20 15:01:59] CH1 data: {"text": "\u5934"}
[2026-05-20 15:01:59] CH1 data: {"text": "\u51b2"}
[2026-05-20 15:01:59] CH1 data: {"text": "\u4ef5"}
[2026-05-20 15:01:59] CH1 data: {"text": "\u4f5c"}
[2026-05-20 15:01:59] CH1 data: {"text": "\u62ac"}
[2026-05-20 15:01:59] CH1 data: {"text": "\u4e86"}
[2026-05-20 15:01:59] CH1 data: {"text": "\u62ac"}
[2026-05-20 15:01:59] CH1 data: {"text": "\u4e0b"}
[2026-05-20 15:01:59] CH1 data: {"text": "\u5df4"}
[2026-05-20 15:01:59] CH1 data: {"text": "\u3002\n\n"}
[2026-05-20 15:01:59] CH1 data: {"text": "\u201c"}
[2026-05-20 15:01:59] CH1 data: {"text": "\u4f60"}
[2026-05-20 15:01:59] CH1 data: {"text": "\u53bb"}
[2026-05-20 15:01:59] CH1 data: {"text": "\u770b"}
[2026-05-20 15:01:59] CH1 data: {"text": "\u3002\u201d\n\n"}
[2026-05-20 15:01:59] CH1 data: {"text": "\u4ef5"}
[2026-05-20 15:01:59] CH1 data: {"text": "\u4f5c"}
[2026-05-20 15:01:59] CH1 data: {"text": "\u5589"}
[2026-05-20 15:01:59] CH1 data: {"text": "\u5934"}
[2026-05-20 15:01:59] CH1 data: {"text": "\u4e00"}
[2026-05-20 15:01:59] CH1 data: {"text": "\u52a8"}
[2026-05-20 15:01:59] CH1 data: {"text": "\uff0c"}
[2026-05-20 15:01:59] CH1 data: {"text": "\u62b1"}
[2026-05-20 15:01:59] CH1 data: {"text": "\u7740"}
[2026-05-20 15:01:59] CH1 data: {"text": "\u9a8c"}
[2026-05-20 15:01:59] CH1 data: {"text": "\u5305"}
[2026-05-20 15:01:59] CH1 data: {"text": "\u8e72"}
[2026-05-20 15:01:59] CH1 data: {"text": "\u5230"}
[2026-05-20 15:01:59] CH1 data: {"text": "\u6c34"}
[2026-05-20 15:01:59] CH1 data: {"text": "\u7ebf"}
[2026-05-20 15:01:59] CH1 data: {"text": "\u8fb9"}
[2026-05-20 15:01:59] CH1 data: {"text": "\uff0c"}
[2026-05-20 15:01:59] CH1 data: {"text": "\u9694"}
[2026-05-20 15:01:59] CH1 data: {"text": "\u7740"}
[2026-05-20 15:01:59] CH1 data: {"text": "\u5e03"}
[2026-05-20 15:02:00] CH1 data: {"text": "\u6258"}
[2026-05-20 15:02:00] CH1 data: {"text": "\u8d77"}
[2026-05-20 15:02:00] CH1 data: {"text": "\u6b7b"}
[2026-05-20 15:02:00] CH1 data: {"text": "\u8005"}
[2026-05-20 15:02:00] CH1 data: {"text": "\u540e"}
[2026-05-20 15:02:00] CH1 data: {"text": "\u8111"}
[2026-05-20 15:02:00] CH1 data: {"text": "\uff0c\u770b"}
[2026-05-20 15:02:00] CH1 data: {"text": "\u4e86\u4e00"}
[2026-05-20 15:02:00] CH1 data: {"text": "\u773c"}
[2026-05-20 15:02:00] CH1 data: {"text": "\u4fbf"}
[2026-05-20 15:02:00] CH1 data: {"text": "\u8d76"}
[2026-05-20 15:02:00] CH1 data: {"text": "\u7d27"}
[2026-05-20 15:02:00] CH1 data: {"text": "\u653e"}
[2026-05-20 15:02:00] CH1 data: {"text": "\u4e0b"}
[2026-05-20 15:02:00] CH1 data: {"text": "\uff0c"}
[2026-05-20 15:02:00] CH1 data: {"text": "\u989d"}
[2026-05-20 15:02:00] CH1 data: {"text": "\u89d2"}
[2026-05-20 15:02:00] CH1 data: {"text": "\u5168"}
[2026-05-20 15:02:00] CH1 data: {"text": "\u662f"}
[2026-05-20 15:02:00] CH1 data: {"text": "\u6c34"}
[2026-05-20 15:02:00] CH1 data: {"text": "\uff0c\u4e5f"}
[2026-05-20 15:02:00] CH1 data: {"text": "\u4e0d"}
[2026-05-20 15:02:00] CH1 data: {"text": "\u77e5"}
[2026-05-20 15:02:00] CH1 data: {"text": "\u662f"}
[2026-05-20 15:02:00] CH1 data: {"text": "\u96e8"}
[2026-05-20 15:02:00] CH1 data: {"text": "\u662f"}
[2026-05-20 15:02:00] CH1 data: {"text": "\u6c57"}
[2026-05-20 15:02:00] CH1 data: {"text": "\uff1a\u201c"}
[2026-05-20 15:02:00] CH1 data: {"text": "\u8111"}
[2026-05-20 15:02:00] CH1 data: {"text": "\u540e"}
[2026-05-20 15:02:00] CH1 data: {"text": "\u50cf"}
[2026-05-20 15:02:00] CH1 data: {"text": "\u6709"}
[2026-05-20 15:02:00] CH1 data: {"text": "\u949d"}
[2026-05-20 15:02:00] CH1 data: {"text": "\u4f24"}
[2026-05-20 15:02:00] CH1 data: {"text": "\uff0c"}
[2026-05-20 15:02:00] CH1 data: {"text": "\u96e8"}
[2026-05-20 15:02:00] CH1 data: {"text": "\u591c"}
[2026-05-20 15:02:00] CH1 data: {"text": "\u4e0d\u597d"}
[2026-05-20 15:02:00] CH1 data: {"text": "\u7ec6"}
[2026-05-20 15:02:00] CH1 data: {"text": "\u9a8c"}
[2026-05-20 15:02:00] CH1 data: {"text": "\u3002"}
[2026-05-20 15:02:00] CH1 data: {"text": "\u706f"}
[2026-05-20 15:02:00] CH1 data: {"text": "\u3001"}
[2026-05-20 15:02:00] CH1 data: {"text": "\u5c38"}
[2026-05-20 15:02:00] CH1 data: {"text": "\u2026\u2026"}
[2026-05-20 15:02:00] CH1 data: {"text": "\u6700\u597d"}
[2026-05-20 15:02:00] CH1 data: {"text": "\u5148"}
[2026-05-20 15:02:00] CH1 data: {"text": "\u5c01"}
[2026-05-20 15:02:00] CH1 data: {"text": "\u5b58"}
[2026-05-20 15:02:00] CH1 data: {"text": "\uff0c"}
[2026-05-20 15:02:00] CH1 data: {"text": "\u7b49"}
[2026-05-20 15:02:00] CH1 data: {"text": "\u5929"}
[2026-05-20 15:02:00] CH1 data: {"text": "\u4eae"}
[2026-05-20 15:02:00] CH1 data: {"text": "\u518d"}
[2026-05-20 15:02:00] CH1 data: {"text": "\u9a8c"}
[2026-05-20 15:02:00] CH1 data: {"text": "\u3002\u201d\n\n"}
[2026-05-20 15:02:00] CH1 data: {"text": "\u5b88"}
[2026-05-20 15:02:00] CH1 data: {"text": "\u5907"}
[2026-05-20 15:02:00] CH1 data: {"text": "\u9759"}
[2026-05-20 15:02:01] CH1 data: {"text": "\u4e86"}
[2026-05-20 15:02:01] CH1 data: {"text": "\u4e24"}
[2026-05-20 15:02:01] CH1 data: {"text": "\u606f"}
[2026-05-20 15:02:01] CH1 data: {"text": "\u3002\n\n"}
[2026-05-20 15:02:01] CH1 data: {"text": "\u518d"}
[2026-05-20 15:02:01] CH1 data: {"text": "\u5f00"}
[2026-05-20 15:02:01] CH1 data: {"text": "\u53e3"}
[2026-05-20 15:02:01] CH1 data: {"text": "\u65f6"}
[2026-05-20 15:02:01] CH1 data: {"text": "\uff0c"}
[2026-05-20 15:02:01] CH1 data: {"text": "\u5200"}
[2026-05-20 15:02:01] CH1 data: {"text": "\u53e3"}
[2026-05-20 15:02:01] CH1 data: {"text": "\u6362"}
[2026-05-20 15:02:01] CH1 data: {"text": "\u4e86"}
[2026-05-20 15:02:01] CH1 data: {"text": "\u65b9\u5411"}
[2026-05-20 15:02:01] CH1 data: {"text": "\uff1a\u201c"}
[2026-05-20 15:02:01] CH1 data: {"text": "\u597d"}
[2026-05-20 15:02:01] CH1 data: {"text": "\u3002"}
[2026-05-20 15:02:01] CH1 data: {"text": "\u4eca"}
[2026-05-20 15:02:01] CH1 data: {"text": "\u591c"}
[2026-05-20 15:02:01] CH1 data: {"text": "\u4e0d"}
[2026-05-20 15:02:01] CH1 data: {"text": "\u843d"}
[2026-05-20 15:02:01] CH1 data: {"text": "\u5996"}
[2026-05-20 15:02:01] CH1 data: {"text": "\u6848"}
[2026-05-20 15:02:01] CH1 data: {"text": "\uff0c"}
[2026-05-20 15:02:01] CH1 data: {"text": "\u5148"}
[2026-05-20 15:02:01] CH1 data: {"text": "\u8bb0"}
[2026-05-20 15:02:01] CH1 data: {"text": "\u672a"}
[2026-05-20 15:02:01] CH1 data: {"text": "\u51b3"}
[2026-05-20 15:02:01] CH1 data: {"text": "\u4eba"}
[2026-05-20 15:02:01] CH1 data: {"text": "\u547d"}
[2026-05-20 15:02:01] CH1 data: {"text": "\u3002"}
[2026-05-20 15:02:01] CH1 data: {"text": "\u706f"}
[2026-05-20 15:02:01] CH1 data: {"text": "\u5c01"}
[2026-05-20 15:02:01] CH1 data: {"text": "\uff0c"}
[2026-05-20 15:02:01] CH1 data: {"text": "\u5c38"}
[2026-05-20 15:02:01] CH1 data: {"text": "\u5c01"}
[2026-05-20 15:02:01] CH1 data: {"text": "\uff0c\u66f4"}
[2026-05-20 15:02:01] CH1 data: {"text": "\u592b"}
[2026-05-20 15:02:01] CH1 data: {"text": "\u62bc"}
[2026-05-20 15:02:01] CH1 data: {"text": "\u770b"}
[2026-05-20 15:02:01] CH1 data: {"text": "\u3002"}
[2026-05-20 15:02:01] CH1 data: {"text": "\u6c88"}
[2026-05-20 15:02:01] CH1 data: {"text": "\u7167"}
[2026-05-20 15:02:01] CH1 data: {"text": "\u2014\u2014"}
[2026-05-20 15:02:01] CH1 data: {"text": "\u201d\n\n"}
[2026-05-20 15:02:01] CH1 data: {"text": "\u4ed6"}
[2026-05-20 15:02:01] CH1 data: {"text": "\u7ec8\u4e8e"}
[2026-05-20 15:02:02] CH1 data: {"text": "\u6b63"}
[2026-05-20 15:02:02] CH1 data: {"text": "\u9762"}
[2026-05-20 15:02:02] CH1 data: {"text": "\u53eb"}
[2026-05-20 15:02:02] CH1 data: {"text": "\u4e86"}
[2026-05-20 15:02:02] CH1 data: {"text": "\u540d\u5b57"}
[2026-05-20 15:02:02] CH1 data: {"text": "\u3002\n\n"}
[2026-05-20 15:02:02] CH1 data: {"text": "\u201c"}
[2026-05-20 15:02:02] CH1 data: {"text": "\u5929"}
[2026-05-20 15:02:02] CH1 data: {"text": "\u4eae"}
[2026-05-20 15:02:02] CH1 data: {"text": "\u524d"}
[2026-05-20 15:02:02] CH1 data: {"text": "\uff0c\u4f60"}
[2026-05-20 15:02:02] CH1 data: {"text": "\u82e5"}
[2026-05-20 15:02:02] CH1 data: {"text": "\u62ff"}
[2026-05-20 15:02:02] CH1 data: {"text": "\u4e0d"}
[2026-05-20 15:02:02] CH1 data: {"text": "\u51fa"}
[2026-05-20 15:02:02] CH1 data: {"text": "\u4e00"}
[2026-05-20 15:02:02] CH1 data: {"text": "\u4efd"}
[2026-05-20 15:02:02] CH1 data: {"text": "\u7ad9"}
[2026-05-20 15:02:02] CH1 data: {"text": "\u5f97"}
[2026-05-20 15:02:02] CH1 data: {"text": "\u4f4f"}
[2026-05-20 15:02:02] CH1 data: {"text": "\u811a"}
[2026-05-20 15:02:02] CH1 data: {"text": "\u7684"}
[2026-05-20 15:02:02] CH1 data: {"text": "\u8bf4"}
[2026-05-20 15:02:02] CH1 data: {"text": "\u6cd5"}
[2026-05-20 15:02:02] CH1 data: {"text": "\uff0c"}
[2026-05-20 15:02:02] CH1 data: {"text": "\u62a4"}
[2026-05-20 15:02:02] CH1 data: {"text": "\u7740"}
[2026-05-20 15:02:02] CH1 data: {"text": "\u4ed6\u7684"}
[2026-05-20 15:02:02] CH1 data: {"text": "\u8fd9"}
[2026-05-20 15:02:02] CH1 data: {"text": "\u51e0"}
[2026-05-20 15:02:02] CH1 data: {"text": "\u53e5\u8bdd"}
[2026-05-20 15:02:02] CH1 data: {"text": "\uff0c\u5c31"}
[2026-05-20 15:02:02] CH1 data: {"text": "\u4e00"}
[2026-05-20 15:02:02] CH1 data: {"text": "\u5e76"}
[2026-05-20 15:02:02] CH1 data: {"text": "\u7b97"}
[2026-05-20 15:02:02] CH1 data: {"text": "\u5230"}
[2026-05-20 15:02:02] CH1 data: {"text": "\u4f60"}
[2026-05-20 15:02:02] CH1 data: {"text": "\u5934"}
[2026-05-20 15:02:02] CH1 data: {"text": "\u4e0a"}
[2026-05-20 15:02:02] CH1 data: {"text": "\u3002"}
[2026-05-20 15:02:02] CH1 data: {"text": "\u5230"}
[2026-05-20 15:02:02] CH1 data: {"text": "\u65f6"}
[2026-05-20 15:02:02] CH1 data: {"text": "\u4e0d"}
[2026-05-20 15:02:02] CH1 data: {"text": "\u6b62"}
[2026-05-20 15:02:02] CH1 data: {"text": "\u4ed6"}
[2026-05-20 15:02:02] CH1 data: {"text": "\u6709"}
[2026-05-20 15:02:02] CH1 data: {"text": "\u7f6a"}
[2026-05-20 15:02:03] CH1 data: {"text": "\uff0c\u4f60"}
[2026-05-20 15:02:03] CH1 data: {"text": "\u4e5f"}
[2026-05-20 15:02:03] CH1 data: {"text": "\u8131"}
[2026-05-20 15:02:03] CH1 data: {"text": "\u4e0d\u5f00"}
[2026-05-20 15:02:03] CH1 data: {"text": "\u3002\u201d\n\n"}
[2026-05-20 15:02:03] CH1 data: {"text": "\u5dee"}
[2026-05-20 15:02:03] CH1 data: {"text": "\u5f79"}
[2026-05-20 15:02:03] CH1 data: {"text": "\u7acb"}
[2026-05-20 15:02:03] CH1 data: {"text": "\u523b"}
[2026-05-20 15:02:03] CH1 data: {"text": "\u52a8"}
[2026-05-20 15:02:03] CH1 data: {"text": "\u8d77\u6765"}
[2026-05-20 15:02:03] CH1 data: {"text": "\u3002"}
[2026-05-20 15:02:03] CH1 data: {"text": "\u9ebb"}
[2026-05-20 15:02:03] CH1 data: {"text": "\u7ef3"}
[2026-05-20 15:02:03] CH1 data: {"text": "\u518d"}
[2026-05-20 15:02:03] CH1 data: {"text": "\u5f80"}
[2026-05-20 15:02:03] CH1 data: {"text": "\u5916"}
[2026-05-20 15:02:03] CH1 data: {"text": "\u62c9"}
[2026-05-20 15:02:03] CH1 data: {"text": "\u4e86"}
[2026-05-20 15:02:03] CH1 data: {"text": "\u4e24"}
[2026-05-20 15:02:03] CH1 data: {"text": "\u9053"}
[2026-05-20 15:02:03] CH1 data: {"text": "\uff0c\u628a"}
[2026-05-20 15:02:03] CH1 data: {"text": "\u6574"}
[2026-05-20 15:02:03] CH1 data: {"text": "\u6bb5"}
[2026-05-20 15:02:03] CH1 data: {"text": "\u6a90"}
[2026-05-20 15:02:03] CH1 data: {"text": "\u4e0b"}
[2026-05-20 15:02:03] CH1 data: {"text": "\u5708"}
[2026-05-20 15:02:03] CH1 data: {"text": "\u6b7b"}
[2026-05-20 15:02:03] CH1 data: {"text": "\uff1b"}
[2026-05-20 15:02:03] CH1 data: {"text": "\u4e00"}
[2026-05-20 15:02:03] CH1 data: {"text": "\u4eba"}
[2026-05-20 15:02:03] CH1 data: {"text": "\u53d6"}
[2026-05-20 15:02:03] CH1 data: {"text": "\u5b98"}
[2026-05-20 15:02:03] CH1 data: {"text": "\u7eb8"}
[2026-05-20 15:02:03] CH1 data: {"text": "\u8d34"}
[2026-05-20 15:02:03] CH1 data: {"text": "\u5c01"}
[2026-05-20 15:02:03] CH1 data: {"text": "\uff0c\u4e00"}
[2026-05-20 15:02:03] CH1 data: {"text": "\u4eba"}
[2026-05-20 15:02:03] CH1 data: {"text": "\u5b88"}
[2026-05-20 15:02:03] CH1 data: {"text": "\u5728"}
[2026-05-20 15:02:03] CH1 data: {"text": "\u706f"}
[2026-05-20 15:02:03] CH1 data: {"text": "\u4fa7"}
[2026-05-20 15:02:03] CH1 data: {"text": "\u6c34"}
[2026-05-20 15:02:03] CH1 data: {"text": "\u7ebf"}
[2026-05-20 15:02:03] CH1 data: {"text": "\u5916"}
[2026-05-20 15:02:03] CH1 data: {"text": "\uff0c"}
[2026-05-20 15:02:04] CH1 data: {"text": "\u8c01"}
[2026-05-20 15:02:04] CH1 data: {"text": "\u4e5f"}
[2026-05-20 15:02:04] CH1 data: {"text": "\u4e0d"}
[2026-05-20 15:02:04] CH1 data: {"text": "\u8bb8"}
[2026-05-20 15:02:04] CH1 data: {"text": "\u8fd1"}
[2026-05-20 15:02:04] CH1 data: {"text": "\u3002"}
[2026-05-20 15:02:04] CH1 data: {"text": "\u66f4"}
[2026-05-20 15:02:04] CH1 data: {"text": "\u592b"}
[2026-05-20 15:02:04] CH1 data: {"text": "\u88ab"}
[2026-05-20 15:02:04] CH1 data: {"text": "\u626d"}
[2026-05-20 15:02:04] CH1 data: {"text": "\u7740"}
[2026-05-20 15:02:04] CH1 data: {"text": "\u5e26"}
[2026-05-20 15:02:04] CH1 data: {"text": "\u5230"}
[2026-05-20 15:02:04] CH1 data: {"text": "\u5c01"}
[2026-05-20 15:02:04] CH1 data: {"text": "\u7ebf"}
[2026-05-20 15:02:04] CH1 data: {"text": "\u8fb9"}
[2026-05-20 15:02:04] CH1 data: {"text": "\uff0c"}
[2026-05-20 15:02:04] CH1 data: {"text": "\u817f"}
[2026-05-20 15:02:04] CH1 data: {"text": "\u8f6f"}
[2026-05-20 15:02:04] CH1 data: {"text": "\u5f97"}
[2026-05-20 15:02:04] CH1 data: {"text": "\u7ad9"}
[2026-05-20 15:02:04] CH1 data: {"text": "\u4e0d"}
[2026-05-20 15:02:04] CH1 data: {"text": "\u76f4"}
[2026-05-20 15:02:04] CH1 data: {"text": "\uff0c\u53ea"}
[2026-05-20 15:02:04] CH1 data: {"text": "\u80fd"}
[2026-05-20 15:02:04] CH1 data: {"text": "\u9760"}
[2026-05-20 15:02:04] CH1 data: {"text": "\u5728"}
[2026-05-20 15:02:04] CH1 data: {"text": "\u5899"}
[2026-05-20 15:02:04] CH1 data: {"text": "\u6839"}
[2026-05-20 15:02:04] CH1 data: {"text": "\u53d1"}
[2026-05-20 15:02:04] CH1 data: {"text": "\u6296"}
[2026-05-20 15:02:04] CH1 data: {"text": "\uff0c"}
[2026-05-20 15:02:04] CH1 data: {"text": "\u50cf"}
[2026-05-20 15:02:04] CH1 data: {"text": "\u4e00"}
[2026-05-20 15:02:04] CH1 data: {"text": "\u56e2"}
[2026-05-20 15:02:04] CH1 data: {"text": "\u88ab"}
[2026-05-20 15:02:04] CH1 data: {"text": "\u96e8"}
[2026-05-20 15:02:05] CH1 data: {"text": "\u6ce1"}
[2026-05-20 15:02:05] CH1 data: {"text": "\u900f"}
[2026-05-20 15:02:05] CH1 data: {"text": "\u7684"}
[2026-05-20 15:02:05] CH1 data: {"text": "\u65e7"}
[2026-05-20 15:02:05] CH1 data: {"text": "\u68c9"}
[2026-05-20 15:02:05] CH1 data: {"text": "\u7d6e"}
[2026-05-20 15:02:05] CH1 data: {"text": "\u3002\n\n"}
[2026-05-20 15:02:05] CH1 data: {"text": "\u5b88"}
[2026-05-20 15:02:05] CH1 data: {"text": "\u5907"}
[2026-05-20 15:02:05] CH1 data: {"text": "\u6536"}
[2026-05-20 15:02:05] CH1 data: {"text": "\u4e86"}
[2026-05-20 15:02:05] CH1 data: {"text": "\u6848"}
[2026-05-20 15:02:05] CH1 data: {"text": "\u518c"}
[2026-05-20 15:02:05] CH1 data: {"text": "\uff0c"}
[2026-05-20 15:02:05] CH1 data: {"text": "\u8f6c"}
[2026-05-20 15:02:05] CH1 data: {"text": "\u8eab"}
[2026-05-20 15:02:05] CH1 data: {"text": "\u65f6"}
[2026-05-20 15:02:05] CH1 data: {"text": "\uff0c"}
[2026-05-20 15:02:05] CH1 data: {"text": "\u9ed1"}
[2026-05-20 15:02:05] CH1 data: {"text": "\u84d1"}
[2026-05-20 15:02:05] CH1 data: {"text": "\u4eba\u7684"}
[2026-05-20 15:02:05] CH1 data: {"text": "\u76ee"}
[2026-05-20 15:02:05] CH1 data: {"text": "\u5149"}
[2026-05-20 15:02:05] CH1 data: {"text": "\u4ece"}
[2026-05-20 15:02:05] CH1 data: {"text": "\u6c88"}
[2026-05-20 15:02:05] CH1 data: {"text": "\u7167"}
[2026-05-20 15:02:05] CH1 data: {"text": "\u8896"}
[2026-05-20 15:02:05] CH1 data: {"text": "\u53e3"}
[2026-05-20 15:02:05] CH1 data: {"text": "\u4e0a"}
[2026-05-20 15:02:05] CH1 data: {"text": "\u522e"}
[2026-05-20 15:02:05] CH1 data: {"text": "\u8fc7\u53bb"}
[2026-05-20 15:02:05] CH1 data: {"text": "\uff0c"}
[2026-05-20 15:02:05] CH1 data: {"text": "\u505c"}
[2026-05-20 15:02:05] CH1 data: {"text": "\u4e86\u4e00"}
[2026-05-20 15:02:05] CH1 data: {"text": "\u77ac"}
[2026-05-20 15:02:05] CH1 data: {"text": "\uff0c\u53c8"}
[2026-05-20 15:02:05] CH1 data: {"text": "\u65e0"}
[2026-05-20 15:02:05] CH1 data: {"text": "\u58f0"}
[2026-05-20 15:02:05] CH1 data: {"text": "\u79fb"}
[2026-05-20 15:02:05] CH1 data: {"text": "\u5f00"}
[2026-05-20 15:02:05] CH1 data: {"text": "\u3002\n\n"}
[2026-05-20 15:02:05] CH1 data: {"text": "\u5c40"}
[2026-05-20 15:02:05] CH1 data: {"text": "\u9762"}
[2026-05-20 15:02:05] CH1 data: {"text": "\u53ea"}
[2026-05-20 15:02:05] CH1 data: {"text": "\u62d6"}
[2026-05-20 15:02:05] CH1 data: {"text": "\u4f4f"}
[2026-05-20 15:02:06] CH1 data: {"text": "\u4e86"}
[2026-05-20 15:02:06] CH1 data: {"text": "\u51e0\u4e2a"}
[2026-05-20 15:02:06] CH1 data: {"text": "\u65f6"}
[2026-05-20 15:02:06] CH1 data: {"text": "\u8fb0"}
[2026-05-20 15:02:06] CH1 data: {"text": "\u3002\n\n"}
[2026-05-20 15:02:06] CH1 data: {"text": "\u6c88"}
[2026-05-20 15:02:06] CH1 data: {"text": "\u7167"}
[2026-05-20 15:02:06] CH1 data: {"text": "\u770b"}
[2026-05-20 15:02:06] CH1 data: {"text": "\u7740"}
[2026-05-20 15:02:06] CH1 data: {"text": "\u90a3"}
[2026-05-20 15:02:06] CH1 data: {"text": "\u76cf"}
[2026-05-20 15:02:06] CH1 data: {"text": "\u88ab"}
[2026-05-20 15:02:06] CH1 data: {"text": "\u5b98"}
[2026-05-20 15:02:06] CH1 data: {"text": "\u7eb8"}
[2026-05-20 15:02:06] CH1 data: {"text": "\u5c01"}
[2026-05-20 15:02:06] CH1 data: {"text": "\u4f4f"}
[2026-05-20 15:02:06] CH1 data: {"text": "\u7684"}
[2026-05-20 15:02:06] CH1 data: {"text": "\u9b42"}
[2026-05-20 15:02:06] CH1 data: {"text": "\u706f"}
[2026-05-20 15:02:06] CH1 data: {"text": "\uff0c"}
[2026-05-20 15:02:06] CH1 data: {"text": "\u8896"}
[2026-05-20 15:02:06] CH1 data: {"text": "\u4e2d"}
[2026-05-20 15:02:06] CH1 data: {"text": "\u624b"}
[2026-05-20 15:02:06] CH1 data: {"text": "\u6307"}
[2026-05-20 15:02:06] CH1 data: {"text": "\u6162"}
[2026-05-20 15:02:06] CH1 data: {"text": "\u6162"}
[2026-05-20 15:02:06] CH1 data: {"text": "\u6536"}
[2026-05-20 15:02:06] CH1 data: {"text": "\u7d27"}
[2026-05-20 15:02:06] CH1 data: {"text": "\u3002"}
[2026-05-20 15:02:06] CH1 data: {"text": "\u516c\u5f00"}
[2026-05-20 15:02:06] CH1 data: {"text": "\u80fd"}
[2026-05-20 15:02:06] CH1 data: {"text": "\u8bf4"}
[2026-05-20 15:02:06] CH1 data: {"text": "\u7684"}
[2026-05-20 15:02:06] CH1 data: {"text": "\uff0c\u5230"}
[2026-05-20 15:02:06] CH1 data: {"text": "\u8fd9\u91cc"}
[2026-05-20 15:02:06] CH1 data: {"text": "\u4e3a"}
[2026-05-20 15:02:06] CH1 data: {"text": "\u6b62"}
[2026-05-20 15:02:06] CH1 data: {"text": "\uff1b"}
[2026-05-20 15:02:06] CH1 data: {"text": "\u6ca1"}
[2026-05-20 15:02:06] CH1 data: {"text": "\u8bf4"}
[2026-05-20 15:02:06] CH1 data: {"text": "\u51fa\u53e3"}
[2026-05-20 15:02:06] CH1 data: {"text": "\u7684"}
[2026-05-20 15:02:06] CH1 data: {"text": "\u90a3"}
[2026-05-20 15:02:06] CH1 data: {"text": "\u9053"}
[2026-05-20 15:02:06] CH1 data: {"text": "\u65e7"}
[2026-05-20 15:02:06] CH1 data: {"text": "\u5370"}
[2026-05-20 15:02:06] CH1 data: {"text": "\uff0c\u8fd8"}
[2026-05-20 15:02:07] CH1 data: {"text": "\u85cf"}
[2026-05-20 15:02:07] CH1 data: {"text": "\u5728"}
[2026-05-20 15:02:07] CH1 data: {"text": "\u7070"}
[2026-05-20 15:02:07] CH1 data: {"text": "\u91cc"}
[2026-05-20 15:02:07] CH1 data: {"text": "\uff0c"}
[2026-05-20 15:02:07] CH1 data: {"text": "\u50cf"}
[2026-05-20 15:02:07] CH1 data: {"text": "\u4e00"}
[2026-05-20 15:02:07] CH1 data: {"text": "\u6839"}
[2026-05-20 15:02:07] CH1 data: {"text": "\u7ec6"}
[2026-05-20 15:02:07] CH1 data: {"text": "\u523a"}
[2026-05-20 15:02:07] CH1 data: {"text": "\u3002"}
[2026-05-20 15:02:07] CH1 data: {"text": "\u5929"}
[2026-05-20 15:02:07] CH1 data: {"text": "\u4eae"}
[2026-05-20 15:02:07] CH1 data: {"text": "\u524d"}
[2026-05-20 15:02:07] CH1 data: {"text": "\uff0c"}
[2026-05-20 15:02:07] CH1 data: {"text": "\u60f3"}
[2026-05-20 15:02:07] CH1 data: {"text": "\u628a"}
[2026-05-20 15:02:07] CH1 data: {"text": "\u66f4"}
[2026-05-20 15:02:07] CH1 data: {"text": "\u592b"}
[2026-05-20 15:02:07] CH1 data: {"text": "\u4ece"}
[2026-05-20 15:02:07] CH1 data: {"text": "\u6848"}
[2026-05-20 15:02:07] CH1 data: {"text": "\u518c"}
[2026-05-20 15:02:07] CH1 data: {"text": "\u91cc"}
[2026-05-20 15:02:07] CH1 data: {"text": "\u635e"}
[2026-05-20 15:02:07] CH1 data: {"text": "\u51fa\u6765"}
[2026-05-20 15:02:07] CH1 data: {"text": "\uff0c\u53ea"}
[2026-05-20 15:02:07] CH1 data: {"text": "\u80fd"}
[2026-05-20 15:02:07] CH1 data: {"text": "\u987a"}
[2026-05-20 15:02:07] CH1 data: {"text": "\u7740"}
[2026-05-20 15:02:07] CH1 data: {"text": "\u4e24"}
[2026-05-20 15:02:07] CH1 data: {"text": "\u6761"}
[2026-05-20 15:02:07] CH1 data: {"text": "\u7ebf"}
[2026-05-20 15:02:07] CH1 data: {"text": "\u5f80"}
[2026-05-20 15:02:07] CH1 data: {"text": "\u4e0b"}
[2026-05-20 15:02:07] CH1 data: {"text": "\u62a0"}
[2026-05-20 15:02:07] CH1 data: {"text": "\u2014\u2014"}
[2026-05-20 15:02:07] CH1 data: {"text": "\u5148"}
[2026-05-20 15:02:07] CH1 data: {"text": "\u67e5"}
[2026-05-20 15:02:07] CH1 data: {"text": "\u9b42"}
[2026-05-20 15:02:07] CH1 data: {"text": "\u706f"}
[2026-05-20 15:02:07] CH1 data: {"text": "\u4ece"}
[2026-05-20 15:02:07] CH1 data: {"text": "\u54ea"}
[2026-05-20 15:02:07] CH1 data: {"text": "\u6765"}
[2026-05-20 15:02:07] CH1 data: {"text": "\uff0c\u518d"}
[2026-05-20 15:02:07] CH1 data: {"text": "\u67e5"}
[2026-05-20 15:02:07] CH1 data: {"text": "\u8c01"}
[2026-05-20 15:02:07] CH1 data: {"text": "\u8fd8"}
[2026-05-20 15:02:07] CH1 data: {"text": "\u8ba4"}
[2026-05-20 15:02:07] CH1 data: {"text": "\u5f97"}
[2026-05-20 15:02:07] CH1 data: {"text": "\u90a3"}
[2026-05-20 15:02:07] CH1 data: {"text": "\u9053"}
[2026-05-20 15:02:07] CH1 data: {"text": "\u5e08"}
[2026-05-20 15:02:07] CH1 data: {"text": "\u95e8"}
[2026-05-20 15:02:07] CH1 data: {"text": "\u65e7"}
[2026-05-20 15:02:07] CH1 data: {"text": "\u5370"}
[2026-05-20 15:02:07] CH1 data: {"text": "\u3002"}
[2026-05-20 15:02:08] CH1 data: {"status": "saved", "chapter_id": "e9d02dad-5778-4d92-a447-6b2dff36ddb4", "word_count": 4554}
[2026-05-20 15:02:08] CH1 data: {"event": "evaluating", "round": 1}
[2026-05-20 15:06:28] CH1 data: {"event": "scored", "round": 1, "overall": 7.58, "issues": 16}
[2026-05-20 15:06:28] CH1 data: {"event": "revising", "round": 1, "overall": 7.58, "threshold": 8.2}
[2026-05-20 15:12:48] CH1 data: {"text": "\u7eb8", "revise_round": 1}
[2026-05-20 15:12:48] CH1 data: {"text": "\u7f69", "revise_round": 1}
[2026-05-20 15:12:48] CH1 data: {"text": "\u88ab", "revise_round": 1}
[2026-05-20 15:12:48] CH1 data: {"text": "\u98ce", "revise_round": 1}
[2026-05-20 15:12:48] CH1 data: {"text": "\u96e8", "revise_round": 1}
[2026-05-20 15:12:48] CH1 data: {"text": "\u6572", "revise_round": 1}
[2026-05-20 15:12:48] CH1 data: {"text": "\u5f97", "revise_round": 1}
[2026-05-20 15:12:48] CH1 data: {"text": "\u556a\u556a", "revise_round": 1}
[2026-05-20 15:12:48] CH1 data: {"text": "\u54cd", "revise_round": 1}
[2026-05-20 15:12:48] CH1 data: {"text": "\u3002\n\n", "revise_round": 1}
[2026-05-20 15:12:48] CH1 data: {"text": "\u4e8c", "revise_round": 1}
[2026-05-20 15:12:48] CH1 data: {"text": "\u66f4", "revise_round": 1}
[2026-05-20 15:12:48] CH1 data: {"text": "\u672b", "revise_round": 1}
[2026-05-20 15:12:48] CH1 data: {"text": "\u4ea4", "revise_round": 1}
[2026-05-20 15:12:48] CH1 data: {"text": "\u4e09", "revise_round": 1}
[2026-05-20 15:12:48] CH1 data: {"text": "\u66f4", "revise_round": 1}
[2026-05-20 15:12:48] CH1 data: {"text": "\u521d", "revise_round": 1}
[2026-05-20 15:12:48] CH1 data: {"text": "\uff0c", "revise_round": 1}
[2026-05-20 15:12:48] CH1 data: {"text": "\u5317", "revise_round": 1}
[2026-05-20 15:12:48] CH1 data: {"text": "\u57ce", "revise_round": 1}
[2026-05-20 15:12:48] CH1 data: {"text": "\u659c", "revise_round": 1}
[2026-05-20 15:12:48] CH1 data: {"text": "\u8857", "revise_round": 1}
[2026-05-20 15:12:48] CH1 data: {"text": "\u9ed1", "revise_round": 1}
[2026-05-20 15:12:48] CH1 data: {"text": "\u5f97", "revise_round": 1}
[2026-05-20 15:12:48] CH1 data: {"text": "\u53d1", "revise_round": 1}
[2026-05-20 15:12:48] CH1 data: {"text": "\u6c89", "revise_round": 1}
[2026-05-20 15:12:48] CH1 data: {"text": "\uff0c", "revise_round": 1}
[2026-05-20 15:12:48] CH1 data: {"text": "\u504f", "revise_round": 1}
[2026-05-20 15:12:48] CH1 data: {"text": "\u6709", "revise_round": 1}
[2026-05-20 15:12:48] CH1 data: {"text": "\u4e00\u70b9", "revise_round": 1}
[2026-05-20 15:12:48] CH1 data: {"text": "\u767d", "revise_round": 1}
[2026-05-20 15:12:48] CH1 data: {"text": "\u706b", "revise_round": 1}
[2026-05-20 15:12:48] CH1 data: {"text": "\u6302", "revise_round": 1}
[2026-05-20 15:12:48] CH1 data: {"text": "\u5728", "revise_round": 1}
[2026-05-20 15:12:48] CH1 data: {"text": "\u5e9f", "revise_round": 1}
[2026-05-20 15:12:48] CH1 data: {"text": "\u706f", "revise_round": 1}
[2026-05-20 15:12:48] CH1 data: {"text": "\u94fa", "revise_round": 1}
[2026-05-20 15:12:48] CH1 data: {"text": "\u6a90", "revise_round": 1}
[2026-05-20 15:12:48] CH1 data: {"text": "\u4e0b", "revise_round": 1}
[2026-05-20 15:12:48] CH1 data: {"text": "\uff0c", "revise_round": 1}
[2026-05-20 15:12:48] CH1 data: {"text": "\u9694", "revise_round": 1}
[2026-05-20 15:12:48] CH1 data: {"text": "\u7740", "revise_round": 1}
[2026-05-20 15:12:48] CH1 data: {"text": "\u96e8", "revise_round": 1}
[2026-05-20 15:12:48] CH1 data: {"text": "\u5e55", "revise_round": 1}
[2026-05-20 15:12:48] CH1 data: {"text": "\u4e00", "revise_round": 1}
[2026-05-20 15:12:48] CH1 data: {"text": "\u6643", "revise_round": 1}
[2026-05-20 15:12:48] CH1 data: {"text": "\u4e00", "revise_round": 1}
[2026-05-20 15:12:48] CH1 data: {"text": "\u6643", "revise_round": 1}
[2026-05-20 15:12:48] CH1 data: {"text": "\u3002", "revise_round": 1}
[2026-05-20 15:12:48] CH1 data: {"text": "\u7ed9", "revise_round": 1}
[2026-05-20 15:12:48] CH1 data: {"text": "\u65b0", "revise_round": 1}
[2026-05-20 15:12:48] CH1 data: {"text": "\u6b7b", "revise_round": 1}
[2026-05-20 15:12:48] CH1 data: {"text": "\u7167", "revise_round": 1}
[2026-05-20 15:12:48] CH1 data: {"text": "\u8def", "revise_round": 1}
[2026-05-20 15:12:48] CH1 data: {"text": "\u7684", "revise_round": 1}
[2026-05-20 15:12:48] CH1 data: {"text": "\u9b42", "revise_round": 1}
[2026-05-20 15:12:48] CH1 data: {"text": "\u706f", "revise_round": 1}
[2026-05-20 15:12:48] CH1 data: {"text": "\uff0c\u4e0d", "revise_round": 1}
[2026-05-20 15:12:48] CH1 data: {"text": "\u8be5", "revise_round": 1}
[2026-05-20 15:12:48] CH1 data: {"text": "\u4eae", "revise_round": 1}
[2026-05-20 15:12:48] CH1 data: {"text": "\u5728", "revise_round": 1}
[2026-05-20 15:12:48] CH1 data: {"text": "\u8fd9\u79cd", "revise_round": 1}
[2026-05-20 15:12:48] CH1 data: {"text": "\u5730\u65b9", "revise_round": 1}
[2026-05-20 15:12:48] CH1 data: {"text": "\u3002\n\n", "revise_round": 1}
[2026-05-20 15:12:48] CH1 data: {"text": "\u4ed6", "revise_round": 1}
[2026-05-20 15:12:48] CH1 data: {"text": "\u539f", "revise_round": 1}
[2026-05-20 15:12:48] CH1 data: {"text": "\u6cbf", "revise_round": 1}
[2026-05-20 15:12:48] CH1 data: {"text": "\u5de1", "revise_round": 1}
[2026-05-20 15:12:49] CH1 data: {"text": "\u57ce", "revise_round": 1}
[2026-05-20 15:12:49] CH1 data: {"text": "\u6b63", "revise_round": 1}
[2026-05-20 15:12:49] CH1 data: {"text": "\u8def", "revise_round": 1}
[2026-05-20 15:12:49] CH1 data: {"text": "\u8d70", "revise_round": 1}
[2026-05-20 15:12:49] CH1 data: {"text": "\u5230", "revise_round": 1}
[2026-05-20 15:12:49] CH1 data: {"text": "\u8857", "revise_round": 1}
[2026-05-20 15:12:49] CH1 data: {"text": "\u53e3", "revise_round": 1}
[2026-05-20 15:12:49] CH1 data: {"text": "\uff0c\u53ea", "revise_round": 1}
[2026-05-20 15:12:49] CH1 data: {"text": "\u8fd9\u4e00", "revise_round": 1}
[2026-05-20 15:12:49] CH1 data: {"text": "\u773c", "revise_round": 1}
[2026-05-20 15:12:49] CH1 data: {"text": "\uff0c", "revise_round": 1}
[2026-05-20 15:12:49] CH1 data: {"text": "\u811a", "revise_round": 1}
[2026-05-20 15:12:49] CH1 data: {"text": "\u6b65", "revise_round": 1}
[2026-05-20 15:12:49] CH1 data: {"text": "\u4fbf", "revise_round": 1}
[2026-05-20 15:12:49] CH1 data: {"text": "\u6536", "revise_round": 1}
[2026-05-20 15:12:49] CH1 data: {"text": "\u4f4f", "revise_round": 1}
[2026-05-20 15:12:49] CH1 data: {"text": "\u4e86", "revise_round": 1}
[2026-05-20 15:12:49] CH1 data: {"text": "\u3002", "revise_round": 1}
[2026-05-20 15:12:49] CH1 data: {"text": "\u96e8", "revise_round": 1}
[2026-05-20 15:12:49] CH1 data: {"text": "\u4ece", "revise_round": 1}
[2026-05-20 15:12:49] CH1 data: {"text": "\u6597", "revise_round": 1}
[2026-05-20 15:12:49] CH1 data: {"text": "\u7b20", "revise_round": 1}
[2026-05-20 15:12:49] CH1 data: {"text": "\u8fb9", "revise_round": 1}
[2026-05-20 15:12:49] CH1 data: {"text": "\u6cbf", "revise_round": 1}
[2026-05-20 15:12:49] CH1 data: {"text": "\u704c", "revise_round": 1}
[2026-05-20 15:12:49] CH1 data: {"text": "\u8fdb", "revise_round": 1}
[2026-05-20 15:12:49] CH1 data: {"text": "\u540e", "revise_round": 1}
[2026-05-20 15:12:49] CH1 data: {"text": "\u9886", "revise_round": 1}
[2026-05-20 15:12:49] CH1 data: {"text": "\uff0c", "revise_round": 1}
[2026-05-20 15:12:49] CH1 data: {"text": "\u51b0", "revise_round": 1}
[2026-05-20 15:12:49] CH1 data: {"text": "\u5f97", "revise_round": 1}
[2026-05-20 15:12:49] CH1 data: {"text": "\u4eba", "revise_round": 1}
[2026-05-20 15:12:49] CH1 data: {"text": "\u4e00", "revise_round": 1}
[2026-05-20 15:12:49] CH1 data: {"text": "\u7f29", "revise_round": 1}
[2026-05-20 15:12:49] CH1 data: {"text": "\uff0c", "revise_round": 1}
[2026-05-20 15:12:49] CH1 data: {"text": "\u6c88", "revise_round": 1}
[2026-05-20 15:12:49] CH1 data: {"text": "\u7167", "revise_round": 1}
[2026-05-20 15:12:49] CH1 data: {"text": "\u5374", "revise_round": 1}
[2026-05-20 15:12:49] CH1 data: {"text": "\u6ca1", "revise_round": 1}
[2026-05-20 15:12:49] CH1 data: {"text": "\u518d", "revise_round": 1}
[2026-05-20 15:12:49] CH1 data: {"text": "\u5f80", "revise_round": 1}
[2026-05-20 15:12:49] CH1 data: {"text": "\u524d", "revise_round": 1}
[2026-05-20 15:12:49] CH1 data: {"text": "\u62a2", "revise_round": 1}
[2026-05-20 15:12:49] CH1 data: {"text": "\u3002\n\n", "revise_round": 1}
[2026-05-20 15:12:49] CH1 data: {"text": "\u706f", "revise_round": 1}
[2026-05-20 15:12:49] CH1 data: {"text": "\u4e0b", "revise_round": 1}
[2026-05-20 15:12:49] CH1 data: {"text": "\u8dea", "revise_round": 1}
[2026-05-20 15:12:49] CH1 data: {"text": "\u7740", "revise_round": 1}
[2026-05-20 15:12:49] CH1 data: {"text": "\u4e2a", "revise_round": 1}
[2026-05-20 15:12:49] CH1 data: {"text": "\u7537\u4eba", "revise_round": 1}
[2026-05-20 15:12:49] CH1 data: {"text": "\u3002", "revise_round": 1}
[2026-05-20 15:12:49] CH1 data: {"text": "\u5934", "revise_round": 1}
[2026-05-20 15:12:49] CH1 data: {"text": "\u5782", "revise_round": 1}
[2026-05-20 15:12:49] CH1 data: {"text": "\uff0c", "revise_round": 1}
[2026-05-20 15:12:49] CH1 data: {"text": "\u80a9", "revise_round": 1}
[2026-05-20 15:12:49] CH1 data: {"text": "\u584c", "revise_round": 1}
[2026-05-20 15:12:49] CH1 data: {"text": "\uff0c\u4e24", "revise_round": 1}
[2026-05-20 15:12:49] CH1 data: {"text": "\u819d", "revise_round": 1}
[2026-05-20 15:12:49] CH1 data: {"text": "\u5e76", "revise_round": 1}
[2026-05-20 15:12:49] CH1 data: {"text": "\u5f97", "revise_round": 1}
[2026-05-20 15:12:49] CH1 data: {"text": "\u592a", "revise_round": 1}
[2026-05-20 15:12:49] CH1 data: {"text": "\u9f50", "revise_round": 1}
[2026-05-20 15:12:49] CH1 data: {"text": "\uff0c", "revise_round": 1}
[2026-05-20 15:12:49] CH1 data: {"text": "\u50cf", "revise_round": 1}
[2026-05-20 15:12:49] CH1 data: {"text": "\u88ab", "revise_round": 1}
[2026-05-20 15:12:49] CH1 data: {"text": "\u8c01", "revise_round": 1}
[2026-05-20 15:12:49] CH1 data: {"text": "\u6309", "revise_round": 1}
[2026-05-20 15:12:49] CH1 data: {"text": "\u5728", "revise_round": 1}
[2026-05-20 15:12:49] CH1 data: {"text": "\u94fa", "revise_round": 1}
[2026-05-20 15:12:49] CH1 data: {"text": "\u95e8", "revise_round": 1}
[2026-05-20 15:12:49] CH1 data: {"text": "\u524d", "revise_round": 1}
[2026-05-20 15:12:49] CH1 data: {"text": "\u8d54", "revise_round": 1}
[2026-05-20 15:12:49] CH1 data: {"text": "\u793c", "revise_round": 1}
[2026-05-20 15:12:49] CH1 data: {"text": "\u3002", "revise_round": 1}
[2026-05-20 15:12:49] CH1 data: {"text": "\u706f", "revise_round": 1}
[2026-05-20 15:12:49] CH1 data: {"text": "\u706b", "revise_round": 1}
[2026-05-20 15:12:49] CH1 data: {"text": "\u504f", "revise_round": 1}
[2026-05-20 15:12:49] CH1 data: {"text": "\u659c", "revise_round": 1}
[2026-05-20 15:12:50] CH1 data: {"text": "\uff0c", "revise_round": 1}
[2026-05-20 15:12:50] CH1 data: {"text": "\u6b63", "revise_round": 1}
[2026-05-20 15:12:50] CH1 data: {"text": "\u7167", "revise_round": 1}
[2026-05-20 15:12:50] CH1 data: {"text": "\u7740", "revise_round": 1}
[2026-05-20 15:12:50] CH1 data: {"text": "\u534a", "revise_round": 1}
[2026-05-20 15:12:50] CH1 data: {"text": "\u5f20", "revise_round": 1}
[2026-05-20 15:12:50] CH1 data: {"text": "\u6e7f", "revise_round": 1}
[2026-05-20 15:12:50] CH1 data: {"text": "\u767d", "revise_round": 1}
[2026-05-20 15:12:50] CH1 data: {"text": "\u7684", "revise_round": 1}
[2026-05-20 15:12:50] CH1 data: {"text": "\u8138", "revise_round": 1}
[2026-05-20 15:12:50] CH1 data: {"text": "\uff1b", "revise_round": 1}
[2026-05-20 15:12:50] CH1 data: {"text": "\u90a3", "revise_round": 1}
[2026-05-20 15:12:50] CH1 data: {"text": "\u5f20", "revise_round": 1}
[2026-05-20 15:12:50] CH1 data: {"text": "\u8138", "revise_round": 1}
[2026-05-20 15:12:50] CH1 data: {"text": "\u4e0d", "revise_round": 1}
[2026-05-20 15:12:50] CH1 data: {"text": "\u52a8", "revise_round": 1}
[2026-05-20 15:12:50] CH1 data: {"text": "\uff0c", "revise_round": 1}
[2026-05-20 15:12:50] CH1 data: {"text": "\u80f8", "revise_round": 1}
[2026-05-20 15:12:50] CH1 data: {"text": "\u524d", "revise_round": 1}
[2026-05-20 15:12:50] CH1 data: {"text": "\u4e5f", "revise_round": 1}
[2026-05-20 15:12:50] CH1 data: {"text": "\u4e0d", "revise_round": 1}
[2026-05-20 15:12:50] CH1 data: {"text": "\u89c1", "revise_round": 1}
[2026-05-20 15:12:50] CH1 data: {"text": "\u8d77", "revise_round": 1}
[2026-05-20 15:12:50] CH1 data: {"text": "\u4f0f", "revise_round": 1}
[2026-05-20 15:12:50] CH1 data: {"text": "\uff0c", "revise_round": 1}
[2026-05-20 15:12:50] CH1 data: {"text": "\u53ea\u6709", "revise_round": 1}
[2026-05-20 15:12:50] CH1 data: {"text": "\u6a90", "revise_round": 1}
[2026-05-20 15:12:50] CH1 data: {"text": "\u6c34", "revise_round": 1}
[2026-05-20 15:12:50] CH1 data: {"text": "\u987a", "revise_round": 1}
[2026-05-20 15:12:50] CH1 data: {"text": "\u7740", "revise_round": 1}
[2026-05-20 15:12:50] CH1 data: {"text": "\u9b13", "revise_round": 1}
[2026-05-20 15:12:50] CH1 data: {"text": "\u89d2", "revise_round": 1}
[2026-05-20 15:12:50] CH1 data: {"text": "\u5f80", "revise_round": 1}
[2026-05-20 15:12:50] CH1 data: {"text": "\u4e0b", "revise_round": 1}
[2026-05-20 15:12:50] CH1 data: {"text": "\u6dcc", "revise_round": 1}
[2026-05-20 15:12:50] CH1 data: {"text": "\u3002", "revise_round": 1}
[2026-05-20 15:12:50] CH1 data: {"text": "\u8863", "revise_round": 1}
[2026-05-20 15:12:50] CH1 data: {"text": "\u6446", "revise_round": 1}
[2026-05-20 15:12:50] CH1 data: {"text": "\u8d34", "revise_round": 1}
[2026-05-20 15:12:50] CH1 data: {"text": "\u7740", "revise_round": 1}
[2026-05-20 15:12:50] CH1 data: {"text": "\u5730", "revise_round": 1}
[2026-05-20 15:12:50] CH1 data: {"text": "\uff0c", "revise_round": 1}
[2026-05-20 15:12:50] CH1 data: {"text": "\u6ce5", "revise_round": 1}
[2026-05-20 15:12:50] CH1 data: {"text": "\u70b9", "revise_round": 1}
[2026-05-20 15:12:50] CH1 data: {"text": "\u5374", "revise_round": 1}
[2026-05-20 15:12:50] CH1 data: {"text": "\u6ca1", "revise_round": 1}
[2026-05-20 15:12:50] CH1 data: {"text": "\u4e71", "revise_round": 1}
[2026-05-20 15:12:50] CH1 data: {"text": "\u6e85", "revise_round": 1}
[2026-05-20 15:12:50] CH1 data: {"text": "\uff0c", "revise_round": 1}
[2026-05-20 15:12:50] CH1 data: {"text": "\u6a90", "revise_round": 1}
[2026-05-20 15:12:50] CH1 data: {"text": "\u4e0b", "revise_round": 1}
[2026-05-20 15:12:50] CH1 data: {"text": "\u90a3", "revise_round": 1}
[2026-05-20 15:12:50] CH1 data: {"text": "\u7247", "revise_round": 1}
[2026-05-20 15:12:50] CH1 data: {"text": "\u5730", "revise_round": 1}
[2026-05-20 15:12:50] CH1 data: {"text": "\u4e5f", "revise_round": 1}
[2026-05-20 15:12:50] CH1 data: {"text": "\u9759", "revise_round": 1}
[2026-05-20 15:12:50] CH1 data: {"text": "\u5f97", "revise_round": 1}
[2026-05-20 15:12:50] CH1 data: {"text": "\u8fc7", "revise_round": 1}
[2026-05-20 15:12:50] CH1 data: {"text": "\u5206", "revise_round": 1}
[2026-05-20 15:12:50] CH1 data: {"text": "\u3002\n\n", "revise_round": 1}
[2026-05-20 15:12:50] CH1 data: {"text": "\u94fa", "revise_round": 1}
[2026-05-20 15:12:50] CH1 data: {"text": "\u95e8", "revise_round": 1}
[2026-05-20 15:12:50] CH1 data: {"text": "\u65e9", "revise_round": 1}
[2026-05-20 15:12:50] CH1 data: {"text": "\u70c2", "revise_round": 1}
[2026-05-20 15:12:50] CH1 data: {"text": "\u4e86", "revise_round": 1}
[2026-05-20 15:12:50] CH1 data: {"text": "\u534a", "revise_round": 1}
[2026-05-20 15:12:50] CH1 data: {"text": "\u6247", "revise_round": 1}
[2026-05-20 15:12:50] CH1 data: {"text": "\uff0c", "revise_round": 1}
[2026-05-20 15:12:50] CH1 data: {"text": "\u659c", "revise_round": 1}
[2026-05-20 15:12:50] CH1 data: {"text": "\u659c", "revise_round": 1}
[2026-05-20 15:12:50] CH1 data: {"text": "\u63a9", "revise_round": 1}
[2026-05-20 15:12:50] CH1 data: {"text": "\u5728", "revise_round": 1}
[2026-05-20 15:12:50] CH1 data: {"text": "\u91cc", "revise_round": 1}
[2026-05-20 15:12:50] CH1 data: {"text": "\u5934", "revise_round": 1}
[2026-05-20 15:12:50] CH1 data: {"text": "\u3002", "revise_round": 1}
[2026-05-20 15:12:50] CH1 data: {"text": "\u95e8", "revise_round": 1}
[2026-05-20 15:12:50] CH1 data: {"text": "\u69db", "revise_round": 1}
[2026-05-20 15:12:50] CH1 data: {"text": "\u5185", "revise_round": 1}
[2026-05-20 15:12:50] CH1 data: {"text": "\u4e00", "revise_round": 1}
[2026-05-20 15:12:50] CH1 data: {"text": "\u9635", "revise_round": 1}
[2026-05-20 15:12:50] CH1 data: {"text": "\u4e00", "revise_round": 1}
[2026-05-20 15:12:50] CH1 data: {"text": "\u9635", "revise_round": 1}
[2026-05-20 15:12:50] CH1 data: {"text": "\u5410", "revise_round": 1}
[2026-05-20 15:12:50] CH1 data: {"text": "\u6c34", "revise_round": 1}
[2026-05-20 15:12:50] CH1 data: {"text": "\u58f0", "revise_round": 1}
[2026-05-20 15:12:50] CH1 data: {"text": "\uff0c", "revise_round": 1}
[2026-05-20 15:12:50] CH1 data: {"text": "\u7a7a", "revise_round": 1}
[2026-05-20 15:12:50] CH1 data: {"text": "\u7a7a", "revise_round": 1}
[2026-05-20 15:12:50] CH1 data: {"text": "\u5730", "revise_round": 1}
[2026-05-20 15:12:50] CH1 data: {"text": "\u62cd", "revise_round": 1}
[2026-05-20 15:12:50] CH1 data: {"text": "\u7740", "revise_round": 1}
[2026-05-20 15:12:50] CH1 data: {"text": "\u6728", "revise_round": 1}
[2026-05-20 15:12:50] CH1 data: {"text": "\u69fd", "revise_round": 1}
[2026-05-20 15:12:50] CH1 data: {"text": "\uff0c\u4e0d", "revise_round": 1}
[2026-05-20 15:12:50] CH1 data: {"text": "\u50cf", "revise_round": 1}
[2026-05-20 15:12:50] CH1 data: {"text": "\u5c4b", "revise_round": 1}
[2026-05-20 15:12:50] CH1 data: {"text": "\u91cc", "revise_round": 1}
[2026-05-20 15:12:50] CH1 data: {"text": "\u79ef", "revise_round": 1}
[2026-05-20 15:12:50] CH1 data: {"text": "\u7684", "revise_round": 1}
[2026-05-20 15:12:50] CH1 data: {"text": "\u96e8", "revise_round": 1}
[2026-05-20 15:12:50] CH1 data: {"text": "\uff0c", "revise_round": 1}
[2026-05-20 15:12:50] CH1 data: {"text": "\u5012", "revise_round": 1}
[2026-05-20 15:12:50] CH1 data: {"text": "\u50cf", "revise_round": 1}
[2026-05-20 15:12:50] CH1 data: {"text": "\u5730\u4e0b", "revise_round": 1}
[2026-05-20 15:12:50] CH1 data: {"text": "\u6709", "revise_round": 1}
[2026-05-20 15:12:50] CH1 data: {"text": "\u6c9f", "revise_round": 1}
[2026-05-20 15:12:50] CH1 data: {"text": "\u3002", "revise_round": 1}
[2026-05-20 15:12:50] CH1 data: {"text": "\u7816", "revise_round": 1}
[2026-05-20 15:12:50] CH1 data: {"text": "\u7f1d", "revise_round": 1}
[2026-05-20 15:12:50] CH1 data: {"text": "\u8fb9", "revise_round": 1}
[2026-05-20 15:12:50] CH1 data: {"text": "\u8fd8", "revise_round": 1}
[2026-05-20 15:12:50] CH1 data: {"text": "\u6f2b", "revise_round": 1}
[2026-05-20 15:12:50] CH1 data: {"text": "\u51fa", "revise_round": 1}
[2026-05-20 15:12:50] CH1 data: {"text": "\u4e00", "revise_round": 1}
[2026-05-20 15:12:50] CH1 data: {"text": "\u7ebf", "revise_round": 1}
[2026-05-20 15:12:50] CH1 data: {"text": "\u53d1", "revise_round": 1}
[2026-05-20 15:12:50] CH1 data: {"text": "\u4e4c", "revise_round": 1}
[2026-05-20 15:12:50] CH1 data: {"text": "\u7684", "revise_round": 1}
[2026-05-20 15:12:50] CH1 data: {"text": "\u6c34", "revise_round": 1}
[2026-05-20 15:12:50] CH1 data: {"text": "\uff0c", "revise_round": 1}
[2026-05-20 15:12:50] CH1 data: {"text": "\u6df7", "revise_round": 1}
[2026-05-20 15:12:50] CH1 data: {"text": "\u5728", "revise_round": 1}
[2026-05-20 15:12:50] CH1 data: {"text": "\u6ce5", "revise_round": 1}
[2026-05-20 15:12:50] CH1 data: {"text": "\u91cc", "revise_round": 1}
[2026-05-20 15:12:50] CH1 data: {"text": "\uff0c", "revise_round": 1}
[2026-05-20 15:12:50] CH1 data: {"text": "\u6d6e", "revise_round": 1}
[2026-05-20 15:12:50] CH1 data: {"text": "\u7740", "revise_round": 1}
[2026-05-20 15:12:50] CH1 data: {"text": "\u8584", "revise_round": 1}
[2026-05-20 15:12:50] CH1 data: {"text": "\u8584", "revise_round": 1}
[2026-05-20 15:12:50] CH1 data: {"text": "\u4e00", "revise_round": 1}
[2026-05-20 15:12:50] CH1 data: {"text": "\u5c42", "revise_round": 1}
[2026-05-20 15:12:50] CH1 data: {"text": "\u6cb9", "revise_round": 1}
[2026-05-20 15:12:50] CH1 data: {"text": "\u5149", "revise_round": 1}
[2026-05-20 15:12:50] CH1 data: {"text": "\u3002", "revise_round": 1}
[2026-05-20 15:12:50] CH1 data: {"text": "\u9648", "revise_round": 1}
[2026-05-20 15:12:50] CH1 data: {"text": "\u706f", "revise_round": 1}
[2026-05-20 15:12:50] CH1 data: {"text": "\u6cb9", "revise_round": 1}
[2026-05-20 15:12:50] CH1 data: {"text": "\u7684", "revise_round": 1}
[2026-05-20 15:12:50] CH1 data: {"text": "\u8165", "revise_round": 1}
[2026-05-20 15:12:50] CH1 data: {"text": "\u6c14", "revise_round": 1}
[2026-05-20 15:12:50] CH1 data: {"text": "\u88ab", "revise_round": 1}
[2026-05-20 15:12:50] CH1 data: {"text": "\u6f6e", "revise_round": 1}
[2026-05-20 15:12:50] CH1 data: {"text": "\u98ce", "revise_round": 1}
[2026-05-20 15:12:50] CH1 data: {"text": "\u9876", "revise_round": 1}
[2026-05-20 15:12:50] CH1 data: {"text": "\u51fa\u6765", "revise_round": 1}
[2026-05-20 15:12:50] CH1 data: {"text": "\uff0c", "revise_round": 1}
[2026-05-20 15:12:50] CH1 data: {"text": "\u76f4", "revise_round": 1}
[2026-05-20 15:12:50] CH1 data: {"text": "\u5f80", "revise_round": 1}
[2026-05-20 15:12:50] CH1 data: {"text": "\u9f3b", "revise_round": 1}
[2026-05-20 15:12:50] CH1 data: {"text": "\u5b50", "revise_round": 1}
[2026-05-20 15:12:50] CH1 data: {"text": "\u91cc", "revise_round": 1}
[2026-05-20 15:12:50] CH1 data: {"text": "\u94bb", "revise_round": 1}
[2026-05-20 15:12:50] CH1 data: {"text": "\u3002\n\n", "revise_round": 1}
[2026-05-20 15:12:50] CH1 data: {"text": "\u6c88", "revise_round": 1}
[2026-05-20 15:12:50] CH1 data: {"text": "\u7167", "revise_round": 1}
[2026-05-20 15:12:50] CH1 data: {"text": "\u5148", "revise_round": 1}
[2026-05-20 15:12:50] CH1 data: {"text": "\u770b", "revise_round": 1}
[2026-05-20 15:12:50] CH1 data: {"text": "\u8857", "revise_round": 1}
[2026-05-20 15:12:50] CH1 data: {"text": "\u5934", "revise_round": 1}
[2026-05-20 15:12:50] CH1 data: {"text": "\uff0c\u518d", "revise_round": 1}
[2026-05-20 15:12:50] CH1 data: {"text": "\u770b", "revise_round": 1}
[2026-05-20 15:12:50] CH1 data: {"text": "\u8857", "revise_round": 1}
[2026-05-20 15:12:50] CH1 data: {"text": "\u5c3e", "revise_round": 1}
[2026-05-20 15:12:50] CH1 data: {"text": "\u3002\n\n", "revise_round": 1}
[2026-05-20 15:12:50] CH1 data: {"text": "\u90fd", "revise_round": 1}
[2026-05-20 15:12:51] CH1 data: {"text": "\u7a7a", "revise_round": 1}
[2026-05-20 15:12:51] CH1 data: {"text": "\u7740", "revise_round": 1}
[2026-05-20 15:12:51] CH1 data: {"text": "\u3002", "revise_round": 1}
[2026-05-20 15:12:51] CH1 data: {"text": "\u53ef", "revise_round": 1}
[2026-05-20 15:12:51] CH1 data: {"text": "\u7a7a", "revise_round": 1}
[2026-05-20 15:12:51] CH1 data: {"text": "\u8857", "revise_round": 1}
[2026-05-20 15:12:51] CH1 data: {"text": "\u4e0d", "revise_round": 1}
[2026-05-20 15:12:51] CH1 data: {"text": "\u7b49", "revise_round": 1}
[2026-05-20 15:12:51] CH1 data: {"text": "\u4e8e", "revise_round": 1}
[2026-05-20 15:12:51] CH1 data: {"text": "\u6ca1\u4eba", "revise_round": 1}
[2026-05-20 15:12:51] CH1 data: {"text": "\u3002", "revise_round": 1}
[2026-05-20 15:12:51] CH1 data: {"text": "\u82e5", "revise_round": 1}
[2026-05-20 15:12:51] CH1 data: {"text": "\u6446", "revise_round": 1}
[2026-05-20 15:12:51] CH1 data: {"text": "\u706f", "revise_round": 1}
[2026-05-20 15:12:51] CH1 data: {"text": "\u7684\u4eba", "revise_round": 1}
[2026-05-20 15:12:51] CH1 data: {"text": "\u8fd8", "revise_round": 1}
[2026-05-20 15:12:51] CH1 data: {"text": "\u7f29", "revise_round": 1}
[2026-05-20 15:12:51] CH1 data: {"text": "\u5728", "revise_round": 1}
[2026-05-20 15:12:51] CH1 data: {"text": "\u5e9f", "revise_round": 1}
[2026-05-20 15:12:51] CH1 data: {"text": "\u94fa", "revise_round": 1}
[2026-05-20 15:12:51] CH1 data: {"text": "\u91cc", "revise_round": 1}
[2026-05-20 15:12:51] CH1 data: {"text": "\uff0c", "revise_round": 1}
[2026-05-20 15:12:51] CH1 data: {"text": "\u94dc", "revise_round": 1}
[2026-05-20 15:12:51] CH1 data: {"text": "\u54e8", "revise_round": 1}
[2026-05-20 15:12:51] CH1 data: {"text": "\u4e00", "revise_round": 1}
[2026-05-20 15:12:51] CH1 data: {"text": "\u54cd", "revise_round": 1}
[2026-05-20 15:12:51] CH1 data: {"text": "\uff0c", "revise_round": 1}
[2026-05-20 15:12:51] CH1 data: {"text": "\u7acb", "revise_round": 1}
[2026-05-20 15:12:51] CH1 data: {"text": "\u523b", "revise_round": 1}
[2026-05-20 15:12:51] CH1 data: {"text": "\u5c31", "revise_round": 1}
[2026-05-20 15:12:51] CH1 data: {"text": "\u4f1a", "revise_round": 1}
[2026-05-20 15:12:51] CH1 data: {"text": "\u9000", "revise_round": 1}
[2026-05-20 15:12:51] CH1 data: {"text": "\uff1b", "revise_round": 1}
[2026-05-20 15:12:51] CH1 data: {"text": "\u82e5", "revise_round": 1}
[2026-05-20 15:12:51] CH1 data: {"text": "\u8fd1", "revise_round": 1}
[2026-05-20 15:12:51] CH1 data: {"text": "\u574a", "revise_round": 1}
[2026-05-20 15:12:51] CH1 data: {"text": "\u6709\u4eba", "revise_round": 1}
[2026-05-20 15:12:51] CH1 data: {"text": "\u95fb", "revise_round": 1}
[2026-05-20 15:12:51] CH1 data: {"text": "\u58f0", "revise_round": 1}
[2026-05-20 15:12:51] CH1 data: {"text": "\u63a2", "revise_round": 1}
[2026-05-20 15:12:51] CH1 data: {"text": "\u95e8", "revise_round": 1}
[2026-05-20 15:12:51] CH1 data: {"text": "\uff0c", "revise_round": 1}
[2026-05-20 15:12:51] CH1 data: {"text": "\u8e29", "revise_round": 1}
[2026-05-20 15:12:51] CH1 data: {"text": "\u8fdb", "revise_round": 1}
[2026-05-20 15:12:51] CH1 data: {"text": "\u6a90", "revise_round": 1}
[2026-05-20 15:12:51] CH1 data: {"text": "\u4e0b", "revise_round": 1}
[2026-05-20 15:12:51] CH1 data: {"text": "\uff0c\u8fd9", "revise_round": 1}
[2026-05-20 15:12:51] CH1 data: {"text": "\u7247", "revise_round": 1}
[2026-05-20 15:12:51] CH1 data: {"text": "\u9996", "revise_round": 1}
[2026-05-20 15:12:51] CH1 data: {"text": "\u89c1", "revise_round": 1}
[2026-05-20 15:12:51] CH1 data: {"text": "\u5730", "revise_round": 1}
[2026-05-20 15:12:51] CH1 data: {"text": "\u4e5f", "revise_round": 1}
[2026-05-20 15:12:51] CH1 data: {"text": "\u5c31", "revise_round": 1}
[2026-05-20 15:12:51] CH1 data: {"text": "\u6bc1", "revise_round": 1}
[2026-05-20 15:12:51] CH1 data: {"text": "\u4e86", "revise_round": 1}
[2026-05-20 15:12:51] CH1 data: {"text": "\u3002\u4ed6", "revise_round": 1}
[2026-05-20 15:12:51] CH1 data: {"text": "\u4e00\u4e2a", "revise_round": 1}
[2026-05-20 15:12:51] CH1 data: {"text": "\u4eba", "revise_round": 1}
[2026-05-20 15:12:51] CH1 data: {"text": "\u5148", "revise_round": 1}
[2026-05-20 15:12:51] CH1 data: {"text": "\u5230", "revise_round": 1}
[2026-05-20 15:12:51] CH1 data: {"text": "\uff0c\u53ea", "revise_round": 1}
[2026-05-20 15:12:51] CH1 data: {"text": "\u80fd", "revise_round": 1}
[2026-05-20 15:12:51] CH1 data: {"text": "\u5148", "revise_round": 1}
[2026-05-20 15:12:51] CH1 data: {"text": "\u5b88", "revise_round": 1}
[2026-05-20 15:12:51] CH1 data: {"text": "\u4f4f", "revise_round": 1}
[2026-05-20 15:12:51] CH1 data: {"text": "\u5730", "revise_round": 1}
[2026-05-20 15:12:51] CH1 data: {"text": "\uff0c\u518d", "revise_round": 1}
[2026-05-20 15:12:51] CH1 data: {"text": "\u62a5", "revise_round": 1}
[2026-05-20 15:12:51] CH1 data: {"text": "\u8baf", "revise_round": 1}
[2026-05-20 15:12:51] CH1 data: {"text": "\u3002\n\n", "revise_round": 1}
[2026-05-20 15:12:51] CH1 data: {"text": "\u4ed6", "revise_round": 1}
[2026-05-20 15:12:51] CH1 data: {"text": "\u6cbf", "revise_round": 1}
[2026-05-20 15:12:51] CH1 data: {"text": "\u8857", "revise_round": 1}
[2026-05-20 15:12:51] CH1 data: {"text": "\u5fc3", "revise_round": 1}
[2026-05-20 15:12:51] CH1 data: {"text": "\u632a", "revise_round": 1}
[2026-05-20 15:12:51] CH1 data: {"text": "\u4e86", "revise_round": 1}
[2026-05-20 15:12:51] CH1 data: {"text": "\u534a", "revise_round": 1}
[2026-05-20 15:12:51] CH1 data: {"text": "\u5708", "revise_round": 1}
[2026-05-20 15:12:51] CH1 data: {"text": "\uff0c", "revise_round": 1}
[2026-05-20 15:12:51] CH1 data: {"text": "\u4e13", "revise_round": 1}
[2026-05-20 15:12:51] CH1 data: {"text": "\u62e3", "revise_round": 1}
[2026-05-20 15:12:51] CH1 data: {"text": "\u6ca1", "revise_round": 1}
[2026-05-20 15:12:51] CH1 data: {"text": "\u88ab", "revise_round": 1}
[2026-05-20 15:12:51] CH1 data: {"text": "\u6a90", "revise_round": 1}
[2026-05-20 15:12:51] CH1 data: {"text": "\u6c34", "revise_round": 1}
[2026-05-20 15:12:51] CH1 data: {"text": "\u7f69", "revise_round": 1}
[2026-05-20 15:12:51] CH1 data: {"text": "\u4f4f", "revise_round": 1}
[2026-05-20 15:12:51] CH1 data: {"text": "\u7684", "revise_round": 1}
[2026-05-20 15:12:51] CH1 data: {"text": "\u5730\u65b9", "revise_round": 1}
[2026-05-20 15:12:51] CH1 data: {"text": "\u843d", "revise_round": 1}
[2026-05-20 15:12:51] CH1 data: {"text": "\u811a", "revise_round": 1}
[2026-05-20 15:12:51] CH1 data: {"text": "\uff0c", "revise_round": 1}
[2026-05-20 15:12:51] CH1 data: {"text": "\u907f", "revise_round": 1}
[2026-05-20 15:12:51] CH1 data: {"text": "\u5f00", "revise_round": 1}
[2026-05-20 15:12:51] CH1 data: {"text": "\u706f", "revise_round": 1}
[2026-05-20 15:12:51] CH1 data: {"text": "\u4e0b", "revise_round": 1}
[2026-05-20 15:12:51] CH1 data: {"text": "\u4e0e", "revise_round": 1}
[2026-05-20 15:12:51] CH1 data: {"text": "\u95e8", "revise_round": 1}
[2026-05-20 15:12:51] CH1 data: {"text": "\u524d", "revise_round": 1}
[2026-05-20 15:12:51] CH1 data: {"text": "\u90a3", "revise_round": 1}
[2026-05-20 15:12:51] CH1 data: {"text": "\u7247", "revise_round": 1}
[2026-05-20 15:12:51] CH1 data: {"text": "\u6ce5", "revise_round": 1}
[2026-05-20 15:12:51] CH1 data: {"text": "\u3002", "revise_round": 1}
[2026-05-20 15:12:51] CH1 data: {"text": "\u5200", "revise_round": 1}
[2026-05-20 15:12:51] CH1 data: {"text": "\u672a", "revise_round": 1}
[2026-05-20 15:12:51] CH1 data: {"text": "\u51fa", "revise_round": 1}
[2026-05-20 15:12:51] CH1 data: {"text": "\u9798", "revise_round": 1}
[2026-05-20 15:12:51] CH1 data: {"text": "\uff0c\u53ea", "revise_round": 1}
[2026-05-20 15:12:51] CH1 data: {"text": "\u628a", "revise_round": 1}
[2026-05-20 15:12:51] CH1 data: {"text": "\u5200", "revise_round": 1}
[2026-05-20 15:12:51] CH1 data: {"text": "\u9798", "revise_round": 1}
[2026-05-20 15:12:51] CH1 data: {"text": "\u63a2", "revise_round": 1}
[2026-05-20 15:12:51] CH1 data: {"text": "\u8fdb", "revise_round": 1}
[2026-05-20 15:12:51] CH1 data: {"text": "\u79ef", "revise_round": 1}
[2026-05-20 15:12:51] CH1 data: {"text": "\u6c34", "revise_round": 1}
[2026-05-20 15:12:51] CH1 data: {"text": "\u91cc", "revise_round": 1}
[2026-05-20 15:12:51] CH1 data: {"text": "\uff0c", "revise_round": 1}
[2026-05-20 15:12:51] CH1 data: {"text": "\u987a", "revise_round": 1}
[2026-05-20 15:12:51] CH1 data: {"text": "\u7740", "revise_round": 1}
[2026-05-20 15:12:51] CH1 data: {"text": "\u6765", "revise_round": 1}
[2026-05-20 15:12:51] CH1 data: {"text": "\u8def", "revise_round": 1}
[2026-05-20 15:12:51] CH1 data: {"text": "\u4e00", "revise_round": 1}
[2026-05-20 15:12:51] CH1 data: {"text": "\u62d6", "revise_round": 1}
[2026-05-20 15:12:51] CH1 data: {"text": "\uff0c", "revise_round": 1}
[2026-05-20 15:12:51] CH1 data: {"text": "\u5e26", "revise_round": 1}
[2026-05-20 15:12:51] CH1 data: {"text": "\u8d77", "revise_round": 1}
[2026-05-20 15:12:51] CH1 data: {"text": "\u534a", "revise_round": 1}
[2026-05-20 15:12:51] CH1 data: {"text": "\u5f2f", "revise_round": 1}
[2026-05-20 15:12:51] CH1 data: {"text": "\u6d51", "revise_round": 1}
[2026-05-20 15:12:51] CH1 data: {"text": "\u6c34", "revise_round": 1}
[2026-05-20 15:12:51] CH1 data: {"text": "\uff0c\u53c8", "revise_round": 1}
[2026-05-20 15:12:52] CH1 data: {"text": "\u5728", "revise_round": 1}
[2026-05-20 15:12:52] CH1 data: {"text": "\u5f2f", "revise_round": 1}
[2026-05-20 15:12:52] CH1 data: {"text": "\u5c3e", "revise_round": 1}
[2026-05-20 15:12:52] CH1 data: {"text": "\u5404", "revise_round": 1}
[2026-05-20 15:12:52] CH1 data: {"text": "\u70b9", "revise_round": 1}
[2026-05-20 15:12:52] CH1 data: {"text": "\u4f4f", "revise_round": 1}
[2026-05-20 15:12:52] CH1 data: {"text": "\u4e00", "revise_round": 1}
[2026-05-20 15:12:52] CH1 data: {"text": "\u5757", "revise_round": 1}
[2026-05-20 15:12:52] CH1 data: {"text": "\u788e", "revise_round": 1}
[2026-05-20 15:12:52] CH1 data: {"text": "\u7816", "revise_round": 1}
[2026-05-20 15:12:52] CH1 data: {"text": "\uff0c", "revise_round": 1}
[2026-05-20 15:12:52] CH1 data: {"text": "\u753b", "revise_round": 1}
[2026-05-20 15:12:52] CH1 data: {"text": "\u51fa", "revise_round": 1}
[2026-05-20 15:12:52] CH1 data: {"text": "\u4e00\u9053", "revise_round": 1}
[2026-05-20 15:12:52] CH1 data: {"text": "\u4e0d", "revise_round": 1}
[2026-05-20 15:12:52] CH1 data: {"text": "\u8bb8", "revise_round": 1}
[2026-05-20 15:12:52] CH1 data: {"text": "\u8d8a", "revise_round": 1}
[2026-05-20 15:12:52] CH1 data: {"text": "\u7684", "revise_round": 1}
[2026-05-20 15:12:52] CH1 data: {"text": "\u7ebf", "revise_round": 1}
[2026-05-20 15:12:52] CH1 data: {"text": "\u3002\n\n", "revise_round": 1}
[2026-05-20 15:12:52] CH1 data: {"text": "\u7ebf", "revise_round": 1}
[2026-05-20 15:12:52] CH1 data: {"text": "\u6210", "revise_round": 1}
[2026-05-20 15:12:52] CH1 data: {"text": "\uff0c\u4ed6", "revise_round": 1}
[2026-05-20 15:12:52] CH1 data: {"text": "\u9000", "revise_round": 1}
[2026-05-20 15:12:52] CH1 data: {"text": "\u5230", "revise_round": 1}
[2026-05-20 15:12:52] CH1 data: {"text": "\u659c", "revise_round": 1}
[2026-05-20 15:12:52] CH1 data: {"text": "\u5bf9", "revise_round": 1}
[2026-05-20 15:12:52] CH1 data: {"text": "\u95e8", "revise_round": 1}
[2026-05-20 15:12:52] CH1 data: {"text": "\u7684", "revise_round": 1}
[2026-05-20 15:12:52] CH1 data: {"text": "\u5c4b", "revise_round": 1}
[2026-05-20 15:12:52] CH1 data: {"text": "\u6a90", "revise_round": 1}
[2026-05-20 15:12:52] CH1 data: {"text": "\u4e0b", "revise_round": 1}
[2026-05-20 15:12:52] CH1 data: {"text": "\uff0c", "revise_round": 1}
[2026-05-20 15:12:52] CH1 data: {"text": "\u8eab", "revise_round": 1}
[2026-05-20 15:12:52] CH1 data: {"text": "\u4fa7", "revise_round": 1}
[2026-05-20 15:12:52] CH1 data: {"text": "\u9760", "revise_round": 1}
[2026-05-20 15:12:52] CH1 data: {"text": "\u67f1", "revise_round": 1}
[2026-05-20 15:12:52] CH1 data: {"text": "\uff0c", "revise_round": 1}
[2026-05-20 15:12:52] CH1 data: {"text": "\u7559", "revise_round": 1}
[2026-05-20 15:12:52] CH1 data: {"text": "\u51fa", "revise_round": 1}
[2026-05-20 15:12:52] CH1 data: {"text": "\u62d4", "revise_round": 1}
[2026-05-20 15:12:52] CH1 data: {"text": "\u5200", "revise_round": 1}
[2026-05-20 15:12:52] CH1 data: {"text": "\u548c", "revise_round": 1}
[2026-05-20 15:12:52] CH1 data: {"text": "\u56de", "revise_round": 1}
[2026-05-20 15:12:52] CH1 data: {"text": "\u8eab", "revise_round": 1}
[2026-05-20 15:12:52] CH1 data: {"text": "\u7684", "revise_round": 1}
[2026-05-20 15:12:52] CH1 data: {"text": "\u4f59", "revise_round": 1}
[2026-05-20 15:12:52] CH1 data: {"text": "\u5730", "revise_round": 1}
[2026-05-20 15:12:52] CH1 data: {"text": "\u3002\u4e00", "revise_round": 1}
[2026-05-20 15:12:52] CH1 data: {"text": "\u773c", "revise_round": 1}
[2026-05-20 15:12:52] CH1 data: {"text": "\u76ef", "revise_round": 1}
[2026-05-20 15:12:52] CH1 data: {"text": "\u706f", "revise_round": 1}
[2026-05-20 15:12:52] CH1 data: {"text": "\uff0c\u4e00", "revise_round": 1}
[2026-05-20 15:12:52] CH1 data: {"text": "\u8033", "revise_round": 1}
[2026-05-20 15:12:52] CH1 data: {"text": "\u542c", "revise_round": 1}
[2026-05-20 15:12:52] CH1 data: {"text": "\u95e8", "revise_round": 1}
[2026-05-20 15:12:52] CH1 data: {"text": "\u3002", "revise_round": 1}
[2026-05-20 15:12:52] CH1 data: {"text": "\u96e8", "revise_round": 1}
[2026-05-20 15:12:52] CH1 data: {"text": "\u811a", "revise_round": 1}
[2026-05-20 15:12:52] CH1 data: {"text": "\u788e", "revise_round": 1}
[2026-05-20 15:12:52] CH1 data: {"text": "\uff0c", "revise_round": 1}
[2026-05-20 15:12:52] CH1 data: {"text": "\u706f", "revise_round": 1}
[2026-05-20 15:12:52] CH1 data: {"text": "\u7eb8", "revise_round": 1}
[2026-05-20 15:12:52] CH1 data: {"text": "\u8f7b", "revise_round": 1}
[2026-05-20 15:12:52] CH1 data: {"text": "\u54cd", "revise_round": 1}
[2026-05-20 15:12:52] CH1 data: {"text": "\uff0c", "revise_round": 1}
[2026-05-20 15:12:52] CH1 data: {"text": "\u95e8", "revise_round": 1}
[2026-05-20 15:12:52] CH1 data: {"text": "\u5185", "revise_round": 1}
[2026-05-20 15:12:52] CH1 data: {"text": "\u90a3", "revise_round": 1}
[2026-05-20 15:12:52] CH1 data: {"text": "\u70b9", "revise_round": 1}
[2026-05-20 15:12:52] CH1 data: {"text": "\u6c34", "revise_round": 1}
[2026-05-20 15:12:52] CH1 data: {"text": "\u58f0", "revise_round": 1}
[2026-05-20 15:12:52] CH1 data: {"text": "\u5374", "revise_round": 1}
[2026-05-20 15:12:52] CH1 data: {"text": "\u6bd4", "revise_round": 1}
[2026-05-20 15:12:52] CH1 data: {"text": "\u96e8", "revise_round": 1}
[2026-05-20 15:12:52] CH1 data: {"text": "\u66f4", "revise_round": 1}
[2026-05-20 15:12:52] CH1 data: {"text": "\u7a7a", "revise_round": 1}
[2026-05-20 15:12:52] CH1 data: {"text": "\uff0c", "revise_round": 1}
[2026-05-20 15:12:52] CH1 data: {"text": "\u50cf", "revise_round": 1}
[2026-05-20 15:12:52] CH1 data: {"text": "\u6cbf", "revise_round": 1}
[2026-05-20 15:12:52] CH1 data: {"text": "\u7740", "revise_round": 1}
[2026-05-20 15:12:52] CH1 data: {"text": "\u5730\u4e0b", "revise_round": 1}
[2026-05-20 15:12:52] CH1 data: {"text": "\u69fd", "revise_round": 1}
[2026-05-20 15:12:52] CH1 data: {"text": "\u6c9f", "revise_round": 1}
[2026-05-20 15:12:52] CH1 data: {"text": "\u6162", "revise_round": 1}
[2026-05-20 15:12:52] CH1 data: {"text": "\u6162", "revise_round": 1}
[2026-05-20 15:12:52] CH1 data: {"text": "\u8d70", "revise_round": 1}
[2026-05-20 15:12:52] CH1 data: {"text": "\u3002\n\n", "revise_round": 1}
[2026-05-20 15:12:52] CH1 data: {"text": "\u6886", "revise_round": 1}
[2026-05-20 15:12:52] CH1 data: {"text": "\u3002", "revise_round": 1}
[2026-05-20 15:12:52] CH1 data: {"text": "\u6886", "revise_round": 1}
[2026-05-20 15:12:52] CH1 data: {"text": "\u3002", "revise_round": 1}
[2026-05-20 15:12:52] CH1 data: {"text": "\u6886", "revise_round": 1}
[2026-05-20 15:12:52] CH1 data: {"text": "\u3002\n\n", "revise_round": 1}
[2026-05-20 15:12:52] CH1 data: {"text": "\u5317", "revise_round": 1}
[2026-05-20 15:12:52] CH1 data: {"text": "\u5f2f", "revise_round": 1}
[2026-05-20 15:12:52] CH1 data: {"text": "\u53e3", "revise_round": 1}
[2026-05-20 15:12:52] CH1 data: {"text": "\u7684", "revise_round": 1}
[2026-05-20 15:12:52] CH1 data: {"text": "\u66f4", "revise_round": 1}
[2026-05-20 15:12:52] CH1 data: {"text": "\u58f0", "revise_round": 1}
[2026-05-20 15:12:52] CH1 data: {"text": "\u6328", "revise_round": 1}
[2026-05-20 15:12:52] CH1 data: {"text": "\u7740", "revise_round": 1}
[2026-05-20 15:12:52] CH1 data: {"text": "\u96e8", "revise_round": 1}
[2026-05-20 15:12:52] CH1 data: {"text": "\u4f20", "revise_round": 1}
[2026-05-20 15:12:52] CH1 data: {"text": "\u6765", "revise_round": 1}
[2026-05-20 15:12:52] CH1 data: {"text": "\uff0c", "revise_round": 1}
[2026-05-20 15:12:52] CH1 data: {"text": "\u5df2\u7ecf", "revise_round": 1}
[2026-05-20 15:12:52] CH1 data: {"text": "\u662f", "revise_round": 1}
[2026-05-20 15:12:52] CH1 data: {"text": "\u4e09", "revise_round": 1}
[2026-05-20 15:12:52] CH1 data: {"text": "\u66f4", "revise_round": 1}
[2026-05-20 15:12:52] CH1 data: {"text": "\u3002", "revise_round": 1}
[2026-05-20 15:12:52] CH1 data: {"text": "\u7d27", "revise_round": 1}
[2026-05-20 15:12:52] CH1 data: {"text": "\u8ddf", "revise_round": 1}
[2026-05-20 15:12:52] CH1 data: {"text": "\u7740", "revise_round": 1}
[2026-05-20 15:12:52] CH1 data: {"text": "\uff0c", "revise_round": 1}
[2026-05-20 15:12:52] CH1 data: {"text": "\u6c34", "revise_round": 1}
[2026-05-20 15:12:52] CH1 data: {"text": "\u6d3c", "revise_round": 1}
[2026-05-20 15:12:52] CH1 data: {"text": "\u91cc", "revise_round": 1}
[2026-05-20 15:12:52] CH1 data: {"text": "\u54cd", "revise_round": 1}
[2026-05-20 15:12:52] CH1 data: {"text": "\u8d77", "revise_round": 1}
[2026-05-20 15:12:52] CH1 data: {"text": "\u4e00", "revise_round": 1}
[2026-05-20 15:12:52] CH1 data: {"text": "\u4e32", "revise_round": 1}
[2026-05-20 15:12:52] CH1 data: {"text": "\u6025", "revise_round": 1}
[2026-05-20 15:12:52] CH1 data: {"text": "\u4e71", "revise_round": 1}
[2026-05-20 15:12:52] CH1 data: {"text": "\u811a", "revise_round": 1}
[2026-05-20 15:12:52] CH1 data: {"text": "\u6b65", "revise_round": 1}
[2026-05-20 15:12:52] CH1 data: {"text": "\uff0c\u6709", "revise_round": 1}
[2026-05-20 15:12:52] CH1 data: {"text": "\u4eba", "revise_round": 1}
[2026-05-20 15:12:52] CH1 data: {"text": "\u62b1", "revise_round": 1}
[2026-05-20 15:12:52] CH1 data: {"text": "\u7740", "revise_round": 1}
[2026-05-20 15:12:52] CH1 data: {"text": "\u6728", "revise_round": 1}
[2026-05-20 15:12:52] CH1 data: {"text": "\u6886", "revise_round": 1}
[2026-05-20 15:12:52] CH1 data: {"text": "\u5f80", "revise_round": 1}
[2026-05-20 15:12:52] CH1 data: {"text": "\u8fd9", "revise_round": 1}
[2026-05-20 15:12:52] CH1 data: {"text": "\u8fb9", "revise_round": 1}
[2026-05-20 15:12:52] CH1 data: {"text": "\u8bd5", "revise_round": 1}
[2026-05-20 15:12:52] CH1 data: {"text": "\u63a2", "revise_round": 1}
[2026-05-20 15:12:52] CH1 data: {"text": "\uff0c", "revise_round": 1}
[2026-05-20 15:12:52] CH1 data: {"text": "\u5148", "revise_round": 1}
[2026-05-20 15:12:52] CH1 data: {"text": "\u505c", "revise_round": 1}
[2026-05-20 15:12:52] CH1 data: {"text": "\u4e00\u4e0b", "revise_round": 1}
[2026-05-20 15:12:52] CH1 data: {"text": "\uff0c\u518d", "revise_round": 1}
[2026-05-20 15:12:52] CH1 data: {"text": "\u5f80", "revise_round": 1}
[2026-05-20 15:12:52] CH1 data: {"text": "\u524d", "revise_round": 1}
[2026-05-20 15:12:52] CH1 data: {"text": "\u632a", "revise_round": 1}
[2026-05-20 15:12:52] CH1 data: {"text": "\uff0c", "revise_round": 1}
[2026-05-20 15:12:52] CH1 data: {"text": "\u50cf", "revise_round": 1}
[2026-05-20 15:12:52] CH1 data: {"text": "\u662f", "revise_round": 1}
[2026-05-20 15:12:52] CH1 data: {"text": "\u88ab", "revise_round": 1}
[2026-05-20 15:12:52] CH1 data: {"text": "\u706f", "revise_round": 1}
[2026-05-20 15:12:52] CH1 data: {"text": "\u7eb8", "revise_round": 1}
[2026-05-20 15:12:52] CH1 data: {"text": "\u7684", "revise_round": 1}
[2026-05-20 15:12:52] CH1 data: {"text": "\u7a7a", "revise_round": 1}
[2026-05-20 15:12:52] CH1 data: {"text": "\u54cd", "revise_round": 1}
[2026-05-20 15:12:52] CH1 data: {"text": "\u548c", "revise_round": 1}
[2026-05-20 15:12:52] CH1 data: {"text": "\u6cb9", "revise_round": 1}
[2026-05-20 15:12:52] CH1 data: {"text": "\u6c9f", "revise_round": 1}
[2026-05-20 15:12:52] CH1 data: {"text": "\u56de", "revise_round": 1}
[2026-05-20 15:12:52] CH1 data: {"text": "\u97f3", "revise_round": 1}
[2026-05-20 15:12:52] CH1 data: {"text": "\u5f15", "revise_round": 1}
[2026-05-20 15:12:52] CH1 data: {"text": "\u8fc7", "revise_round": 1}
[2026-05-20 15:12:52] CH1 data: {"text": "\u6765\u7684", "revise_round": 1}
[2026-05-20 15:12:52] CH1 data: {"text": "\u3002\n\n", "revise_round": 1}
[2026-05-20 15:12:52] CH1 data: {"text": "\u201c", "revise_round": 1}
[2026-05-20 15:12:52] CH1 data: {"text": "\u7ad9", "revise_round": 1}
[2026-05-20 15:12:52] CH1 data: {"text": "\u4f4f", "revise_round": 1}
[2026-05-20 15:12:52] CH1 data: {"text": "\u3002\u201d\n\n", "revise_round": 1}
[2026-05-20 15:12:52] CH1 data: {"text": "\u559d", "revise_round": 1}
[2026-05-20 15:12:52] CH1 data: {"text": "\u58f0", "revise_round": 1}
[2026-05-20 15:12:52] CH1 data: {"text": "\u538b", "revise_round": 1}
[2026-05-20 15:12:52] CH1 data: {"text": "\u8fc7", "revise_round": 1}
[2026-05-20 15:12:52] CH1 data: {"text": "\u96e8", "revise_round": 1}
[2026-05-20 15:12:52] CH1 data: {"text": "\u3002", "revise_round": 1}
[2026-05-20 15:12:52] CH1 data: {"text": "\u6765", "revise_round": 1}
[2026-05-20 15:12:52] CH1 data: {"text": "\u4eba", "revise_round": 1}
[2026-05-20 15:12:52] CH1 data: {"text": "\u731b", "revise_round": 1}
[2026-05-20 15:12:52] CH1 data: {"text": "\u5730", "revise_round": 1}
[2026-05-20 15:12:52] CH1 data: {"text": "\u4e00", "revise_round": 1}
[2026-05-20 15:12:52] CH1 data: {"text": "\u54c6", "revise_round": 1}
[2026-05-20 15:12:52] CH1 data: {"text": "\u55e6", "revise_round": 1}
[2026-05-20 15:12:52] CH1 data: {"text": "\uff0c", "revise_round": 1}
[2026-05-20 15:12:52] CH1 data: {"text": "\u5dee", "revise_round": 1}
[2026-05-20 15:12:52] CH1 data: {"text": "\u70b9", "revise_round": 1}
[2026-05-20 15:12:52] CH1 data: {"text": "\u628a", "revise_round": 1}
[2026-05-20 15:12:53] CH1 data: {"text": "\u6000", "revise_round": 1}
[2026-05-20 15:12:53] CH1 data: {"text": "\u91cc\u7684", "revise_round": 1}
[2026-05-20 15:12:53] CH1 data: {"text": "\u6728", "revise_round": 1}
[2026-05-20 15:12:53] CH1 data: {"text": "\u6886", "revise_round": 1}
[2026-05-20 15:12:53] CH1 data: {"text": "\u6389", "revise_round": 1}
[2026-05-20 15:12:53] CH1 data: {"text": "\u4e0b", "revise_round": 1}
[2026-05-20 15:12:53] CH1 data: {"text": "\u53bb", "revise_round": 1}
[2026-05-20 15:12:53] CH1 data: {"text": "\u3002", "revise_round": 1}
[2026-05-20 15:12:53] CH1 data: {"text": "\u90a3", "revise_round": 1}
[2026-05-20 15:12:53] CH1 data: {"text": "\u662f", "revise_round": 1}
[2026-05-20 15:12:53] CH1 data: {"text": "\u4e2a", "revise_round": 1}
[2026-05-20 15:12:53] CH1 data: {"text": "\u8001", "revise_round": 1}
[2026-05-20 15:12:53] CH1 data: {"text": "\u66f4", "revise_round": 1}
[2026-05-20 15:12:53] CH1 data: {"text": "\u592b", "revise_round": 1}
[2026-05-20 15:12:53] CH1 data: {"text": "\uff0c", "revise_round": 1}
[2026-05-20 15:12:53] CH1 data: {"text": "\u84d1", "revise_round": 1}
[2026-05-20 15:12:53] CH1 data: {"text": "\u8863", "revise_round": 1}
[2026-05-20 15:12:53] CH1 data: {"text": "\u6e7f", "revise_round": 1}
[2026-05-20 15:12:53] CH1 data: {"text": "\u900f", "revise_round": 1}
[2026-05-20 15:12:53] CH1 data: {"text": "\uff0c", "revise_round": 1}
[2026-05-20 15:12:53] CH1 data: {"text": "\u8349", "revise_round": 1}
[2026-05-20 15:12:53] CH1 data: {"text": "\u978b", "revise_round": 1}
[2026-05-20 15:12:53] CH1 data: {"text": "\u8fb9", "revise_round": 1}
[2026-05-20 15:12:53] CH1 data: {"text": "\u5168", "revise_round": 1}
[2026-05-20 15:12:53] CH1 data: {"text": "\u662f", "revise_round": 1}
[2026-05-20 15:12:53] CH1 data: {"text": "\u70c2", "revise_round": 1}
[2026-05-20 15:12:53] CH1 data: {"text": "\u6ce5", "revise_round": 1}
[2026-05-20 15:12:53] CH1 data: {"text": "\uff0c", "revise_round": 1}
[2026-05-20 15:12:53] CH1 data: {"text": "\u8138", "revise_round": 1}
[2026-05-20 15:12:53] CH1 data: {"text": "\u4e0a\u7684", "revise_round": 1}
[2026-05-20 15:12:53] CH1 data: {"text": "\u6c34", "revise_round": 1}
[2026-05-20 15:12:53] CH1 data: {"text": "\u987a", "revise_round": 1}
[2026-05-20 15:12:53] CH1 data: {"text": "\u7740", "revise_round": 1}
[2026-05-20 15:12:53] CH1 data: {"text": "\u76b1", "revise_round": 1}
[2026-05-20 15:12:53] CH1 data: {"text": "\u7eb9", "revise_round": 1}
[2026-05-20 15:12:53] CH1 data: {"text": "\u5f80", "revise_round": 1}
[2026-05-20 15:12:53] CH1 data: {"text": "\u4e0b", "revise_round": 1}
[2026-05-20 15:12:53] CH1 data: {"text": "\u6302", "revise_round": 1}
[2026-05-20 15:12:53] CH1 data: {"text": "\uff0c", "revise_round": 1}
[2026-05-20 15:12:53] CH1 data: {"text": "\u5206", "revise_round": 1}
[2026-05-20 15:12:53] CH1 data: {"text": "\u4e0d", "revise_round": 1}
[2026-05-20 15:12:53] CH1 data: {"text": "\u6e05", "revise_round": 1}
[2026-05-20 15:12:53] CH1 data: {"text": "\u662f", "revise_round": 1}
[2026-05-20 15:12:53] CH1 data: {"text": "\u96e8", "revise_round": 1}
[2026-05-20 15:12:53] CH1 data: {"text": "\u8fd8\u662f", "revise_round": 1}
[2026-05-20 15:12:53] CH1 data: {"text": "\u6c57", "revise_round": 1}
[2026-05-20 15:12:53] CH1 data: {"text": "\u3002\n\n", "revise_round": 1}
[2026-05-20 15:12:53] CH1 data: {"text": "\u201c", "revise_round": 1}
[2026-05-20 15:12:53] CH1 data: {"text": "\u7ebf", "revise_round": 1}
[2026-05-20 15:12:53] CH1 data: {"text": "\u5916", "revise_round": 1}
[2026-05-20 15:12:53] CH1 data: {"text": "\u3002\u201d", "revise_round": 1}
[2026-05-20 15:12:53] CH1 data: {"text": "\u6c88", "revise_round": 1}
[2026-05-20 15:12:53] CH1 data: {"text": "\u7167", "revise_round": 1}
[2026-05-20 15:12:53] CH1 data: {"text": "\u62ac", "revise_round": 1}
[2026-05-20 15:12:53] CH1 data: {"text": "\u4e86", "revise_round": 1}
[2026-05-20 15:12:53] CH1 data: {"text": "\u62ac", "revise_round": 1}
[2026-05-20 15:12:53] CH1 data: {"text": "\u5200", "revise_round": 1}
[2026-05-20 15:12:53] CH1 data: {"text": "\u9798", "revise_round": 1}
[2026-05-20 15:12:53] CH1 data: {"text": "\uff0c\u201c", "revise_round": 1}
[2026-05-20 15:12:53] CH1 data: {"text": "\u6728", "revise_round": 1}
[2026-05-20 15:12:53] CH1 data: {"text": "\u6886", "revise_round": 1}
[2026-05-20 15:12:53] CH1 data: {"text": "\u522b", "revise_round": 1}
[2026-05-20 15:12:53] CH1 data: {"text": "\u843d", "revise_round": 1}
[2026-05-20 15:12:53] CH1 data: {"text": "\u5730", "revise_round": 1}
[2026-05-20 15:12:53] CH1 data: {"text": "\u3002", "revise_round": 1}
[2026-05-20 15:12:53] CH1 data: {"text": "\u4f60", "revise_round": 1}
[2026-05-20 15:12:53] CH1 data: {"text": "\u4ece", "revise_round": 1}
[2026-05-20 15:12:53] CH1 data: {"text": "\u54ea", "revise_round": 1}
[2026-05-20 15:12:53] CH1 data: {"text": "\u5757", "revise_round": 1}
[2026-05-20 15:12:53] CH1 data: {"text": "\u7816", "revise_round": 1}
[2026-05-20 15:12:53] CH1 data: {"text": "\u4e0a", "revise_round": 1}
[2026-05-20 15:12:53] CH1 data: {"text": "\u6765\u7684", "revise_round": 1}
[2026-05-20 15:12:53] CH1 data: {"text": "\uff0c", "revise_round": 1}
[2026-05-20 15:12:53] CH1 data: {"text": "\u811a", "revise_round": 1}
[2026-05-20 15:12:53] CH1 data: {"text": "\u5c31", "revise_round": 1}
[2026-05-20 15:12:53] CH1 data: {"text": "\u9489", "revise_round": 1}
[2026-05-20 15:12:53] CH1 data: {"text": "\u5728\u54ea", "revise_round": 1}
[2026-05-20 15:12:53] CH1 data: {"text": "\u5757", "revise_round": 1}
[2026-05-20 15:12:53] CH1 data: {"text": "\u7816", "revise_round": 1}
[2026-05-20 15:12:53] CH1 data: {"text": "\u4e0a", "revise_round": 1}
[2026-05-20 15:12:53] CH1 data: {"text": "\u3002\u201d\n\n", "revise_round": 1}
[2026-05-20 15:12:53] CH1 data: {"text": "\u8001", "revise_round": 1}
[2026-05-20 15:12:53] CH1 data: {"text": "\u66f4", "revise_round": 1}
[2026-05-20 15:12:53] CH1 data: {"text": "\u592b", "revise_round": 1}
[2026-05-20 15:12:53] CH1 data: {"text": "\u8fd9", "revise_round": 1}
[2026-05-20 15:12:53] CH1 data: {"text": "\u624d", "revise_round": 1}
[2026-05-20 15:12:53] CH1 data: {"text": "\u770b", "revise_round": 1}
[2026-05-20 15:12:53] CH1 data: {"text": "\u6e05", "revise_round": 1}
[2026-05-20 15:12:53] CH1 data: {"text": "\u6a90", "revise_round": 1}
[2026-05-20 15:12:53] CH1 data: {"text": "\u4e0b", "revise_round": 1}
[2026-05-20 15:12:53] CH1 data: {"text": "\u90a3", "revise_round": 1}
[2026-05-20 15:12:53] CH1 data: {"text": "\u76cf", "revise_round": 1}
[2026-05-20 15:12:53] CH1 data: {"text": "\u706f", "revise_round": 1}
[2026-05-20 15:12:53] CH1 data: {"text": "\u548c", "revise_round": 1}
[2026-05-20 15:12:53] CH1 data: {"text": "\u706f", "revise_round": 1}
[2026-05-20 15:12:53] CH1 data: {"text": "\u4e0b", "revise_round": 1}
[2026-05-20 15:12:53] CH1 data: {"text": "\u7684\u4eba", "revise_round": 1}
[2026-05-20 15:12:53] CH1 data: {"text": "\uff0c", "revise_round": 1}
[2026-05-20 15:12:53] CH1 data: {"text": "\u5589", "revise_round": 1}
[2026-05-20 15:12:53] CH1 data: {"text": "\u5499", "revise_round": 1}
[2026-05-20 15:12:53] CH1 data: {"text": "\u91cc", "revise_round": 1}
[2026-05-20 15:12:53] CH1 data: {"text": "\u201c", "revise_round": 1}
[2026-05-20 15:12:53] CH1 data: {"text": "\u54af", "revise_round": 1}
[2026-05-20 15:12:53] CH1 data: {"text": "\u201d", "revise_round": 1}
[2026-05-20 15:12:53] CH1 data: {"text": "\u5730", "revise_round": 1}
[2026-05-20 15:12:53] CH1 data: {"text": "\u4e00", "revise_round": 1}
[2026-05-20 15:12:53] CH1 data: {"text": "\u54cd", "revise_round": 1}
[2026-05-20 15:12:53] CH1 data: {"text": "\uff0c", "revise_round": 1}
[2026-05-20 15:12:53] CH1 data: {"text": "\u786c", "revise_round": 1}
[2026-05-20 15:12:53] CH1 data: {"text": "\u751f", "revise_round": 1}
[2026-05-20 15:12:53] CH1 data: {"text": "\u751f", "revise_round": 1}
[2026-05-20 15:12:54] CH1 data: {"text": "\u628a", "revise_round": 1}
[2026-05-20 15:12:54] CH1 data: {"text": "\u817f", "revise_round": 1}
[2026-05-20 15:12:54] CH1 data: {"text": "\u6536", "revise_round": 1}
[2026-05-20 15:12:54] CH1 data: {"text": "\u4f4f", "revise_round": 1}
[2026-05-20 15:12:54] CH1 data: {"text": "\uff0c", "revise_round": 1}
[2026-05-20 15:12:54] CH1 data: {"text": "\u6574", "revise_round": 1}
[2026-05-20 15:12:54] CH1 data: {"text": "\u4e2a\u4eba", "revise_round": 1}
[2026-05-20 15:12:54] CH1 data: {"text": "\u7b5b", "revise_round": 1}
[2026-05-20 15:12:54] CH1 data: {"text": "\u7ce0", "revise_round": 1}
[2026-05-20 15:12:54] CH1 data: {"text": "\u4e00\u6837", "revise_round": 1}
[2026-05-20 15:12:54] CH1 data: {"text": "\u6296", "revise_round": 1}
[2026-05-20 15:12:54] CH1 data: {"text": "\uff1a\u201c", "revise_round": 1}
[2026-05-20 15:12:54] CH1 data: {"text": "\u5b98", "revise_round": 1}
[2026-05-20 15:12:54] CH1 data: {"text": "\u3001", "revise_round": 1}
[2026-05-20 15:12:54] CH1 data: {"text": "\u5b98", "revise_round": 1}
[2026-05-20 15:12:54] CH1 data: {"text": "\u7237", "revise_round": 1}
[2026-05-20 15:12:54] CH1 data: {"text": "\uff0c\u6211", "revise_round": 1}
[2026-05-20 15:12:54] CH1 data: {"text": "\u6ca1", "revise_round": 1}
[2026-05-20 15:12:54] CH1 data: {"text": "\u78b0", "revise_round": 1}
[2026-05-20 15:12:54] CH1 data: {"text": "\uff0c\u6211", "revise_round": 1}
[2026-05-20 15:12:54] CH1 data: {"text": "\u771f", "revise_round": 1}
[2026-05-20 15:12:54] CH1 data: {"text": "\u6ca1", "revise_round": 1}
[2026-05-20 15:12:54] CH1 data: {"text": "\u78b0", "revise_round": 1}
[2026-05-20 15:12:54] CH1 data: {"text": "\uff01", "revise_round": 1}
[2026-05-20 15:12:54] CH1 data: {"text": "\u6211", "revise_round": 1}
[2026-05-20 15:12:54] CH1 data: {"text": "\u521a", "revise_round": 1}
[2026-05-20 15:12:54] CH1 data: {"text": "\u6572", "revise_round": 1}
[2026-05-20 15:12:54] CH1 data: {"text": "\u5b8c", "revise_round": 1}
[2026-05-20 15:12:54] CH1 data: {"text": "\u4e09", "revise_round": 1}
[2026-05-20 15:12:54] CH1 data: {"text": "\u66f4", "revise_round": 1}
[2026-05-20 15:12:54] CH1 data: {"text": "\uff0c", "revise_round": 1}
[2026-05-20 15:12:54] CH1 data: {"text": "\u542c", "revise_round": 1}
[2026-05-20 15:12:54] CH1 data: {"text": "\u89c1", "revise_round": 1}
[2026-05-20 15:12:54] CH1 data: {"text": "\u8fd9", "revise_round": 1}
[2026-05-20 15:12:54] CH1 data: {"text": "\u8fb9", "revise_round": 1}
[2026-05-20 15:12:54] CH1 data: {"text": "\u7eb8", "revise_round": 1}
[2026-05-20 15:12:54] CH1 data: {"text": "\u7f69", "revise_round": 1}
[2026-05-20 15:12:54] CH1 data: {"text": "\u62cd", "revise_round": 1}
[2026-05-20 15:12:54] CH1 data: {"text": "\u5f97", "revise_round": 1}
[2026-05-20 15:12:54] CH1 data: {"text": "\u4e71", "revise_round": 1}
[2026-05-20 15:12:54] CH1 data: {"text": "\uff0c", "revise_round": 1}
[2026-05-20 15:12:54] CH1 data: {"text": "\u6cb9", "revise_round": 1}
[2026-05-20 15:12:54] CH1 data: {"text": "\u6c9f", "revise_round": 1}
[2026-05-20 15:12:54] CH1 data: {"text": "\u91cc", "revise_round": 1}
[2026-05-20 15:12:54] CH1 data: {"text": "\u53c8", "revise_round": 1}
[2026-05-20 15:12:54] CH1 data: {"text": "\u7a7a", "revise_round": 1}
[2026-05-20 15:12:54] CH1 data: {"text": "\u54cd", "revise_round": 1}
[2026-05-20 15:12:54] CH1 data: {"text": "\uff0c", "revise_round": 1}
[2026-05-20 15:12:54] CH1 data: {"text": "\u624d", "revise_round": 1}
[2026-05-20 15:12:54] CH1 data: {"text": "\u63a2", "revise_round": 1}
[2026-05-20 15:12:54] CH1 data: {"text": "\u5934", "revise_round": 1}
[2026-05-20 15:12:54] CH1 data: {"text": "\u770b", "revise_round": 1}
[2026-05-20 15:12:54] CH1 data: {"text": "\u4e00", "revise_round": 1}
[2026-05-20 15:12:54] CH1 data: {"text": "\u773c", "revise_round": 1}
[2026-05-20 15:12:54] CH1 data: {"text": "\u2014\u2014", "revise_round": 1}
[2026-05-20 15:12:54] CH1 data: {"text": "\u201d\n\n", "revise_round": 1}
[2026-05-20 15:12:54] CH1 data: {"text": "\u201c", "revise_round": 1}
[2026-05-20 15:12:54] CH1 data: {"text": "\u770b", "revise_round": 1}
[2026-05-20 15:12:54] CH1 data: {"text": "\u89c1", "revise_round": 1}
[2026-05-20 15:12:54] CH1 data: {"text": "\u4ec0\u4e48", "revise_round": 1}
[2026-05-20 15:12:54] CH1 data: {"text": "\uff0c\u5c31", "revise_round": 1}
[2026-05-20 15:12:54] CH1 data: {"text": "\u8bf4", "revise_round": 1}
[2026-05-20 15:12:54] CH1 data: {"text": "\u4ec0\u4e48", "revise_round": 1}
[2026-05-20 15:12:54] CH1 data: {"text": "\u3002", "revise_round": 1}
[2026-05-20 15:12:54] CH1 data: {"text": "\u522b", "revise_round": 1}
[2026-05-20 15:12:54] CH1 data: {"text": "\u5f80", "revise_round": 1}
[2026-05-20 15:12:54] CH1 data: {"text": "\u524d", "revise_round": 1}
[2026-05-20 15:12:54] CH1 data: {"text": "\u3002\u201d\n\n", "revise_round": 1}
[2026-05-20 15:12:54] CH1 data: {"text": "\u201c", "revise_round": 1}
[2026-05-20 15:12:54] CH1 data: {"text": "\u5c31", "revise_round": 1}
[2026-05-20 15:12:54] CH1 data: {"text": "\u3001", "revise_round": 1}
[2026-05-20 15:12:54] CH1 data: {"text": "\u5c31", "revise_round": 1}
[2026-05-20 15:12:54] CH1 data: {"text": "\u770b", "revise_round": 1}
[2026-05-20 15:12:54] CH1 data: {"text": "\u89c1", "revise_round": 1}
[2026-05-20 15:12:54] CH1 data: {"text": "\u706f", "revise_round": 1}
[2026-05-20 15:12:54] CH1 data: {"text": "\uff0c\u8fd8\u6709", "revise_round": 1}
[2026-05-20 15:12:54] CH1 data: {"text": "\u4eba", "revise_round": 1}
[2026-05-20 15:12:54] CH1 data: {"text": "\u2026\u2026", "revise_round": 1}
[2026-05-20 15:12:54] CH1 data: {"text": "\u8dea", "revise_round": 1}
[2026-05-20 15:12:54] CH1 data: {"text": "\u7740", "revise_round": 1}
[2026-05-20 15:12:54] CH1 data: {"text": "\u3002\u201d", "revise_round": 1}
[2026-05-20 15:12:54] CH1 data: {"text": "\u8001", "revise_round": 1}
[2026-05-20 15:12:54] CH1 data: {"text": "\u66f4", "revise_round": 1}
[2026-05-20 15:12:54] CH1 data: {"text": "\u592b", "revise_round": 1}
[2026-05-20 15:12:54] CH1 data: {"text": "\u58f0\u97f3", "revise_round": 1}
[2026-05-20 15:12:54] CH1 data: {"text": "\u53d1", "revise_round": 1}
[2026-05-20 15:12:54] CH1 data: {"text": "\u98d8", "revise_round": 1}
[2026-05-20 15:12:54] CH1 data: {"text": "\uff0c\u201c", "revise_round": 1}
[2026-05-20 15:12:54] CH1 data: {"text": "\u6211", "revise_round": 1}
[2026-05-20 15:12:54] CH1 data: {"text": "\u624d", "revise_round": 1}
[2026-05-20 15:12:54] CH1 data: {"text": "\u5230", "revise_round": 1}
[2026-05-20 15:12:54] CH1 data: {"text": "\uff0c", "revise_round": 1}
[2026-05-20 15:12:54] CH1 data: {"text": "\u771f", "revise_round": 1}
[2026-05-20 15:12:54] CH1 data: {"text": "\u624d", "revise_round": 1}
[2026-05-20 15:12:54] CH1 data: {"text": "\u5230", "revise_round": 1}
[2026-05-20 15:12:54] CH1 data: {"text": "\u3002\u201d\n\n", "revise_round": 1}
[2026-05-20 15:12:54] CH1 data: {"text": "\u6709", "revise_round": 1}
[2026-05-20 15:12:54] CH1 data: {"text": "\u4e86", "revise_round": 1}
[2026-05-20 15:12:54] CH1 data: {"text": "\u7b2c\u4e8c", "revise_round": 1}
[2026-05-20 15:12:54] CH1 data: {"text": "\u53cc", "revise_round": 1}
[2026-05-20 15:12:54] CH1 data: {"text": "\u773c", "revise_round": 1}
[2026-05-20 15:12:54] CH1 data: {"text": "\uff0c", "revise_round": 1}
[2026-05-20 15:12:54] CH1 data: {"text": "\u54e8", "revise_round": 1}
[2026-05-20 15:12:54] CH1 data: {"text": "\u624d", "revise_round": 1}
[2026-05-20 15:12:54] CH1 data: {"text": "\u8be5", "revise_round": 1}
[2026-05-20 15:12:54] CH1 data: {"text": "\u54cd", "revise_round": 1}
[2026-05-20 15:12:54] CH1 data: {"text": "\u3002", "revise_round": 1}
[2026-05-20 15:12:54] CH1 data: {"text": "\u518d", "revise_round": 1}
[2026-05-20 15:12:54] CH1 data: {"text": "\u5f80", "revise_round": 1}
[2026-05-20 15:12:54] CH1 data: {"text": "\u540e", "revise_round": 1}
[2026-05-20 15:12:54] CH1 data: {"text": "\uff0c", "revise_round": 1}
[2026-05-20 15:12:54] CH1 data: {"text": "\u8c01", "revise_round": 1}
[2026-05-20 15:12:54] CH1 data: {"text": "\u5148", "revise_round": 1}
[2026-05-20 15:12:54] CH1 data: {"text": "\u89c1", "revise_round": 1}
[2026-05-20 15:12:54] CH1 data: {"text": "\uff0c", "revise_round": 1}
[2026-05-20 15:12:54] CH1 data: {"text": "\u8c01", "revise_round": 1}
[2026-05-20 15:12:54] CH1 data: {"text": "\u540e", "revise_round": 1}
[2026-05-20 15:12:54] CH1 data: {"text": "\u5230", "revise_round": 1}
[2026-05-20 15:12:54] CH1 data: {"text": "\uff0c", "revise_round": 1}
[2026-05-20 15:12:54] CH1 data: {"text": "\u624d", "revise_round": 1}
[2026-05-20 15:12:54] CH1 data: {"text": "\u6709", "revise_round": 1}
[2026-05-20 15:12:54] CH1 data: {"text": "\u4e2a", "revise_round": 1}
[2026-05-20 15:12:54] CH1 data: {"text": "\u51ed", "revise_round": 1}
[2026-05-20 15:12:55] CH1 data: {"text": "\u636e", "revise_round": 1}
[2026-05-20 15:12:55] CH1 data: {"text": "\u3002\n\n", "revise_round": 1}
[2026-05-20 15:12:55] CH1 data: {"text": "\u6c88", "revise_round": 1}
[2026-05-20 15:12:55] CH1 data: {"text": "\u7167", "revise_round": 1}
[2026-05-20 15:12:55] CH1 data: {"text": "\u628a", "revise_round": 1}
[2026-05-20 15:12:55] CH1 data: {"text": "\u94dc", "revise_round": 1}
[2026-05-20 15:12:55] CH1 data: {"text": "\u54e8", "revise_round": 1}
[2026-05-20 15:12:55] CH1 data: {"text": "\u4ece", "revise_round": 1}
[2026-05-20 15:12:55] CH1 data: {"text": "\u9886", "revise_round": 1}
[2026-05-20 15:12:55] CH1 data: {"text": "\u53e3", "revise_round": 1}
[2026-05-20 15:12:55] CH1 data: {"text": "\u62fd", "revise_round": 1}
[2026-05-20 15:12:55] CH1 data: {"text": "\u51fa\u6765", "revise_round": 1}
[2026-05-20 15:12:55] CH1 data: {"text": "\uff0c", "revise_round": 1}
[2026-05-20 15:12:55] CH1 data: {"text": "\u542b", "revise_round": 1}
[2026-05-20 15:12:55] CH1 data: {"text": "\u8fdb", "revise_round": 1}
[2026-05-20 15:12:55] CH1 data: {"text": "\u9f7f", "revise_round": 1}
[2026-05-20 15:12:55] CH1 data: {"text": "\u95f4", "revise_round": 1}
[2026-05-20 15:12:55] CH1 data: {"text": "\uff0c\u4e00", "revise_round": 1}
[2026-05-20 15:12:55] CH1 data: {"text": "\u957f", "revise_round": 1}
[2026-05-20 15:12:55] CH1 data: {"text": "\u4e24", "revise_round": 1}
[2026-05-20 15:12:55] CH1 data: {"text": "\u77ed", "revise_round": 1}
[2026-05-20 15:12:55] CH1 data: {"text": "\u3002", "revise_round": 1}
[2026-05-20 15:12:55] CH1 data: {"text": "\u5c16", "revise_round": 1}
[2026-05-20 15:12:55] CH1 data: {"text": "\u9510", "revise_round": 1}
[2026-05-20 15:12:55] CH1 data: {"text": "\u7684", "revise_round": 1}
[2026-05-20 15:12:55] CH1 data: {"text": "\u54e8", "revise_round": 1}
[2026-05-20 15:12:55] CH1 data: {"text": "\u58f0", "revise_round": 1}
[2026-05-20 15:12:55] CH1 data: {"text": "\u4e00\u4e0b", "revise_round": 1}
[2026-05-20 15:12:55] CH1 data: {"text": "\u5288", "revise_round": 1}
[2026-05-20 15:12:55] CH1 data: {"text": "\u5f00", "revise_round": 1}
[2026-05-20 15:12:55] CH1 data: {"text": "\u96e8", "revise_round": 1}
[2026-05-20 15:12:55] CH1 data: {"text": "\u5e55", "revise_round": 1}
[2026-05-20 15:12:55] CH1 data: {"text": "\uff0c", "revise_round": 1}
[2026-05-20 15:12:55] CH1 data: {"text": "\u987a", "revise_round": 1}
[2026-05-20 15:12:55] CH1 data: {"text": "\u7740", "revise_round": 1}
[2026-05-20 15:12:55] CH1 data: {"text": "\u659c", "revise_round": 1}
[2026-05-20 15:12:55] CH1 data: {"text": "\u8857", "revise_round": 1}
[2026-05-20 15:12:55] CH1 data: {"text": "\u7a9c", "revise_round": 1}
[2026-05-20 15:12:55] CH1 data: {"text": "\u51fa\u53bb", "revise_round": 1}
[2026-05-20 15:12:55] CH1 data: {"text": "\uff0c", "revise_round": 1}
[2026-05-20 15:12:55] CH1 data: {"text": "\u649e", "revise_round": 1}
[2026-05-20 15:12:55] CH1 data: {"text": "\u8fc7", "revise_round": 1}
[2026-05-20 15:12:55] CH1 data: {"text": "\u574a", "revise_round": 1}
[2026-05-20 15:12:55] CH1 data: {"text": "\u5899", "revise_round": 1}
[2026-05-20 15:12:55] CH1 data: {"text": "\uff0c\u53c8", "revise_round": 1}
[2026-05-20 15:12:55] CH1 data: {"text": "\u6298", "revise_round": 1}
[2026-05-20 15:12:55] CH1 data: {"text": "\u56de", "revise_round": 1}
[2026-05-20 15:12:55] CH1 data: {"text": "\u66f4", "revise_round": 1}
[2026-05-20 15:12:55] CH1 data: {"text": "\u9053", "revise_round": 1}
[2026-05-20 15:12:55] CH1 data: {"text": "\uff0c", "revise_round": 1}
[2026-05-20 15:12:55] CH1 data: {"text": "\u4f59", "revise_round": 1}
[2026-05-20 15:12:55] CH1 data: {"text": "\u97f3", "revise_round": 1}
[2026-05-20 15:12:55] CH1 data: {"text": "\u53d1", "revise_round": 1}
[2026-05-20 15:12:55] CH1 data: {"text": "\u98a4", "revise_round": 1}
[2026-05-20 15:12:55] CH1 data: {"text": "\u3002\n\n", "revise_round": 1}
[2026-05-20 15:12:55] CH1 data: {"text": "\u8001", "revise_round": 1}
[2026-05-20 15:12:55] CH1 data: {"text": "\u66f4", "revise_round": 1}
[2026-05-20 15:12:55] CH1 data: {"text": "\u592b", "revise_round": 1}
[2026-05-20 15:12:55] CH1 data: {"text": "\u88ab", "revise_round": 1}
[2026-05-20 15:12:55] CH1 data: {"text": "\u8fd9", "revise_round": 1}
[2026-05-20 15:12:55] CH1 data: {"text": "\u4e00\u4e0b", "revise_round": 1}
[2026-05-20 15:12:55] CH1 data: {"text": "\u5413", "revise_round": 1}
[2026-05-20 15:12:55] CH1 data: {"text": "\u5f97", "revise_round": 1}
[2026-05-20 15:12:55] CH1 data: {"text": "\u80a9", "revise_round": 1}
[2026-05-20 15:12:55] CH1 data: {"text": "\u5934", "revise_round": 1}
[2026-05-20 15:12:55] CH1 data: {"text": "\u4e00", "revise_round": 1}
[2026-05-20 15:12:55] CH1 data: {"text": "\u7f29", "revise_round": 1}
[2026-05-20 15:12:55] CH1 data: {"text": "\uff0c", "revise_round": 1}
[2026-05-20 15:12:55] CH1 data: {"text": "\u4ecd", "revise_round": 1}
[2026-05-20 15:12:55] CH1 data: {"text": "\u4e0d", "revise_round": 1}
[2026-05-20 15:12:55] CH1 data: {"text": "\u6562", "revise_round": 1}
[2026-05-20 15:12:55] CH1 data: {"text": "\u52a8", "revise_round": 1}
[2026-05-20 15:12:55] CH1 data: {"text": "\uff0c\u53ea", "revise_round": 1}
[2026-05-20 15:12:55] CH1 data: {"text": "\u9694", "revise_round": 1}
[2026-05-20 15:12:55] CH1 data: {"text": "\u7740", "revise_round": 1}
[2026-05-20 15:12:55] CH1 data: {"text": "\u90a3", "revise_round": 1}
[2026-05-20 15:12:55] CH1 data: {"text": "\u9053", "revise_round": 1}
[2026-05-20 15:12:55] CH1 data: {"text": "\u6c34", "revise_round": 1}
[2026-05-20 15:12:55] CH1 data: {"text": "\u7ebf", "revise_round": 1}
[2026-05-20 15:12:55] CH1 data: {"text": "\u54c6", "revise_round": 1}
[2026-05-20 15:12:55] CH1 data: {"text": "\u55e6", "revise_round": 1}
[2026-05-20 15:12:55] CH1 data: {"text": "\u7740", "revise_round": 1}
[2026-05-20 15:12:55] CH1 data: {"text": "\u89e3\u91ca", "revise_round": 1}
[2026-05-20 15:12:55] CH1 data: {"text": "\uff1a\u201c", "revise_round": 1}
[2026-05-20 15:12:55] CH1 data: {"text": "\u6211", "revise_round": 1}
[2026-05-20 15:12:55] CH1 data: {"text": "\u4eca", "revise_round": 1}
[2026-05-20 15:12:55] CH1 data: {"text": "\u591c", "revise_round": 1}
[2026-05-20 15:12:55] CH1 data: {"text": "\u6309", "revise_round": 1}
[2026-05-20 15:12:55] CH1 data: {"text": "\u8001", "revise_round": 1}
[2026-05-20 15:12:55] CH1 data: {"text": "\u8def", "revise_round": 1}
[2026-05-20 15:12:55] CH1 data: {"text": "\u6253", "revise_round": 1}
[2026-05-20 15:12:55] CH1 data: {"text": "\u66f4", "revise_round": 1}
[2026-05-20 15:12:55] CH1 data: {"text": "\uff0c", "revise_round": 1}
[2026-05-20 15:12:55] CH1 data: {"text": "\u771f", "revise_round": 1}
[2026-05-20 15:12:55] CH1 data: {"text": "\u6ca1", "revise_round": 1}
[2026-05-20 15:12:55] CH1 data: {"text": "\u5f80", "revise_round": 1}
[2026-05-20 15:12:55] CH1 data: {"text": "\u5e9f", "revise_round": 1}
[2026-05-20 15:12:55] CH1 data: {"text": "\u94fa", "revise_round": 1}
[2026-05-20 15:12:55] CH1 data: {"text": "\u8ddf", "revise_round": 1}
[2026-05-20 15:12:55] CH1 data: {"text": "\u524d", "revise_round": 1}
[2026-05-20 15:12:55] CH1 data: {"text": "\u51d1", "revise_round": 1}
[2026-05-20 15:12:55] CH1 data: {"text": "\u8fc7", "revise_round": 1}
[2026-05-20 15:12:55] CH1 data: {"text": "\u3002", "revise_round": 1}
[2026-05-20 15:12:55] CH1 data: {"text": "\u5b98", "revise_round": 1}
[2026-05-20 15:12:55] CH1 data: {"text": "\u7237", "revise_round": 1}
[2026-05-20 15:12:55] CH1 data: {"text": "\uff0c\u4f60", "revise_round": 1}
[2026-05-20 15:12:55] CH1 data: {"text": "\u4fe1", "revise_round": 1}
[2026-05-20 15:12:55] CH1 data: {"text": "\u6211", "revise_round": 1}
[2026-05-20 15:12:55] CH1 data: {"text": "\uff0c\u6211", "revise_round": 1}
[2026-05-20 15:12:55] CH1 data: {"text": "\u8fde", "revise_round": 1}
[2026-05-20 15:12:55] CH1 data: {"text": "\u706f", "revise_round": 1}
[2026-05-20 15:12:55] CH1 data: {"text": "\u5f71", "revise_round": 1}
[2026-05-20 15:12:55] CH1 data: {"text": "\u90fd\u662f", "revise_round": 1}
[2026-05-20 15:12:55] CH1 data: {"text": "\u624d", "revise_round": 1}
[2026-05-20 15:12:55] CH1 data: {"text": "\u77a7", "revise_round": 1}
[2026-05-20 15:12:55] CH1 data: {"text": "\u89c1", "revise_round": 1}
[2026-05-20 15:12:55] CH1 data: {"text": "\u7684", "revise_round": 1}
[2026-05-20 15:12:56] CH1 data: {"text": "\u2014\u2014", "revise_round": 1}
[2026-05-20 15:12:56] CH1 data: {"text": "\u201d\n\n", "revise_round": 1}
[2026-05-20 15:12:56] CH1 data: {"text": "\u51e0", "revise_round": 1}
[2026-05-20 15:12:56] CH1 data: {"text": "\u606f", "revise_round": 1}
[2026-05-20 15:12:56] CH1 data: {"text": "\u4e4b\u540e", "revise_round": 1}
[2026-05-20 15:12:56] CH1 data: {"text": "\uff0c", "revise_round": 1}
[2026-05-20 15:12:56] CH1 data: {"text": "\u8fdc", "revise_round": 1}
[2026-05-20 15:12:56] CH1 data: {"text": "\u5904", "revise_round": 1}
[2026-05-20 15:12:56] CH1 data: {"text": "\u7ec8\u4e8e", "revise_round": 1}
[2026-05-20 15:12:56] CH1 data: {"text": "\u9690", "revise_round": 1}
[2026-05-20 15:12:56] CH1 data: {"text": "\u9690", "revise_round": 1}
[2026-05-20 15:12:56] CH1 data: {"text": "\u56de", "revise_round": 1}
[2026-05-20 15:12:56] CH1 data: {"text": "\u4e86\u4e00", "revise_round": 1}
[2026-05-20 15:12:56] CH1 data: {"text": "\u58f0", "revise_round": 1}
[2026-05-20 15:12:56] CH1 data: {"text": "\u94dc", "revise_round": 1}
[2026-05-20 15:12:56] CH1 data: {"text": "\u54e8", "revise_round": 1}
[2026-05-20 15:12:56] CH1 data: {"text": "\uff0c", "revise_round": 1}
[2026-05-20 15:12:56] CH1 data: {"text": "\u9694", "revise_round": 1}
[2026-05-20 15:12:56] CH1 data: {"text": "\u7740", "revise_round": 1}
[2026-05-20 15:12:56] CH1 data: {"text": "\u4e24", "revise_round": 1}
[2026-05-20 15:12:56] CH1 data: {"text": "\u6761", "revise_round": 1}
[2026-05-20 15:12:56] CH1 data: {"text": "\u8857", "revise_round": 1}
[2026-05-20 15:12:56] CH1 data: {"text": "\uff0c", "revise_round": 1}
[2026-05-20 15:12:56] CH1 data: {"text": "\u542c", "revise_round": 1}
[2026-05-20 15:12:56] CH1 data: {"text": "\u5f97", "revise_round": 1}
[2026-05-20 15:12:56] CH1 data: {"text": "\u51fa", "revise_round": 1}
[2026-05-20 15:12:56] CH1 data: {"text": "\u4eba", "revise_round": 1}
[2026-05-20 15:12:56] CH1 data: {"text": "\u8fd8", "revise_round": 1}
[2026-05-20 15:12:56] CH1 data: {"text": "\u5728", "revise_round": 1}
[2026-05-20 15:12:56] CH1 data: {"text": "\u5f80", "revise_round": 1}
[2026-05-20 15:12:56] CH1 data: {"text": "\u8fd9", "revise_round": 1}
[2026-05-20 15:12:56] CH1 data: {"text": "\u8fb9", "revise_round": 1}
[2026-05-20 15:12:56] CH1 data: {"text": "\u8d76", "revise_round": 1}
[2026-05-20 15:12:56] CH1 data: {"text": "\u3002\n\n", "revise_round": 1}
[2026-05-20 15:12:56] CH1 data: {"text": "\u6a90", "revise_round": 1}
[2026-05-20 15:12:56] CH1 data: {"text": "\u4e0b", "revise_round": 1}
[2026-05-20 15:12:56] CH1 data: {"text": "\u90a3", "revise_round": 1}
[2026-05-20 15:12:56] CH1 data: {"text": "\u70b9", "revise_round": 1}
[2026-05-20 15:12:56] CH1 data: {"text": "\u706b", "revise_round": 1}
[2026-05-20 15:12:56] CH1 data: {"text": "\u5ffd", "revise_round": 1}
[2026-05-20 15:12:56] CH1 data: {"text": "\u5730", "revise_round": 1}
[2026-05-20 15:12:56] CH1 data: {"text": "\u4e00", "revise_round": 1}
[2026-05-20 15:12:56] CH1 data: {"text": "\u8df3", "revise_round": 1}
[2026-05-20 15:12:56] CH1 data: {"text": "\uff0c", "revise_round": 1}
[2026-05-20 15:12:56] CH1 data: {"text": "\u5c38", "revise_round": 1}
[2026-05-20 15:12:56] CH1 data: {"text": "\u8eab", "revise_round": 1}
[2026-05-20 15:12:56] CH1 data: {"text": "\u5782", "revise_round": 1}
[2026-05-20 15:12:56] CH1 data: {"text": "\u7740", "revise_round": 1}
[2026-05-20 15:12:56] CH1 data: {"text": "\u7684", "revise_round": 1}
[2026-05-20 15:12:56] CH1 data: {"text": "\u624b", "revise_round": 1}
[2026-05-20 15:12:56] CH1 data: {"text": "\u4ece", "revise_round": 1}
[2026-05-20 15:12:56] CH1 data: {"text": "\u6e7f", "revise_round": 1}
[2026-05-20 15:12:56] CH1 data: {"text": "\u8896", "revise_round": 1}
[2026-05-20 15:12:56] CH1 data: {"text": "\u8fb9", "revise_round": 1}
[2026-05-20 15:12:56] CH1 data: {"text": "\u7f18", "revise_round": 1}
[2026-05-20 15:12:56] CH1 data: {"text": "\u9732", "revise_round": 1}
[2026-05-20 15:12:56] CH1 data: {"text": "\u51fa", "revise_round": 1}
[2026-05-20 15:12:57] CH1 data: {"text": "\u534a", "revise_round": 1}
[2026-05-20 15:12:57] CH1 data: {"text": "\u5bf8", "revise_round": 1}
[2026-05-20 15:12:57] CH1 data: {"text": "\u3002", "revise_round": 1}
[2026-05-20 15:12:57] CH1 data: {"text": "\u638c", "revise_round": 1}
[2026-05-20 15:12:57] CH1 data: {"text": "\u7f18", "revise_round": 1}
[2026-05-20 15:12:57] CH1 data: {"text": "\u6cbe", "revise_round": 1}
[2026-05-20 15:12:57] CH1 data: {"text": "\u7740", "revise_round": 1}
[2026-05-20 15:12:57] CH1 data: {"text": "\u4e00", "revise_round": 1}
[2026-05-20 15:12:57] CH1 data: {"text": "\u7ebf", "revise_round": 1}
[2026-05-20 15:12:57] CH1 data: {"text": "\u7070", "revise_round": 1}
[2026-05-20 15:12:57] CH1 data: {"text": "\uff0c", "revise_round": 1}
[2026-05-20 15:12:57] CH1 data: {"text": "\u7ec6", "revise_round": 1}
[2026-05-20 15:12:57] CH1 data: {"text": "\u7ec6", "revise_round": 1}
[2026-05-20 15:12:57] CH1 data: {"text": "\u538b", "revise_round": 1}
[2026-05-20 15:12:57] CH1 data: {"text": "\u5728", "revise_round": 1}
[2026-05-20 15:12:57] CH1 data: {"text": "\u76ae", "revise_round": 1}
[2026-05-20 15:12:57] CH1 data: {"text": "\u8089", "revise_round": 1}
[2026-05-20 15:12:57] CH1 data: {"text": "\u4e0a", "revise_round": 1}
[2026-05-20 15:12:57] CH1 data: {"text": "\uff0c\u88ab", "revise_round": 1}
[2026-05-20 15:12:57] CH1 data: {"text": "\u706f", "revise_round": 1}
[2026-05-20 15:12:57] CH1 data: {"text": "\u5149", "revise_round": 1}
[2026-05-20 15:12:57] CH1 data: {"text": "\u7167", "revise_round": 1}
[2026-05-20 15:12:57] CH1 data: {"text": "\u5f97", "revise_round": 1}
[2026-05-20 15:12:57] CH1 data: {"text": "\u5206", "revise_round": 1}
[2026-05-20 15:12:57] CH1 data: {"text": "\u5916", "revise_round": 1}
[2026-05-20 15:12:57] CH1 data: {"text": "\u624e", "revise_round": 1}
[2026-05-20 15:12:57] CH1 data: {"text": "\u773c", "revise_round": 1}
[2026-05-20 15:12:57] CH1 data: {"text": "\u3002", "revise_round": 1}
[2026-05-20 15:12:57] CH1 data: {"text": "\n\n", "revise_round": 1}
[2026-05-20 15:14:54] CH1 data: {"text": "\u5e94", "revise_round": 1}
[2026-05-20 15:14:54] CH1 data: {"text": "\u54e8", "revise_round": 1}
[2026-05-20 15:14:54] CH1 data: {"text": "\u4ece", "revise_round": 1}
[2026-05-20 15:14:54] CH1 data: {"text": "\u659c", "revise_round": 1}
[2026-05-20 15:14:54] CH1 data: {"text": "\u8857", "revise_round": 1}
[2026-05-20 15:14:54] CH1 data: {"text": "\u6298", "revise_round": 1}
[2026-05-20 15:14:54] CH1 data: {"text": "\u56de", "revise_round": 1}
[2026-05-20 15:14:54] CH1 data: {"text": "\u7b2c\u4e8c", "revise_round": 1}
[2026-05-20 15:14:54] CH1 data: {"text": "\u6b21", "revise_round": 1}
[2026-05-20 15:14:54] CH1 data: {"text": "\u65f6", "revise_round": 1}
[2026-05-20 15:14:54] CH1 data: {"text": "\uff0c", "revise_round": 1}
[2026-05-20 15:14:54] CH1 data: {"text": "\u4e24\u4e2a", "revise_round": 1}
[2026-05-20 15:14:54] CH1 data: {"text": "\u9ed1", "revise_round": 1}
[2026-05-20 15:14:54] CH1 data: {"text": "\u5f71", "revise_round": 1}
[2026-05-20 15:14:54] CH1 data: {"text": "\u624d", "revise_round": 1}
[2026-05-20 15:14:54] CH1 data: {"text": "\u8e29", "revise_round": 1}
[2026-05-20 15:14:54] CH1 data: {"text": "\u5f00", "revise_round": 1}
[2026-05-20 15:14:54] CH1 data: {"text": "\u6c34", "revise_round": 1}
[2026-05-20 15:14:54] CH1 data: {"text": "\u82b1", "revise_round": 1}
[2026-05-20 15:14:54] CH1 data: {"text": "\u62d0", "revise_round": 1}
[2026-05-20 15:14:54] CH1 data: {"text": "\u8fdb", "revise_round": 1}
[2026-05-20 15:14:54] CH1 data: {"text": "\u5df7", "revise_round": 1}
[2026-05-20 15:14:54] CH1 data: {"text": "\u6765", "revise_round": 1}
[2026-05-20 15:14:54] CH1 data: {"text": "\u3002", "revise_round": 1}
[2026-05-20 15:14:54] CH1 data: {"text": "\u524d", "revise_round": 1}
[2026-05-20 15:14:54] CH1 data: {"text": "\u5934", "revise_round": 1}
[2026-05-20 15:14:54] CH1 data: {"text": "\u7684", "revise_round": 1}
[2026-05-20 15:14:54] CH1 data: {"text": "\u5e74\u8f7b", "revise_round": 1}
[2026-05-20 15:14:54] CH1 data: {"text": "\u5de1", "revise_round": 1}
[2026-05-20 15:14:54] CH1 data: {"text": "\u5352", "revise_round": 1}
[2026-05-20 15:14:54] CH1 data: {"text": "\u8fd8", "revise_round": 1}
[2026-05-20 15:14:54] CH1 data: {"text": "\u5728", "revise_round": 1}
[2026-05-20 15:14:54] CH1 data: {"text": "\u5598", "revise_round": 1}
[2026-05-20 15:14:54] CH1 data: {"text": "\uff0c", "revise_round": 1}
[2026-05-20 15:14:54] CH1 data: {"text": "\u540e", "revise_round": 1}
[2026-05-20 15:14:54] CH1 data: {"text": "\u5934", "revise_round": 1}
[2026-05-20 15:14:54] CH1 data: {"text": "\u5e74", "revise_round": 1}
[2026-05-20 15:14:54] CH1 data: {"text": "\u957f", "revise_round": 1}
[2026-05-20 15:14:54] CH1 data: {"text": "\u4e9b", "revise_round": 1}
[2026-05-20 15:14:54] CH1 data: {"text": "\uff0c", "revise_round": 1}
[2026-05-20 15:14:54] CH1 data: {"text": "\u5200", "revise_round": 1}
[2026-05-20 15:14:54] CH1 data: {"text": "\u628a", "revise_round": 1}
[2026-05-20 15:14:54] CH1 data: {"text": "\u538b", "revise_round": 1}
[2026-05-20 15:14:54] CH1 data: {"text": "\u5f97", "revise_round": 1}
[2026-05-20 15:14:54] CH1 data: {"text": "\u5f88", "revise_round": 1}
[2026-05-20 15:14:54] CH1 data: {"text": "\u4f4e", "revise_round": 1}
[2026-05-20 15:14:54] CH1 data: {"text": "\uff0c", "revise_round": 1}
[2026-05-20 15:14:54] CH1 data: {"text": "\u5148", "revise_round": 1}
[2026-05-20 15:14:54] CH1 data: {"text": "\u89c1", "revise_round": 1}
[2026-05-20 15:14:54] CH1 data: {"text": "\u706f", "revise_round": 1}
[2026-05-20 15:14:54] CH1 data: {"text": "\uff0c\u518d", "revise_round": 1}
[2026-05-20 15:14:54] CH1 data: {"text": "\u89c1", "revise_round": 1}
[2026-05-20 15:14:54] CH1 data: {"text": "\u6a90", "revise_round": 1}
[2026-05-20 15:14:54] CH1 data: {"text": "\u4e0b", "revise_round": 1}
[2026-05-20 15:14:54] CH1 data: {"text": "\u8dea", "revise_round": 1}
[2026-05-20 15:14:54] CH1 data: {"text": "\u7740", "revise_round": 1}
[2026-05-20 15:14:54] CH1 data: {"text": "\u7684\u4eba", "revise_round": 1}
[2026-05-20 15:14:54] CH1 data: {"text": "\uff0c", "revise_round": 1}
[2026-05-20 15:14:54] CH1 data: {"text": "\u811a", "revise_round": 1}
[2026-05-20 15:14:54] CH1 data: {"text": "\u5e95", "revise_round": 1}
[2026-05-20 15:14:54] CH1 data: {"text": "\u90fd", "revise_round": 1}
[2026-05-20 15:14:54] CH1 data: {"text": "\u6162", "revise_round": 1}
[2026-05-20 15:14:54] CH1 data: {"text": "\u4e86", "revise_round": 1}
[2026-05-20 15:14:54] CH1 data: {"text": "\u534a", "revise_round": 1}
[2026-05-20 15:14:54] CH1 data: {"text": "\u62cd", "revise_round": 1}
[2026-05-20 15:14:54] CH1 data: {"text": "\u3002\n\n", "revise_round": 1}
[2026-05-20 15:14:54] CH1 data: {"text": "\u201c", "revise_round": 1}
[2026-05-20 15:14:54] CH1 data: {"text": "\u90fd", "revise_round": 1}
[2026-05-20 15:14:54] CH1 data: {"text": "\u505c", "revise_round": 1}
[2026-05-20 15:14:54] CH1 data: {"text": "\u5728", "revise_round": 1}
[2026-05-20 15:14:54] CH1 data: {"text": "\u6ef4", "revise_round": 1}
[2026-05-20 15:14:54] CH1 data: {"text": "\u6c34", "revise_round": 1}
[2026-05-20 15:14:54] CH1 data: {"text": "\u7ebf", "revise_round": 1}
[2026-05-20 15:14:54] CH1 data: {"text": "\u5916", "revise_round": 1}
[2026-05-20 15:14:54] CH1 data: {"text": "\u3002\u201d", "revise_round": 1}
[2026-05-20 15:14:54] CH1 data: {"text": "\u6c88", "revise_round": 1}
[2026-05-20 15:14:54] CH1 data: {"text": "\u7167", "revise_round": 1}
[2026-05-20 15:14:54] CH1 data: {"text": "\u6ca1", "revise_round": 1}
[2026-05-20 15:14:54] CH1 data: {"text": "\u56de", "revise_round": 1}
[2026-05-20 15:14:54] CH1 data: {"text": "\u5934", "revise_round": 1}
[2026-05-20 15:14:54] CH1 data: {"text": "\uff0c\u201c", "revise_round": 1}
[2026-05-20 15:14:54] CH1 data: {"text": "\u4f60", "revise_round": 1}
[2026-05-20 15:14:54] CH1 data: {"text": "\u4eec", "revise_round": 1}
[2026-05-20 15:14:54] CH1 data: {"text": "\u4ece", "revise_round": 1}
[2026-05-20 15:14:54] CH1 data: {"text": "\u54ea", "revise_round": 1}
[2026-05-20 15:14:54] CH1 data: {"text": "\u8fb9", "revise_round": 1}
[2026-05-20 15:14:54] CH1 data: {"text": "\u8fdb", "revise_round": 1}
[2026-05-20 15:14:54] CH1 data: {"text": "\u7684", "revise_round": 1}
[2026-05-20 15:14:54] CH1 data: {"text": "\uff0c", "revise_round": 1}
[2026-05-20 15:14:54] CH1 data: {"text": "\u8bb0", "revise_round": 1}
[2026-05-20 15:14:54] CH1 data: {"text": "\u4f4f", "revise_round": 1}
[2026-05-20 15:14:54] CH1 data: {"text": "\u3002", "revise_round": 1}
[2026-05-20 15:14:54] CH1 data: {"text": "\u66f4", "revise_round": 1}
[2026-05-20 15:14:54] CH1 data: {"text": "\u592b", "revise_round": 1}
[2026-05-20 15:14:54] CH1 data: {"text": "\u4e5f", "revise_round": 1}
[2026-05-20 15:14:55] CH1 data: {"text": "\u522b", "revise_round": 1}
[2026-05-20 15:14:55] CH1 data: {"text": "\u632a", "revise_round": 1}
[2026-05-20 15:14:55] CH1 data: {"text": "\u7816", "revise_round": 1}
[2026-05-20 15:14:55] CH1 data: {"text": "\u3002\u201d\n\n", "revise_round": 1}
[2026-05-20 15:14:55] CH1 data: {"text": "\u8001", "revise_round": 1}
[2026-05-20 15:14:55] CH1 data: {"text": "\u66f4", "revise_round": 1}
[2026-05-20 15:14:55] CH1 data: {"text": "\u592b", "revise_round": 1}
[2026-05-20 15:14:55] CH1 data: {"text": "\u62b1", "revise_round": 1}
[2026-05-20 15:14:55] CH1 data: {"text": "\u7740", "revise_round": 1}
[2026-05-20 15:14:55] CH1 data: {"text": "\u6728", "revise_round": 1}
[2026-05-20 15:14:55] CH1 data: {"text": "\u6886", "revise_round": 1}
[2026-05-20 15:14:55] CH1 data: {"text": "\uff0c", "revise_round": 1}
[2026-05-20 15:14:55] CH1 data: {"text": "\u6307", "revise_round": 1}
[2026-05-20 15:14:55] CH1 data: {"text": "\u8282", "revise_round": 1}
[2026-05-20 15:14:55] CH1 data: {"text": "\u51bb", "revise_round": 1}
[2026-05-20 15:14:55] CH1 data: {"text": "\u5f97", "revise_round": 1}
[2026-05-20 15:14:55] CH1 data: {"text": "\u53d1", "revise_round": 1}
[2026-05-20 15:14:55] CH1 data: {"text": "\u786c", "revise_round": 1}
[2026-05-20 15:14:55] CH1 data: {"text": "\uff0c\u53ea", "revise_round": 1}
[2026-05-20 15:14:55] CH1 data: {"text": "\u4f1a", "revise_round": 1}
[2026-05-20 15:14:55] CH1 data: {"text": "\u70b9", "revise_round": 1}
[2026-05-20 15:14:55] CH1 data: {"text": "\u5934", "revise_round": 1}
[2026-05-20 15:14:55] CH1 data: {"text": "\u3002", "revise_round": 1}
[2026-05-20 15:14:55] CH1 data: {"text": "\u5e74\u8f7b", "revise_round": 1}
[2026-05-20 15:14:55] CH1 data: {"text": "\u5de1", "revise_round": 1}
[2026-05-20 15:14:55] CH1 data: {"text": "\u5352", "revise_round": 1}
[2026-05-20 15:14:55] CH1 data: {"text": "\u62b9", "revise_round": 1}
[2026-05-20 15:14:55] CH1 data: {"text": "\u4e86", "revise_round": 1}
[2026-05-20 15:14:55] CH1 data: {"text": "\u628a", "revise_round": 1}
[2026-05-20 15:14:55] CH1 data: {"text": "\u8138", "revise_round": 1}
[2026-05-20 15:14:55] CH1 data: {"text": "\uff1a\u201c", "revise_round": 1}
[2026-05-20 15:14:55] CH1 data: {"text": "\u6c88", "revise_round": 1}
[2026-05-20 15:14:55] CH1 data: {"text": "\u5934", "revise_round": 1}
[2026-05-20 15:14:55] CH1 data: {"text": "\uff0c", "revise_round": 1}
[2026-05-20 15:14:55] CH1 data: {"text": "\u54e8", "revise_round": 1}
[2026-05-20 15:14:55] CH1 data: {"text": "\u662f", "revise_round": 1}
[2026-05-20 15:14:55] CH1 data: {"text": "\u4f60", "revise_round": 1}
[2026-05-20 15:14:55] CH1 data: {"text": "\u5439", "revise_round": 1}
[2026-05-20 15:14:55] CH1 data: {"text": "\u7684", "revise_round": 1}
[2026-05-20 15:14:55] CH1 data: {"text": "\uff1f\u201d\n\n", "revise_round": 1}
[2026-05-20 15:14:55] CH1 data: {"text": "\u201c", "revise_round": 1}
[2026-05-20 15:14:55] CH1 data: {"text": "\u662f", "revise_round": 1}
[2026-05-20 15:14:55] CH1 data: {"text": "\u6211", "revise_round": 1}
[2026-05-20 15:14:55] CH1 data: {"text": "\u3002", "revise_round": 1}
[2026-05-20 15:14:55] CH1 data: {"text": "\u8fd1", "revise_round": 1}
[2026-05-20 15:14:55] CH1 data: {"text": "\u4e9b", "revise_round": 1}
[2026-05-20 15:14:55] CH1 data: {"text": "\u7ad9", "revise_round": 1}
[2026-05-20 15:14:55] CH1 data: {"text": "\uff0c", "revise_round": 1}
[2026-05-20 15:14:55] CH1 data: {"text": "\u66ff", "revise_round": 1}
[2026-05-20 15:14:55] CH1 data: {"text": "\u6211", "revise_round": 1}
[2026-05-20 15:14:55] CH1 data: {"text": "\u770b", "revise_round": 1}
[2026-05-20 15:14:55] CH1 data: {"text": "\u624b", "revise_round": 1}
[2026-05-20 15:14:55] CH1 data: {"text": "\u3002\u201d", "revise_round": 1}
[2026-05-20 15:14:55] CH1 data: {"text": "\u6c88", "revise_round": 1}
[2026-05-20 15:14:55] CH1 data: {"text": "\u7167", "revise_round": 1}
[2026-05-20 15:14:55] CH1 data: {"text": "\u671d", "revise_round": 1}
[2026-05-20 15:14:55] CH1 data: {"text": "\u5c38", "revise_round": 1}
[2026-05-20 15:14:55] CH1 data: {"text": "\u8eab", "revise_round": 1}
[2026-05-20 15:14:55] CH1 data: {"text": "\u62ac", "revise_round": 1}
[2026-05-20 15:14:55] CH1 data: {"text": "\u4e86", "revise_round": 1}
[2026-05-20 15:14:55] CH1 data: {"text": "\u62ac", "revise_round": 1}
[2026-05-20 15:14:55] CH1 data: {"text": "\u4e0b", "revise_round": 1}
[2026-05-20 15:14:55] CH1 data: {"text": "\u5df4", "revise_round": 1}
[2026-05-20 15:14:55] CH1 data: {"text": "\uff0c\u201c", "revise_round": 1}
[2026-05-20 15:14:55] CH1 data: {"text": "\u5148", "revise_round": 1}
[2026-05-20 15:14:55] CH1 data: {"text": "\u7559", "revise_round": 1}
[2026-05-20 15:14:55] CH1 data: {"text": "\u89c1", "revise_round": 1}
[2026-05-20 15:14:55] CH1 data: {"text": "\u8bc1", "revise_round": 1}
[2026-05-20 15:14:56] CH1 data: {"text": "\uff0c\u518d", "revise_round": 1}
[2026-05-20 15:14:56] CH1 data: {"text": "\u53bb", "revise_round": 1}
[2026-05-20 15:14:56] CH1 data: {"text": "\u4f20", "revise_round": 1}
[2026-05-20 15:14:56] CH1 data: {"text": "\u8bdd", "revise_round": 1}
[2026-05-20 15:14:56] CH1 data: {"text": "\u3002\u201d\n\n", "revise_round": 1}
[2026-05-20 15:14:56] CH1 data: {"text": "\u96e8", "revise_round": 1}
[2026-05-20 15:14:56] CH1 data: {"text": "\u88ab", "revise_round": 1}
[2026-05-20 15:14:56] CH1 data: {"text": "\u98ce", "revise_round": 1}
[2026-05-20 15:14:56] CH1 data: {"text": "\u5377", "revise_round": 1}
[2026-05-20 15:14:56] CH1 data: {"text": "\u8fdb", "revise_round": 1}
[2026-05-20 15:14:56] CH1 data: {"text": "\u6a90", "revise_round": 1}
[2026-05-20 15:14:56] CH1 data: {"text": "\u4e0b", "revise_round": 1}
[2026-05-20 15:14:56] CH1 data: {"text": "\uff0c", "revise_round": 1}
[2026-05-20 15:14:56] CH1 data: {"text": "\u9b42", "revise_round": 1}
[2026-05-20 15:14:56] CH1 data: {"text": "\u706f", "revise_round": 1}
[2026-05-20 15:14:56] CH1 data: {"text": "\u7eb8", "revise_round": 1}
[2026-05-20 15:14:56] CH1 data: {"text": "\u7f69", "revise_round": 1}
[2026-05-20 15:14:56] CH1 data: {"text": "\u4e00", "revise_round": 1}
[2026-05-20 15:14:56] CH1 data: {"text": "\u9f13", "revise_round": 1}
[2026-05-20 15:14:56] CH1 data: {"text": "\u4e00", "revise_round": 1}
[2026-05-20 15:14:56] CH1 data: {"text": "\u762a", "revise_round": 1}
[2026-05-20 15:14:56] CH1 data: {"text": "\uff0c", "revise_round": 1}
[2026-05-20 15:14:56] CH1 data: {"text": "\u65f6", "revise_round": 1}
[2026-05-20 15:14:56] CH1 data: {"text": "\u4e0d", "revise_round": 1}
[2026-05-20 15:14:56] CH1 data: {"text": "\u65f6", "revise_round": 1}
[2026-05-20 15:14:56] CH1 data: {"text": "\u62cd", "revise_round": 1}
[2026-05-20 15:14:56] CH1 data: {"text": "\u5230", "revise_round": 1}
[2026-05-20 15:14:56] CH1 data: {"text": "\u7af9", "revise_round": 1}
[2026-05-20 15:14:56] CH1 data: {"text": "\u9aa8", "revise_round": 1}
[2026-05-20 15:14:56] CH1 data: {"text": "\u3002\n\n", "revise_round": 1}
[2026-05-20 15:14:56] CH1 data: {"text": "\u556a", "revise_round": 1}
[2026-05-20 15:14:56] CH1 data: {"text": "\u3002\n\n", "revise_round": 1}
[2026-05-20 15:14:56] CH1 data: {"text": "\u95e8", "revise_round": 1}
[2026-05-20 15:14:56] CH1 data: {"text": "\u69db", "revise_round": 1}
[2026-05-20 15:14:56] CH1 data: {"text": "\u91cc", "revise_round": 1}
[2026-05-20 15:14:56] CH1 data: {"text": "\u5012", "revise_round": 1}
[2026-05-20 15:14:56] CH1 data: {"text": "\u704c", "revise_round": 1}
[2026-05-20 15:14:56] CH1 data: {"text": "\u7684", "revise_round": 1}
[2026-05-20 15:14:56] CH1 data: {"text": "\u6c34", "revise_round": 1}
[2026-05-20 15:14:56] CH1 data: {"text": "\u6cbf", "revise_round": 1}
[2026-05-20 15:14:56] CH1 data: {"text": "\u7816", "revise_round": 1}
[2026-05-20 15:14:56] CH1 data: {"text": "\u7f1d", "revise_round": 1}
[2026-05-20 15:14:56] CH1 data: {"text": "\u6e17", "revise_round": 1}
[2026-05-20 15:14:56] CH1 data: {"text": "\u51fa\u6765", "revise_round": 1}
[2026-05-20 15:14:56] CH1 data: {"text": "\uff0c", "revise_round": 1}
[2026-05-20 15:14:56] CH1 data: {"text": "\u6d6e", "revise_round": 1}
[2026-05-20 15:14:56] CH1 data: {"text": "\u7740", "revise_round": 1}
[2026-05-20 15:14:56] CH1 data: {"text": "\u7ec6", "revise_round": 1}
[2026-05-20 15:14:56] CH1 data: {"text": "\u8584", "revise_round": 1}
[2026-05-20 15:14:56] CH1 data: {"text": "\u9ed1", "revise_round": 1}
[2026-05-20 15:14:56] CH1 data: {"text": "\u6cb9", "revise_round": 1}
[2026-05-20 15:14:56] CH1 data: {"text": "\uff0c", "revise_round": 1}
[2026-05-20 15:14:56] CH1 data: {"text": "\u987a", "revise_round": 1}
[2026-05-20 15:14:56] CH1 data: {"text": "\u65e7", "revise_round": 1}
[2026-05-20 15:14:56] CH1 data: {"text": "\u6c9f", "revise_round": 1}
[2026-05-20 15:14:56] CH1 data: {"text": "\u5f80", "revise_round": 1}
[2026-05-20 15:14:56] CH1 data: {"text": "\u5df7", "revise_round": 1}
[2026-05-20 15:14:56] CH1 data: {"text": "\u53e3", "revise_round": 1}
[2026-05-20 15:14:56] CH1 data: {"text": "\u8d70", "revise_round": 1}
[2026-05-20 15:14:56] CH1 data: {"text": "\uff0c", "revise_round": 1}
[2026-05-20 15:14:56] CH1 data: {"text": "\u56de", "revise_round": 1}
[2026-05-20 15:14:56] CH1 data: {"text": "\u4e00", "revise_round": 1}
[2026-05-20 15:14:56] CH1 data: {"text": "\u58f0", "revise_round": 1}
[2026-05-20 15:14:56] CH1 data: {"text": "\u7a7a", "revise_round": 1}
[2026-05-20 15:14:56] CH1 data: {"text": "\u55e1", "revise_round": 1}
[2026-05-20 15:14:57] CH1 data: {"text": "\u3002", "revise_round": 1}
[2026-05-20 15:14:57] CH1 data: {"text": "\u66f4", "revise_round": 1}
[2026-05-20 15:14:57] CH1 data: {"text": "\u592b", "revise_round": 1}
[2026-05-20 15:14:57] CH1 data: {"text": "\u65b9", "revise_round": 1}
[2026-05-20 15:14:57] CH1 data: {"text": "\u624d", "revise_round": 1}
[2026-05-20 15:14:57] CH1 data: {"text": "\u8bf4", "revise_round": 1}
[2026-05-20 15:14:57] CH1 data: {"text": "\u542c", "revise_round": 1}
[2026-05-20 15:14:57] CH1 data: {"text": "\u89c1", "revise_round": 1}
[2026-05-20 15:14:57] CH1 data: {"text": "\u5f02", "revise_round": 1}
[2026-05-20 15:14:57] CH1 data: {"text": "\u54cd", "revise_round": 1}
[2026-05-20 15:14:57] CH1 data: {"text": "\uff0c\u591a", "revise_round": 1}
[2026-05-20 15:14:57] CH1 data: {"text": "\u534a", "revise_round": 1}
[2026-05-20 15:14:57] CH1 data: {"text": "\u5c31\u662f", "revise_round": 1}
[2026-05-20 15:14:57] CH1 data: {"text": "\u8fd9\u4e2a", "revise_round": 1}
[2026-05-20 15:14:57] CH1 data: {"text": "\u3002\n\n", "revise_round": 1}
[2026-05-20 15:14:57] CH1 data: {"text": "\u6c88", "revise_round": 1}
[2026-05-20 15:14:57] CH1 data: {"text": "\u7167", "revise_round": 1}
[2026-05-20 15:14:57] CH1 data: {"text": "\u628a", "revise_round": 1}
[2026-05-20 15:14:57] CH1 data: {"text": "\u5200", "revise_round": 1}
[2026-05-20 15:14:57] CH1 data: {"text": "\u62bd", "revise_round": 1}
[2026-05-20 15:14:57] CH1 data: {"text": "\u5f00", "revise_round": 1}
[2026-05-20 15:14:57] CH1 data: {"text": "\u534a", "revise_round": 1}
[2026-05-20 15:14:57] CH1 data: {"text": "\u5bf8", "revise_round": 1}
[2026-05-20 15:14:57] CH1 data: {"text": "\uff0c\u53c8", "revise_round": 1}
[2026-05-20 15:14:57] CH1 data: {"text": "\u63a8", "revise_round": 1}
[2026-05-20 15:14:57] CH1 data: {"text": "\u56de", "revise_round": 1}
[2026-05-20 15:14:57] CH1 data: {"text": "\u53bb", "revise_round": 1}
[2026-05-20 15:14:57] CH1 data: {"text": "\uff0c\u53ea", "revise_round": 1}
[2026-05-20 15:14:57] CH1 data: {"text": "\u7559", "revise_round": 1}
[2026-05-20 15:14:57] CH1 data: {"text": "\u5200", "revise_round": 1}
[2026-05-20 15:14:57] CH1 data: {"text": "\u9798", "revise_round": 1}
[2026-05-20 15:14:57] CH1 data: {"text": "\u5728", "revise_round": 1}
[2026-05-20 15:14:57] CH1 data: {"text": "\u624b", "revise_round": 1}
[2026-05-20 15:14:57] CH1 data: {"text": "\u3002", "revise_round": 1}
[2026-05-20 15:14:57] CH1 data: {"text": "\u5de6", "revise_round": 1}
[2026-05-20 15:14:57] CH1 data: {"text": "\u8896", "revise_round": 1}
[2026-05-20 15:14:57] CH1 data: {"text": "\u5185", "revise_round": 1}
[2026-05-20 15:14:57] CH1 data: {"text": "\u91cc", "revise_round": 1}
[2026-05-20 15:14:57] CH1 data: {"text": "\u6495", "revise_round": 1}
[2026-05-20 15:14:57] CH1 data: {"text": "\u4e0b\u4e00", "revise_round": 1}
[2026-05-20 15:14:57] CH1 data: {"text": "\u6761", "revise_round": 1}
[2026-05-20 15:14:57] CH1 data: {"text": "\u5e03", "revise_round": 1}
[2026-05-20 15:14:57] CH1 data: {"text": "\uff0c", "revise_round": 1}
[2026-05-20 15:14:57] CH1 data: {"text": "\u7f20", "revise_round": 1}
[2026-05-20 15:14:57] CH1 data: {"text": "\u4f4f", "revise_round": 1}
[2026-05-20 15:14:57] CH1 data: {"text": "\u4e4c", "revise_round": 1}
[2026-05-20 15:14:57] CH1 data: {"text": "\u6728", "revise_round": 1}
[2026-05-20 15:14:57] CH1 data: {"text": "\u9798", "revise_round": 1}
[2026-05-20 15:14:57] CH1 data: {"text": "\u5934", "revise_round": 1}
[2026-05-20 15:14:57] CH1 data: {"text": "\u4e24", "revise_round": 1}
[2026-05-20 15:14:57] CH1 data: {"text": "\u5708", "revise_round": 1}
[2026-05-20 15:14:57] CH1 data: {"text": "\uff0c", "revise_round": 1}
[2026-05-20 15:14:57] CH1 data: {"text": "\u8e72", "revise_round": 1}
[2026-05-20 15:14:57] CH1 data: {"text": "\u5230", "revise_round": 1}
[2026-05-20 15:14:57] CH1 data: {"text": "\u6ef4", "revise_round": 1}
[2026-05-20 15:14:57] CH1 data: {"text": "\u6c34", "revise_round": 1}
[2026-05-20 15:14:57] CH1 data: {"text": "\u7ebf", "revise_round": 1}
[2026-05-20 15:14:57] CH1 data: {"text": "\u8fb9", "revise_round": 1}
[2026-05-20 15:14:57] CH1 data: {"text": "\uff1a\u201c", "revise_round": 1}
[2026-05-20 15:14:57] CH1 data: {"text": "\u770b", "revise_round": 1}
[2026-05-20 15:14:57] CH1 data: {"text": "\u6e05", "revise_round": 1}
[2026-05-20 15:14:57] CH1 data: {"text": "\u695a", "revise_round": 1}
[2026-05-20 15:14:57] CH1 data: {"text": "\u3002\u6211", "revise_round": 1}
[2026-05-20 15:14:57] CH1 data: {"text": "\u53ea", "revise_round": 1}
[2026-05-20 15:14:57] CH1 data: {"text": "\u7528", "revise_round": 1}
[2026-05-20 15:14:57] CH1 data: {"text": "\u9798", "revise_round": 1}
[2026-05-20 15:14:58] CH1 data: {"text": "\uff0c\u4e0d", "revise_round": 1}
[2026-05-20 15:14:58] CH1 data: {"text": "\u843d", "revise_round": 1}
[2026-05-20 15:14:58] CH1 data: {"text": "\u624b", "revise_round": 1}
[2026-05-20 15:14:58] CH1 data: {"text": "\u3002\u201d\n\n", "revise_round": 1}
[2026-05-20 15:14:58] CH1 data: {"text": "\u5e74", "revise_round": 1}
[2026-05-20 15:14:58] CH1 data: {"text": "\u957f", "revise_round": 1}
[2026-05-20 15:14:58] CH1 data: {"text": "\u5de1", "revise_round": 1}
[2026-05-20 15:14:58] CH1 data: {"text": "\u5352", "revise_round": 1}
[2026-05-20 15:14:58] CH1 data: {"text": "\u5e94", "revise_round": 1}
[2026-05-20 15:14:58] CH1 data: {"text": "\u4e86\u4e00", "revise_round": 1}
[2026-05-20 15:14:58] CH1 data: {"text": "\u58f0", "revise_round": 1}
[2026-05-20 15:14:58] CH1 data: {"text": "\uff0c\u4e0a", "revise_round": 1}
[2026-05-20 15:14:58] CH1 data: {"text": "\u524d", "revise_round": 1}
[2026-05-20 15:14:58] CH1 data: {"text": "\u534a", "revise_round": 1}
[2026-05-20 15:14:58] CH1 data: {"text": "\u6b65", "revise_round": 1}
[2026-05-20 15:14:58] CH1 data: {"text": "\uff1b", "revise_round": 1}
[2026-05-20 15:14:58] CH1 data: {"text": "\u66f4", "revise_round": 1}
[2026-05-20 15:14:58] CH1 data: {"text": "\u592b", "revise_round": 1}
[2026-05-20 15:14:58] CH1 data: {"text": "\u9694", "revise_round": 1}
[2026-05-20 15:14:58] CH1 data: {"text": "\u7740", "revise_round": 1}
[2026-05-20 15:14:58] CH1 data: {"text": "\u7ebf", "revise_round": 1}
[2026-05-20 15:14:58] CH1 data: {"text": "\u4f38", "revise_round": 1}
[2026-05-20 15:14:58] CH1 data: {"text": "\u957f", "revise_round": 1}
[2026-05-20 15:14:58] CH1 data: {"text": "\u8116", "revise_round": 1}
[2026-05-20 15:14:58] CH1 data: {"text": "\u5b50", "revise_round": 1}
[2026-05-20 15:14:58] CH1 data: {"text": "\uff0c", "revise_round": 1}
[2026-05-20 15:14:58] CH1 data: {"text": "\u8fde", "revise_round": 1}
[2026-05-20 15:14:58] CH1 data: {"text": "\u5598", "revise_round": 1}
[2026-05-20 15:14:58] CH1 data: {"text": "\u6c14", "revise_round": 1}
[2026-05-20 15:14:58] CH1 data: {"text": "\u90fd", "revise_round": 1}
[2026-05-20 15:14:58] CH1 data: {"text": "\u538b", "revise_round": 1}
[2026-05-20 15:14:58] CH1 data: {"text": "\u4f4f", "revise_round": 1}
[2026-05-20 15:14:58] CH1 data: {"text": "\u4e86", "revise_round": 1}
[2026-05-20 15:14:58] CH1 data: {"text": "\u3002\n\n", "revise_round": 1}
[2026-05-20 15:14:58] CH1 data: {"text": "\u5148", "revise_round": 1}
[2026-05-20 15:14:58] CH1 data: {"text": "\u770b", "revise_round": 1}
[2026-05-20 15:14:58] CH1 data: {"text": "\u540e", "revise_round": 1}
[2026-05-20 15:14:58] CH1 data: {"text": "\u9888", "revise_round": 1}
[2026-05-20 15:14:58] CH1 data: {"text": "\u3002", "revise_round": 1}
[2026-05-20 15:14:58] CH1 data: {"text": "\u9798", "revise_round": 1}
[2026-05-20 15:14:58] CH1 data: {"text": "\u5c16", "revise_round": 1}
[2026-05-20 15:14:58] CH1 data: {"text": "\u8f7b", "revise_round": 1}
[2026-05-20 15:14:58] CH1 data: {"text": "\u8f7b", "revise_round": 1}
[2026-05-20 15:14:58] CH1 data: {"text": "\u62e8", "revise_round": 1}
[2026-05-20 15:14:58] CH1 data: {"text": "\u5f00", "revise_round": 1}
[2026-05-20 15:14:58] CH1 data: {"text": "\u6e7f", "revise_round": 1}
[2026-05-20 15:14:58] CH1 data: {"text": "\u53d1", "revise_round": 1}
[2026-05-20 15:14:58] CH1 data: {"text": "\u548c", "revise_round": 1}
[2026-05-20 15:14:58] CH1 data: {"text": "\u9886", "revise_round": 1}
[2026-05-20 15:14:58] CH1 data: {"text": "\u89d2", "revise_round": 1}
[2026-05-20 15:14:58] CH1 data: {"text": "\uff0c", "revise_round": 1}
[2026-05-20 15:14:58] CH1 data: {"text": "\u706f", "revise_round": 1}
[2026-05-20 15:14:58] CH1 data: {"text": "\u4e0b", "revise_round": 1}
[2026-05-20 15:14:58] CH1 data: {"text": "\u9732", "revise_round": 1}
[2026-05-20 15:14:58] CH1 data: {"text": "\u51fa", "revise_round": 1}
[2026-05-20 15:14:58] CH1 data: {"text": "\u4e00", "revise_round": 1}
[2026-05-20 15:14:58] CH1 data: {"text": "\u5757", "revise_round": 1}
[2026-05-20 15:14:58] CH1 data: {"text": "\u53d1", "revise_round": 1}
[2026-05-20 15:14:58] CH1 data: {"text": "\u4e4c", "revise_round": 1}
[2026-05-20 15:14:58] CH1 data: {"text": "\u7684", "revise_round": 1}
[2026-05-20 15:14:58] CH1 data: {"text": "\u76ae", "revise_round": 1}
[2026-05-20 15:14:58] CH1 data: {"text": "\u8089", "revise_round": 1}
[2026-05-20 15:14:58] CH1 data: {"text": "\uff0c", "revise_round": 1}
[2026-05-20 15:14:58] CH1 data: {"text": "\u8fb9", "revise_round": 1}
[2026-05-20 15:14:58] CH1 data: {"text": "\u7f18", "revise_round": 1}
[2026-05-20 15:14:58] CH1 data: {"text": "\u95f7", "revise_round": 1}
[2026-05-20 15:14:58] CH1 data: {"text": "\u5e73", "revise_round": 1}
[2026-05-20 15:14:58] CH1 data: {"text": "\uff0c\u4e0d", "revise_round": 1}
[2026-05-20 15:14:58] CH1 data: {"text": "\u50cf", "revise_round": 1}
[2026-05-20 15:14:59] CH1 data: {"text": "\u722a", "revise_round": 1}
[2026-05-20 15:14:59] CH1 data: {"text": "\u75d5", "revise_round": 1}
[2026-05-20 15:14:59] CH1 data: {"text": "\uff0c\u4e5f", "revise_round": 1}
[2026-05-20 15:14:59] CH1 data: {"text": "\u4e0d\u50cf", "revise_round": 1}
[2026-05-20 15:14:59] CH1 data: {"text": "\u96e8", "revise_round": 1}
[2026-05-20 15:14:59] CH1 data: {"text": "\u91cc", "revise_round": 1}
[2026-05-20 15:14:59] CH1 data: {"text": "\u8e6d", "revise_round": 1}
[2026-05-20 15:14:59] CH1 data: {"text": "\u51fa\u7684", "revise_round": 1}
[2026-05-20 15:14:59] CH1 data: {"text": "\u4f24", "revise_round": 1}
[2026-05-20 15:14:59] CH1 data: {"text": "\u3002", "revise_round": 1}
[2026-05-20 15:14:59] CH1 data: {"text": "\u6c88", "revise_round": 1}
[2026-05-20 15:14:59] CH1 data: {"text": "\u7167", "revise_round": 1}
[2026-05-20 15:14:59] CH1 data: {"text": "\u53ea", "revise_round": 1}
[2026-05-20 15:14:59] CH1 data: {"text": "\u626b", "revise_round": 1}
[2026-05-20 15:14:59] CH1 data: {"text": "\u4e00", "revise_round": 1}
[2026-05-20 15:14:59] CH1 data: {"text": "\u773c", "revise_round": 1}
[2026-05-20 15:14:59] CH1 data: {"text": "\u4fbf", "revise_round": 1}
[2026-05-20 15:14:59] CH1 data: {"text": "\u6536", "revise_round": 1}
[2026-05-20 15:14:59] CH1 data: {"text": "\u56de", "revise_round": 1}
[2026-05-20 15:14:59] CH1 data: {"text": "\u5200", "revise_round": 1}
[2026-05-20 15:14:59] CH1 data: {"text": "\u9798", "revise_round": 1}
[2026-05-20 15:14:59] CH1 data: {"text": "\uff1a\u201c", "revise_round": 1}
[2026-05-20 15:14:59] CH1 data: {"text": "\u9888", "revise_round": 1}
[2026-05-20 15:14:59] CH1 data: {"text": "\u540e", "revise_round": 1}
[2026-05-20 15:14:59] CH1 data: {"text": "\u6709", "revise_round": 1}
[2026-05-20 15:14:59] CH1 data: {"text": "\u4f24", "revise_round": 1}
[2026-05-20 15:14:59] CH1 data: {"text": "\u3002", "revise_round": 1}
[2026-05-20 15:14:59] CH1 data: {"text": "\u8bb0", "revise_round": 1}
[2026-05-20 15:14:59] CH1 data: {"text": "\u7740", "revise_round": 1}
[2026-05-20 15:14:59] CH1 data: {"text": "\u3002", "revise_round": 1}
[2026-05-20 15:14:59] CH1 data: {"text": "\u50cf", "revise_round": 1}
[2026-05-20 15:14:59] CH1 data: {"text": "\u949d", "revise_round": 1}
[2026-05-20 15:14:59] CH1 data: {"text": "\u53e3", "revise_round": 1}
[2026-05-20 15:14:59] CH1 data: {"text": "\u5403", "revise_round": 1}
[2026-05-20 15:14:59] CH1 data: {"text": "\u4e0a", "revise_round": 1}
[2026-05-20 15:14:59] CH1 data: {"text": "\u53bb", "revise_round": 1}
[2026-05-20 15:14:59] CH1 data: {"text": "\u7684", "revise_round": 1}
[2026-05-20 15:14:59] CH1 data: {"text": "\uff0c\u518d", "revise_round": 1}
[2026-05-20 15:14:59] CH1 data: {"text": "\u591a", "revise_round": 1}
[2026-05-20 15:14:59] CH1 data: {"text": "\u7684", "revise_round": 1}
[2026-05-20 15:14:59] CH1 data: {"text": "\uff0c", "revise_round": 1}
[2026-05-20 15:14:59] CH1 data: {"text": "\u5f97", "revise_round": 1}
[2026-05-20 15:15:00] CH1 data: {"text": "\u7b49", "revise_round": 1}
[2026-05-20 15:15:00] CH1 data: {"text": "\u4ef5", "revise_round": 1}
[2026-05-20 15:15:00] CH1 data: {"text": "\u4f5c", "revise_round": 1}
[2026-05-20 15:15:00] CH1 data: {"text": "\u6765", "revise_round": 1}
[2026-05-20 15:15:00] CH1 data: {"text": "\u9a8c", "revise_round": 1}
[2026-05-20 15:15:00] CH1 data: {"text": "\u3002\u201d\n\n", "revise_round": 1}
[2026-05-20 15:15:00] CH1 data: {"text": "\u5e74\u8f7b", "revise_round": 1}
[2026-05-20 15:15:00] CH1 data: {"text": "\u5de1", "revise_round": 1}
[2026-05-20 15:15:00] CH1 data: {"text": "\u5352", "revise_round": 1}
[2026-05-20 15:15:00] CH1 data: {"text": "\u5589", "revise_round": 1}
[2026-05-20 15:15:00] CH1 data: {"text": "\u7ed3", "revise_round": 1}
[2026-05-20 15:15:00] CH1 data: {"text": "\u6eda", "revise_round": 1}
[2026-05-20 15:15:00] CH1 data: {"text": "\u4e86\u4e00", "revise_round": 1}
[2026-05-20 15:15:00] CH1 data: {"text": "\u4e0b", "revise_round": 1}
[2026-05-20 15:15:00] CH1 data: {"text": "\uff1a\u201c", "revise_round": 1}
[2026-05-20 15:15:00] CH1 data: {"text": "\u4eba", "revise_round": 1}
[2026-05-20 15:15:00] CH1 data: {"text": "\u6253", "revise_round": 1}
[2026-05-20 15:15:00] CH1 data: {"text": "\u7684", "revise_round": 1}
[2026-05-20 15:15:00] CH1 data: {"text": "\uff1f\u201d\n\n", "revise_round": 1}
[2026-05-20 15:15:00] CH1 data: {"text": "\u201c", "revise_round": 1}
[2026-05-20 15:15:00] CH1 data: {"text": "\u53ea\u80fd", "revise_round": 1}
[2026-05-20 15:15:00] CH1 data: {"text": "\u8bf4", "revise_round": 1}
[2026-05-20 15:15:00] CH1 data: {"text": "\u50cf", "revise_round": 1}
[2026-05-20 15:15:00] CH1 data: {"text": "\u3002\u201d", "revise_round": 1}
[2026-05-20 15:15:00] CH1 data: {"text": "\u6c88", "revise_round": 1}
[2026-05-20 15:15:00] CH1 data: {"text": "\u7167", "revise_round": 1}
[2026-05-20 15:15:00] CH1 data: {"text": "\u9053", "revise_round": 1}
[2026-05-20 15:15:00] CH1 data: {"text": "\uff0c\u201c", "revise_round": 1}
[2026-05-20 15:15:00] CH1 data: {"text": "\u8fd8", "revise_round": 1}
[2026-05-20 15:15:00] CH1 data: {"text": "\u4e0d\u5230", "revise_round": 1}
[2026-05-20 15:15:00] CH1 data: {"text": "\u843d", "revise_round": 1}
[2026-05-20 15:15:00] CH1 data: {"text": "\u5b57", "revise_round": 1}
[2026-05-20 15:15:00] CH1 data: {"text": "\u7684\u65f6\u5019", "revise_round": 1}
[2026-05-20 15:15:00] CH1 data: {"text": "\u3002\u201d\n\n", "revise_round": 1}
[2026-05-20 15:15:00] CH1 data: {"text": "\u5200", "revise_round": 1}
[2026-05-20 15:15:00] CH1 data: {"text": "\u9798", "revise_round": 1}
[2026-05-20 15:15:00] CH1 data: {"text": "\u518d", "revise_round": 1}
[2026-05-20 15:15:00] CH1 data: {"text": "\u63a2", "revise_round": 1}
[2026-05-20 15:15:00] CH1 data: {"text": "\u51fa\u53bb", "revise_round": 1}
[2026-05-20 15:15:00] CH1 data: {"text": "\uff0c", "revise_round": 1}
[2026-05-20 15:15:00] CH1 data: {"text": "\u6258", "revise_round": 1}
[2026-05-20 15:15:00] CH1 data: {"text": "\u4f4f", "revise_round": 1}
[2026-05-20 15:15:00] CH1 data: {"text": "\u90a3", "revise_round": 1}
[2026-05-20 15:15:00] CH1 data: {"text": "\u53ea", "revise_round": 1}
[2026-05-20 15:15:00] CH1 data: {"text": "\u4ece", "revise_round": 1}
[2026-05-20 15:15:00] CH1 data: {"text": "\u6e7f", "revise_round": 1}
[2026-05-20 15:15:00] CH1 data: {"text": "\u8896", "revise_round": 1}
[2026-05-20 15:15:00] CH1 data: {"text": "\u8fb9", "revise_round": 1}
[2026-05-20 15:15:00] CH1 data: {"text": "\u5782", "revise_round": 1}
[2026-05-20 15:15:00] CH1 data: {"text": "\u4e0b", "revise_round": 1}
[2026-05-20 15:15:00] CH1 data: {"text": "\u6765\u7684", "revise_round": 1}
[2026-05-20 15:15:00] CH1 data: {"text": "\u624b", "revise_round": 1}
[2026-05-20 15:15:00] CH1 data: {"text": "\u3002", "revise_round": 1}
[2026-05-20 15:15:00] CH1 data: {"text": "\u5c38", "revise_round": 1}
[2026-05-20 15:15:00] CH1 data: {"text": "\u624b", "revise_round": 1}
[2026-05-20 15:15:00] CH1 data: {"text": "\u88ab", "revise_round": 1}
[2026-05-20 15:15:00] CH1 data: {"text": "\u96e8", "revise_round": 1}
[2026-05-20 15:15:00] CH1 data: {"text": "\u6c14", "revise_round": 1}
[2026-05-20 15:15:00] CH1 data: {"text": "\u6ce1", "revise_round": 1}
[2026-05-20 15:15:00] CH1 data: {"text": "\u5f97", "revise_round": 1}
[2026-05-20 15:15:00] CH1 data: {"text": "\u53d1", "revise_round": 1}
[2026-05-20 15:15:00] CH1 data: {"text": "\u80c0", "revise_round": 1}
[2026-05-20 15:15:00] CH1 data: {"text": "\uff0c", "revise_round": 1}
[2026-05-20 15:15:00] CH1 data: {"text": "\u6307", "revise_round": 1}
[2026-05-20 15:15:00] CH1 data: {"text": "\u8282", "revise_round": 1}
[2026-05-20 15:15:00] CH1 data: {"text": "\u5374", "revise_round": 1}
[2026-05-20 15:15:00] CH1 data: {"text": "\u50f5", "revise_round": 1}
[2026-05-20 15:15:00] CH1 data: {"text": "\uff0c", "revise_round": 1}
[2026-05-20 15:15:00] CH1 data: {"text": "\u50cf", "revise_round": 1}
[2026-05-20 15:15:00] CH1 data: {"text": "\u6263", "revise_round": 1}
[2026-05-20 15:15:01] CH1 data: {"text": "\u4f4f", "revise_round": 1}
[2026-05-20 15:15:01] CH1 data: {"text": "\u4e86", "revise_round": 1}
[2026-05-20 15:15:01] CH1 data: {"text": "\u4ec0\u4e48", "revise_round": 1}
[2026-05-20 15:15:01] CH1 data: {"text": "\u3002", "revise_round": 1}
[2026-05-20 15:15:01] CH1 data: {"text": "\u9798", "revise_round": 1}
[2026-05-20 15:15:01] CH1 data: {"text": "\u5934", "revise_round": 1}
[2026-05-20 15:15:01] CH1 data: {"text": "\u4e00\u70b9", "revise_round": 1}
[2026-05-20 15:15:01] CH1 data: {"text": "\u4e00\u70b9", "revise_round": 1}
[2026-05-20 15:15:01] CH1 data: {"text": "\u522b", "revise_round": 1}
[2026-05-20 15:15:01] CH1 data: {"text": "\u5f00", "revise_round": 1}
[2026-05-20 15:15:01] CH1 data: {"text": "\u56db", "revise_round": 1}
[2026-05-20 15:15:01] CH1 data: {"text": "\u6307", "revise_round": 1}
[2026-05-20 15:15:01] CH1 data: {"text": "\uff0c", "revise_round": 1}
[2026-05-20 15:15:01] CH1 data: {"text": "\u638c", "revise_round": 1}
[2026-05-20 15:15:01] CH1 data: {"text": "\u5fc3", "revise_round": 1}
[2026-05-20 15:15:01] CH1 data: {"text": "\u91cc", "revise_round": 1}
[2026-05-20 15:15:01] CH1 data: {"text": "\u90a3", "revise_round": 1}
[2026-05-20 15:15:01] CH1 data: {"text": "\u5c42", "revise_round": 1}
[2026-05-20 15:15:01] CH1 data: {"text": "\u7070", "revise_round": 1}
[2026-05-20 15:15:01] CH1 data: {"text": "\u7ec8\u4e8e", "revise_round": 1}
[2026-05-20 15:15:01] CH1 data: {"text": "\u9732", "revise_round": 1}
[2026-05-20 15:15:01] CH1 data: {"text": "\u5168", "revise_round": 1}
[2026-05-20 15:15:01] CH1 data: {"text": "\u4e86", "revise_round": 1}
[2026-05-20 15:15:01] CH1 data: {"text": "\u3002", "revise_round": 1}
[2026-05-20 15:15:01] CH1 data: {"text": "\u7070", "revise_round": 1}
[2026-05-20 15:15:01] CH1 data: {"text": "\u6ca1\u6709", "revise_round": 1}
[2026-05-20 15:15:01] CH1 data: {"text": "\u88ab", "revise_round": 1}
[2026-05-20 15:15:01] CH1 data: {"text": "\u96e8", "revise_round": 1}
[2026-05-20 15:15:01] CH1 data: {"text": "\u6d17", "revise_round": 1}
[2026-05-20 15:15:01] CH1 data: {"text": "\u6563", "revise_round": 1}
[2026-05-20 15:15:01] CH1 data: {"text": "\uff0c", "revise_round": 1}
[2026-05-20 15:15:01] CH1 data: {"text": "\u53cd", "revise_round": 1}
[2026-05-20 15:15:01] CH1 data: {"text": "\u5012", "revise_round": 1}
[2026-05-20 15:15:01] CH1 data: {"text": "\u5d4c", "revise_round": 1}
[2026-05-20 15:15:01] CH1 data: {"text": "\u5728", "revise_round": 1}
[2026-05-20 15:15:01] CH1 data: {"text": "\u638c", "revise_round": 1}
[2026-05-20 15:15:01] CH1 data: {"text": "\u7eb9", "revise_round": 1}
[2026-05-20 15:15:01] CH1 data: {"text": "\u91cc", "revise_round": 1}
[2026-05-20 15:15:01] CH1 data: {"text": "\uff0c\u4e2d", "revise_round": 1}
[2026-05-20 15:15:01] CH1 data: {"text": "\u95f4", "revise_round": 1}
[2026-05-20 15:15:01] CH1 data: {"text": "\u538b", "revise_round": 1}
[2026-05-20 15:15:01] CH1 data: {"text": "\u51fa", "revise_round": 1}
[2026-05-20 15:15:01] CH1 data: {"text": "\u4e00\u9053", "revise_round": 1}
[2026-05-20 15:15:01] CH1 data: {"text": "\u7ec6", "revise_round": 1}
[2026-05-20 15:15:01] CH1 data: {"text": "\u7ec6", "revise_round": 1}
[2026-05-20 15:15:01] CH1 data: {"text": "\u7684", "revise_round": 1}
[2026-05-20 15:15:01] CH1 data: {"text": "\u6298", "revise_round": 1}
[2026-05-20 15:15:01] CH1 data: {"text": "\u7eb9", "revise_round": 1}
[2026-05-20 15:15:01] CH1 data: {"text": "\uff0c", "revise_round": 1}
[2026-05-20 15:15:01] CH1 data: {"text": "\u50cf", "revise_round": 1}
[2026-05-20 15:15:01] CH1 data: {"text": "\u628a", "revise_round": 1}
[2026-05-20 15:15:01] CH1 data: {"text": "\u5c06", "revise_round": 1}
[2026-05-20 15:15:01] CH1 data: {"text": "\u7184", "revise_round": 1}
[2026-05-20 15:15:01] CH1 data: {"text": "\u7684", "revise_round": 1}
[2026-05-20 15:15:01] CH1 data: {"text": "\u706b", "revise_round": 1}
[2026-05-20 15:15:01] CH1 data: {"text": "\u53c8", "revise_round": 1}
[2026-05-20 15:15:01] CH1 data: {"text": "\u6298", "revise_round": 1}
[2026-05-20 15:15:01] CH1 data: {"text": "\u56de", "revise_round": 1}
[2026-05-20 15:15:01] CH1 data: {"text": "\u706f", "revise_round": 1}
[2026-05-20 15:15:02] CH1 data: {"text": "\u8179", "revise_round": 1}
[2026-05-20 15:15:02] CH1 data: {"text": "\u3002\n\n", "revise_round": 1}
[2026-05-20 15:15:02] CH1 data: {"text": "\u6c88", "revise_round": 1}
[2026-05-20 15:15:02] CH1 data: {"text": "\u7167", "revise_round": 1}
[2026-05-20 15:15:02] CH1 data: {"text": "\u6307", "revise_round": 1}
[2026-05-20 15:15:02] CH1 data: {"text": "\u9aa8", "revise_round": 1}
[2026-05-20 15:15:02] CH1 data: {"text": "\u4e00", "revise_round": 1}
[2026-05-20 15:15:02] CH1 data: {"text": "\u7d27", "revise_round": 1}
[2026-05-20 15:15:02] CH1 data: {"text": "\u3002\n\n", "revise_round": 1}
[2026-05-20 15:15:02] CH1 data: {"text": "\u56de", "revise_round": 1}
[2026-05-20 15:15:02] CH1 data: {"text": "\u7167", "revise_round": 1}
[2026-05-20 15:15:02] CH1 data: {"text": "\u5370", "revise_round": 1}
[2026-05-20 15:15:02] CH1 data: {"text": "\u3002\n\n", "revise_round": 1}
[2026-05-20 15:15:02] CH1 data: {"text": "\u8fd9\u662f", "revise_round": 1}
[2026-05-20 15:15:02] CH1 data: {"text": "\u65e7", "revise_round": 1}
[2026-05-20 15:15:02] CH1 data: {"text": "\u706f", "revise_round": 1}
[2026-05-20 15:15:02] CH1 data: {"text": "\u94fa", "revise_round": 1}
[2026-05-20 15:15:02] CH1 data: {"text": "\u5c01", "revise_round": 1}
[2026-05-20 15:15:02] CH1 data: {"text": "\u706f", "revise_round": 1}
[2026-05-20 15:15:02] CH1 data: {"text": "\u6536", "revise_round": 1}
[2026-05-20 15:15:02] CH1 data: {"text": "\u4f59", "revise_round": 1}
[2026-05-20 15:15:02] CH1 data: {"text": "\u706b", "revise_round": 1}
[2026-05-20 15:15:02] CH1 data: {"text": "\u65f6", "revise_round": 1}
[2026-05-20 15:15:02] CH1 data: {"text": "\u538b", "revise_round": 1}
[2026-05-20 15:15:02] CH1 data: {"text": "\u5728", "revise_round": 1}
[2026-05-20 15:15:02] CH1 data: {"text": "\u7070", "revise_round": 1}
[2026-05-20 15:15:02] CH1 data: {"text": "\u76d8", "revise_round": 1}
[2026-05-20 15:15:02] CH1 data: {"text": "\u91cc\u7684", "revise_round": 1}
[2026-05-20 15:15:02] CH1 data: {"text": "\u8bb0", "revise_round": 1}
[2026-05-20 15:15:02] CH1 data: {"text": "\u53f7", "revise_round": 1}
[2026-05-20 15:15:02] CH1 data: {"text": "\uff0c\u53ea", "revise_round": 1}
[2026-05-20 15:15:02] CH1 data: {"text": "\u8be5", "revise_round": 1}
[2026-05-20 15:15:02] CH1 data: {"text": "\u8ba4", "revise_round": 1}
[2026-05-20 15:15:02] CH1 data: {"text": "\u6b8b", "revise_round": 1}
[2026-05-20 15:15:02] CH1 data: {"text": "\u706b", "revise_round": 1}
[2026-05-20 15:15:02] CH1 data: {"text": "\uff0c\u4e0d", "revise_round": 1}
[2026-05-20 15:15:02] CH1 data: {"text": "\u8be5", "revise_round": 1}
[2026-05-20 15:15:02] CH1 data: {"text": "\u7167", "revise_round": 1}
[2026-05-20 15:15:02] CH1 data: {"text": "\u6d3b", "revise_round": 1}
[2026-05-20 15:15:02] CH1 data: {"text": "\u4eba", "revise_round": 1}
[2026-05-20 15:15:02] CH1 data: {"text": "\u8def", "revise_round": 1}
[2026-05-20 15:15:02] CH1 data: {"text": "\u3002", "revise_round": 1}
[2026-05-20 15:15:02] CH1 data: {"text": "\u5b83", "revise_round": 1}
[2026-05-20 15:15:02] CH1 data: {"text": "\u8be5", "revise_round": 1}
[2026-05-20 15:15:02] CH1 data: {"text": "\u7559", "revise_round": 1}
[2026-05-20 15:15:02] CH1 data: {"text": "\u5728", "revise_round": 1}
[2026-05-20 15:15:02] CH1 data: {"text": "\u706f", "revise_round": 1}
[2026-05-20 15:15:02] CH1 data: {"text": "\u5e95", "revise_round": 1}
[2026-05-20 15:15:02] CH1 data: {"text": "\uff0c\u4e0d", "revise_round": 1}
[2026-05-20 15:15:02] CH1 data: {"text": "\u8be5", "revise_round": 1}
[2026-05-20 15:15:03] CH1 data: {"text": "\u5370", "revise_round": 1}
[2026-05-20 15:15:03] CH1 data: {"text": "\u5728", "revise_round": 1}
[2026-05-20 15:15:03] CH1 data: {"text": "\u6b7b\u4eba", "revise_round": 1}
[2026-05-20 15:15:03] CH1 data: {"text": "\u638c", "revise_round": 1}
[2026-05-20 15:15:03] CH1 data: {"text": "\u5fc3", "revise_round": 1}
[2026-05-20 15:15:03] CH1 data: {"text": "\uff0c\u66f4", "revise_round": 1}
[2026-05-20 15:15:03] CH1 data: {"text": "\u4e0d", "revise_round": 1}
[2026-05-20 15:15:03] CH1 data: {"text": "\u8be5", "revise_round": 1}
[2026-05-20 15:15:03] CH1 data: {"text": "\u6328", "revise_round": 1}
[2026-05-20 15:15:03] CH1 data: {"text": "\u7740", "revise_round": 1}
[2026-05-20 15:15:03] CH1 data: {"text": "\u4e00", "revise_round": 1}
[2026-05-20 15:15:03] CH1 data: {"text": "\u76cf", "revise_round": 1}
[2026-05-20 15:15:03] CH1 data: {"text": "\u591c", "revise_round": 1}
[2026-05-20 15:15:03] CH1 data: {"text": "\u91cc", "revise_round": 1}
[2026-05-20 15:15:03] CH1 data: {"text": "\u7eed", "revise_round": 1}
[2026-05-20 15:15:03] CH1 data: {"text": "\u7740", "revise_round": 1}
[2026-05-20 15:15:03] CH1 data: {"text": "\u706b", "revise_round": 1}
[2026-05-20 15:15:03] CH1 data: {"text": "\u7684", "revise_round": 1}
[2026-05-20 15:15:03] CH1 data: {"text": "\u9b42", "revise_round": 1}
[2026-05-20 15:15:03] CH1 data: {"text": "\u706f", "revise_round": 1}
[2026-05-20 15:15:03] CH1 data: {"text": "\u3002\n\n", "revise_round": 1}
[2026-05-20 15:15:03] CH1 data: {"text": "\u53ef", "revise_round": 1}
[2026-05-20 15:15:03] CH1 data: {"text": "\u8ba4", "revise_round": 1}
[2026-05-20 15:15:03] CH1 data: {"text": "\u51fa\u6765", "revise_round": 1}
[2026-05-20 15:15:03] CH1 data: {"text": "\uff0c\u4e5f", "revise_round": 1}
[2026-05-20 15:15:03] CH1 data: {"text": "\u53ea\u80fd", "revise_round": 1}
[2026-05-20 15:15:03] CH1 data: {"text": "\u8ba4", "revise_round": 1}
[2026-05-20 15:15:03] CH1 data: {"text": "\u5728", "revise_round": 1}
[2026-05-20 15:15:03] CH1 data: {"text": "\u5fc3", "revise_round": 1}
[2026-05-20 15:15:03] CH1 data: {"text": "\u91cc", "revise_round": 1}
[2026-05-20 15:15:03] CH1 data: {"text": "\u3002\n\n", "revise_round": 1}
[2026-05-20 15:15:03] CH1 data: {"text": "\u5355", "revise_round": 1}
[2026-05-20 15:15:03] CH1 data: {"text": "\u51ed", "revise_round": 1}
[2026-05-20 15:15:03] CH1 data: {"text": "\u8fd9\u4e00", "revise_round": 1}
[2026-05-20 15:15:03] CH1 data: {"text": "\u638c", "revise_round": 1}
[2026-05-20 15:15:03] CH1 data: {"text": "\u7070", "revise_round": 1}
[2026-05-20 15:15:03] CH1 data: {"text": "\uff0c\u53ea", "revise_round": 1}
[2026-05-20 15:15:03] CH1 data: {"text": "\u80fd", "revise_round": 1}
[2026-05-20 15:15:03] CH1 data: {"text": "\u8bf4", "revise_round": 1}
[2026-05-20 15:15:03] CH1 data: {"text": "\u6b7b", "revise_round": 1}
[2026-05-20 15:15:03] CH1 data: {"text": "\u8005", "revise_round": 1}
[2026-05-20 15:15:03] CH1 data: {"text": "\u6216", "revise_round": 1}
[2026-05-20 15:15:03] CH1 data: {"text": "\u6446", "revise_round": 1}
[2026-05-20 15:15:03] CH1 data: {"text": "\u5c38", "revise_round": 1}
[2026-05-20 15:15:03] CH1 data: {"text": "\u7684\u4eba", "revise_round": 1}
[2026-05-20 15:15:03] CH1 data: {"text": "\u78b0", "revise_round": 1}
[2026-05-20 15:15:03] CH1 data: {"text": "\u8fc7", "revise_round": 1}
[2026-05-20 15:15:03] CH1 data: {"text": "\u706f", "revise_round": 1}
[2026-05-20 15:15:03] CH1 data: {"text": "\u6cd5", "revise_round": 1}
[2026-05-20 15:15:03] CH1 data: {"text": "\uff1b", "revise_round": 1}
[2026-05-20 15:15:03] CH1 data: {"text": "\u57ce", "revise_round": 1}
[2026-05-20 15:15:04] CH1 data: {"text": "\u91cc", "revise_round": 1}
[2026-05-20 15:15:04] CH1 data: {"text": "\u82e5", "revise_round": 1}
[2026-05-20 15:15:04] CH1 data: {"text": "\u6709\u4eba", "revise_round": 1}
[2026-05-20 15:15:04] CH1 data: {"text": "\u89c1", "revise_round": 1}
[2026-05-20 15:15:04] CH1 data: {"text": "\u8fc7", "revise_round": 1}
[2026-05-20 15:15:04] CH1 data: {"text": "\u65e7", "revise_round": 1}
[2026-05-20 15:15:04] CH1 data: {"text": "\u5370", "revise_round": 1}
[2026-05-20 15:15:04] CH1 data: {"text": "\u6837", "revise_round": 1}
[2026-05-20 15:15:04] CH1 data: {"text": "\u5b50", "revise_round": 1}
[2026-05-20 15:15:04] CH1 data: {"text": "\uff0c", "revise_round": 1}
[2026-05-20 15:15:04] CH1 data: {"text": "\u7167", "revise_round": 1}
[2026-05-20 15:15:04] CH1 data: {"text": "\u7740", "revise_round": 1}
[2026-05-20 15:15:04] CH1 data: {"text": "\u63cf", "revise_round": 1}
[2026-05-20 15:15:04] CH1 data: {"text": "\uff0c\u4e5f", "revise_round": 1}
[2026-05-20 15:15:04] CH1 data: {"text": "\u80fd", "revise_round": 1}
[2026-05-20 15:15:04] CH1 data: {"text": "\u63cf", "revise_round": 1}
[2026-05-20 15:15:04] CH1 data: {"text": "\u4e2a", "revise_round": 1}
[2026-05-20 15:15:04] CH1 data: {"text": "\u4e03", "revise_round": 1}
[2026-05-20 15:15:04] CH1 data: {"text": "\u516b", "revise_round": 1}
[2026-05-20 15:15:04] CH1 data: {"text": "\u5206", "revise_round": 1}
[2026-05-20 15:15:04] CH1 data: {"text": "\u3002", "revise_round": 1}
[2026-05-20 15:15:04] CH1 data: {"text": "\u6ca1\u6709", "revise_round": 1}
[2026-05-20 15:15:04] CH1 data: {"text": "\u7070", "revise_round": 1}
[2026-05-20 15:15:04] CH1 data: {"text": "\u6e90", "revise_round": 1}
[2026-05-20 15:15:04] CH1 data: {"text": "\uff0c\u6ca1\u6709", "revise_round": 1}
[2026-05-20 15:15:04] CH1 data: {"text": "\u7528", "revise_round": 1}
[2026-05-20 15:15:04] CH1 data: {"text": "\u5370", "revise_round": 1}
[2026-05-20 15:15:04] CH1 data: {"text": "\u8bb0", "revise_round": 1}
[2026-05-20 15:15:04] CH1 data: {"text": "\u518c", "revise_round": 1}
[2026-05-20 15:15:04] CH1 data: {"text": "\uff0c\u6ca1\u6709", "revise_round": 1}
[2026-05-20 15:15:04] CH1 data: {"text": "\u4eba", "revise_round": 1}
[2026-05-20 15:15:04] CH1 data: {"text": "\u8bc1", "revise_round": 1}
[2026-05-20 15:15:04] CH1 data: {"text": "\uff0c\u8fd9", "revise_round": 1}
[2026-05-20 15:15:04] CH1 data: {"text": "\u56db", "revise_round": 1}
[2026-05-20 15:15:04] CH1 data: {"text": "\u4e2a", "revise_round": 1}
[2026-05-20 15:15:04] CH1 data: {"text": "\u5b57", "revise_round": 1}
[2026-05-20 15:15:04] CH1 data: {"text": "\u4e00", "revise_round": 1}
[2026-05-20 15:15:05] CH1 data: {"text": "\u51fa\u53e3", "revise_round": 1}
[2026-05-20 15:15:05] CH1 data: {"text": "\uff0c", "revise_round": 1}
[2026-05-20 15:15:05] CH1 data: {"text": "\u5148", "revise_round": 1}
[2026-05-20 15:15:05] CH1 data: {"text": "\u7f20", "revise_round": 1}
[2026-05-20 15:15:05] CH1 data: {"text": "\u4e0a\u7684", "revise_round": 1}
[2026-05-20 15:15:05] CH1 data: {"text": "\u53ea", "revise_round": 1}
[2026-05-20 15:15:05] CH1 data: {"text": "\u4f1a", "revise_round": 1}
[2026-05-20 15:15:05] CH1 data: {"text": "\u662f", "revise_round": 1}
[2026-05-20 15:15:05] CH1 data: {"text": "\u4ed6", "revise_round": 1}
[2026-05-20 15:15:05] CH1 data: {"text": "\u81ea\u5df1", "revise_round": 1}
[2026-05-20 15:15:05] CH1 data: {"text": "\u3002\n\n", "revise_round": 1}
[2026-05-20 15:15:05] CH1 data: {"text": "\u201c", "revise_round": 1}
[2026-05-20 15:15:05] CH1 data: {"text": "\u6c88", "revise_round": 1}
[2026-05-20 15:15:05] CH1 data: {"text": "\u5934", "revise_round": 1}
[2026-05-20 15:15:05] CH1 data: {"text": "\uff1f\u201d", "revise_round": 1}
[2026-05-20 15:15:05] CH1 data: {"text": "\u5e74", "revise_round": 1}
[2026-05-20 15:15:05] CH1 data: {"text": "\u957f", "revise_round": 1}
[2026-05-20 15:15:05] CH1 data: {"text": "\u5de1", "revise_round": 1}
[2026-05-20 15:15:05] CH1 data: {"text": "\u5352", "revise_round": 1}
[2026-05-20 15:15:05] CH1 data: {"text": "\u89c1", "revise_round": 1}
[2026-05-20 15:15:05] CH1 data: {"text": "\u4ed6", "revise_round": 1}
[2026-05-20 15:15:05] CH1 data: {"text": "\u505c", "revise_round": 1}
[2026-05-20 15:15:05] CH1 data: {"text": "\u4f4f", "revise_round": 1}
[2026-05-20 15:15:05] CH1 data: {"text": "\uff0c", "revise_round": 1}
[2026-05-20 15:15:05] CH1 data: {"text": "\u4f4e", "revise_round": 1}
[2026-05-20 15:15:05] CH1 data: {"text": "\u4f4e", "revise_round": 1}
[2026-05-20 15:15:05] CH1 data: {"text": "\u5524", "revise_round": 1}
[2026-05-20 15:15:05] CH1 data: {"text": "\u4e86\u4e00", "revise_round": 1}
[2026-05-20 15:15:05] CH1 data: {"text": "\u58f0", "revise_round": 1}
[2026-05-20 15:15:05] CH1 data: {"text": "\u3002\n\n", "revise_round": 1}
[2026-05-20 15:15:05] CH1 data: {"text": "\u201c", "revise_round": 1}
[2026-05-20 15:15:05] CH1 data: {"text": "\u638c", "revise_round": 1}
[2026-05-20 15:15:05] CH1 data: {"text": "\u91cc", "revise_round": 1}
[2026-05-20 15:15:05] CH1 data: {"text": "\u6709", "revise_round": 1}
[2026-05-20 15:15:05] CH1 data: {"text": "\u706f", "revise_round": 1}
[2026-05-20 15:15:05] CH1 data: {"text": "\u7070", "revise_round": 1}
[2026-05-20 15:15:05] CH1 data: {"text": "\u3002\u201d", "revise_round": 1}
[2026-05-20 15:15:05] CH1 data: {"text": "\u6c88", "revise_round": 1}
[2026-05-20 15:15:05] CH1 data: {"text": "\u7167", "revise_round": 1}
[2026-05-20 15:15:05] CH1 data: {"text": "\u628a", "revise_round": 1}
[2026-05-20 15:15:05] CH1 data: {"text": "\u5c38", "revise_round": 1}
[2026-05-20 15:15:05] CH1 data: {"text": "\u6307", "revise_round": 1}
[2026-05-20 15:15:05] CH1 data: {"text": "\u5408", "revise_round": 1}
[2026-05-20 15:15:05] CH1 data: {"text": "\u56de", "revise_round": 1}
[2026-05-20 15:15:05] CH1 data: {"text": "\u539f", "revise_round": 1}
[2026-05-20 15:15:05] CH1 data: {"text": "\u6837", "revise_round": 1}
[2026-05-20 15:15:05] CH1 data: {"text": "\uff0c", "revise_round": 1}
[2026-05-20 15:15:05] CH1 data: {"text": "\u5200", "revise_round": 1}
[2026-05-20 15:15:05] CH1 data: {"text": "\u9798", "revise_round": 1}
[2026-05-20 15:15:05] CH1 data: {"text": "\u64a4", "revise_round": 1}
[2026-05-20 15:15:05] CH1 data: {"text": "\u51fa", "revise_round": 1}
[2026-05-20 15:15:05] CH1 data: {"text": "\uff0c", "revise_round": 1}
[2026-05-20 15:15:05] CH1 data: {"text": "\u8896", "revise_round": 1}
[2026-05-20 15:15:05] CH1 data: {"text": "\u5e03", "revise_round": 1}
[2026-05-20 15:15:05] CH1 data: {"text": "\u4e5f", "revise_round": 1}
[2026-05-20 15:15:05] CH1 data: {"text": "\u6ca1", "revise_round": 1}
[2026-05-20 15:15:05] CH1 data: {"text": "\u89e3", "revise_round": 1}
[2026-05-20 15:15:05] CH1 data: {"text": "\uff0c\u201c", "revise_round": 1}
[2026-05-20 15:15:06] CH1 data: {"text": "\u8fd9", "revise_round": 1}
[2026-05-20 15:15:06] CH1 data: {"text": "\u53e5", "revise_round": 1}
[2026-05-20 15:15:06] CH1 data: {"text": "\u4f60", "revise_round": 1}
[2026-05-20 15:15:06] CH1 data: {"text": "\u4eec", "revise_round": 1}
[2026-05-20 15:15:06] CH1 data: {"text": "\u90fd", "revise_round": 1}
[2026-05-20 15:15:06] CH1 data: {"text": "\u770b", "revise_round": 1}
[2026-05-20 15:15:06] CH1 data: {"text": "\u89c1", "revise_round": 1}
[2026-05-20 15:15:06] CH1 data: {"text": "\u4e86", "revise_round": 1}
[2026-05-20 15:15:06] CH1 data: {"text": "\u3002", "revise_round": 1}
[2026-05-20 15:15:06] CH1 data: {"text": "\u522b", "revise_round": 1}
[2026-05-20 15:15:06] CH1 data: {"text": "\u6dfb", "revise_round": 1}
[2026-05-20 15:15:06] CH1 data: {"text": "\u65c1", "revise_round": 1}
[2026-05-20 15:15:06] CH1 data: {"text": "\u7684", "revise_round": 1}
[2026-05-20 15:15:06] CH1 data: {"text": "\u3002\u201d\n\n", "revise_round": 1}
[2026-05-20 15:15:06] CH1 data: {"text": "\u8001", "revise_round": 1}
[2026-05-20 15:15:06] CH1 data: {"text": "\u66f4", "revise_round": 1}
[2026-05-20 15:15:06] CH1 data: {"text": "\u592b", "revise_round": 1}
[2026-05-20 15:15:06] CH1 data: {"text": "\u6025", "revise_round": 1}
[2026-05-20 15:15:06] CH1 data: {"text": "\u5f97", "revise_round": 1}
[2026-05-20 15:15:06] CH1 data: {"text": "\u5f80", "revise_round": 1}
[2026-05-20 15:15:06] CH1 data: {"text": "\u524d", "revise_round": 1}
[2026-05-20 15:15:06] CH1 data: {"text": "\u63a2", "revise_round": 1}
[2026-05-20 15:15:06] CH1 data: {"text": "\u4e86", "revise_round": 1}
[2026-05-20 15:15:06] CH1 data: {"text": "\u63a2", "revise_round": 1}
[2026-05-20 15:15:06] CH1 data: {"text": "\uff0c\u53c8", "revise_round": 1}
[2026-05-20 15:15:06] CH1 data: {"text": "\u786c", "revise_round": 1}
[2026-05-20 15:15:06] CH1 data: {"text": "\u751f", "revise_round": 1}
[2026-05-20 15:15:06] CH1 data: {"text": "\u751f", "revise_round": 1}
[2026-05-20 15:15:06] CH1 data: {"text": "\u6536", "revise_round": 1}
[2026-05-20 15:15:06] CH1 data: {"text": "\u4f4f", "revise_round": 1}
[2026-05-20 15:15:06] CH1 data: {"text": "\uff1a\u201c", "revise_round": 1}
[2026-05-20 15:15:06] CH1 data: {"text": "\u5b98", "revise_round": 1}
[2026-05-20 15:15:06] CH1 data: {"text": "\u7237", "revise_round": 1}
[2026-05-20 15:15:06] CH1 data: {"text": "\uff0c\u8fd9", "revise_round": 1}
[2026-05-20 15:15:06] CH1 data: {"text": "\u7070", "revise_round": 1}
[2026-05-20 15:15:06] CH1 data: {"text": "\u53ef", "revise_round": 1}
[2026-05-20 15:15:06] CH1 data: {"text": "\u8ddf", "revise_round": 1}
[2026-05-20 15:15:06] CH1 data: {"text": "\u6211", "revise_round": 1}
[2026-05-20 15:15:06] CH1 data: {"text": "\u2014\u2014", "revise_round": 1}
[2026-05-20 15:15:06] CH1 data: {"text": "\u201d\n\n", "revise_round": 1}
[2026-05-20 15:15:06] CH1 data: {"text": "\u201c", "revise_round": 1}
[2026-05-20 15:15:06] CH1 data: {"text": "\u4e0e\u4f60", "revise_round": 1}
[2026-05-20 15:15:06] CH1 data: {"text": "\u6709\u6ca1\u6709", "revise_round": 1}
[2026-05-20 15:15:06] CH1 data: {"text": "\u5e72", "revise_round": 1}
[2026-05-20 15:15:06] CH1 data: {"text": "\u7cfb", "revise_round": 1}
[2026-05-20 15:15:06] CH1 data: {"text": "\uff0c\u4e0d", "revise_round": 1}
[2026-05-20 15:15:06] CH1 data: {"text": "\u9760", "revise_round": 1}
[2026-05-20 15:15:06] CH1 data: {"text": "\u4f60", "revise_round": 1}
[2026-05-20 15:15:06] CH1 data: {"text": "\u8fd9", "revise_round": 1}
[2026-05-20 15:15:06] CH1 data: {"text": "\u4f1a", "revise_round": 1}
[2026-05-20 15:15:06] CH1 data: {"text": "\u513f", "revise_round": 1}
[2026-05-20 15:15:06] CH1 data: {"text": "\u558a", "revise_round": 1}
[2026-05-20 15:15:06] CH1 data: {"text": "\u3002\u201d", "revise_round": 1}
[2026-05-20 15:15:06] CH1 data: {"text": "\u6c88", "revise_round": 1}
[2026-05-20 15:15:06] CH1 data: {"text": "\u7167", "revise_round": 1}
[2026-05-20 15:15:06] CH1 data: {"text": "\u622a", "revise_round": 1}
[2026-05-20 15:15:06] CH1 data: {"text": "\u4f4f", "revise_round": 1}
[2026-05-20 15:15:06] CH1 data: {"text": "\u4ed6", "revise_round": 1}
[2026-05-20 15:15:06] CH1 data: {"text": "\uff0c\u201c", "revise_round": 1}
[2026-05-20 15:15:06] CH1 data: {"text": "\u4f60", "revise_round": 1}
[2026-05-20 15:15:06] CH1 data: {"text": "\u53ea", "revise_round": 1}
[2026-05-20 15:15:06] CH1 data: {"text": "\u8bb0", "revise_round": 1}
[2026-05-20 15:15:06] CH1 data: {"text": "\u4e24", "revise_round": 1}
[2026-05-20 15:15:06] CH1 data: {"text": "\u4ef6", "revise_round": 1}
[2026-05-20 15:15:06] CH1 data: {"text": "\u4e8b", "revise_round": 1}
[2026-05-20 15:15:06] CH1 data: {"text": "\uff1a", "revise_round": 1}
[2026-05-20 15:15:06] CH1 data: {"text": "\u4f60", "revise_round": 1}
[2026-05-20 15:15:06] CH1 data: {"text": "\u6765", "revise_round": 1}
[2026-05-20 15:15:06] CH1 data: {"text": "\u65f6", "revise_round": 1}
[2026-05-20 15:15:06] CH1 data: {"text": "\u706f", "revise_round": 1}
[2026-05-20 15:15:06] CH1 data: {"text": "\u4eae", "revise_round": 1}
[2026-05-20 15:15:06] CH1 data: {"text": "\uff0c\u4eba", "revise_round": 1}
[2026-05-20 15:15:06] CH1 data: {"text": "\u5df2", "revise_round": 1}
[2026-05-20 15:15:06] CH1 data: {"text": "\u5728", "revise_round": 1}
[2026-05-20 15:15:06] CH1 data: {"text": "\u8fd9", "revise_round": 1}
[2026-05-20 15:15:06] CH1 data: {"text": "\u513f", "revise_round": 1}
[2026-05-20 15:15:06] CH1 data: {"text": "\uff1b", "revise_round": 1}
[2026-05-20 15:15:06] CH1 data: {"text": "\u4f60", "revise_round": 1}
[2026-05-20 15:15:06] CH1 data: {"text": "\u4e00\u76f4", "revise_round": 1}
[2026-05-20 15:15:06] CH1 data: {"text": "\u7ad9", "revise_round": 1}
[2026-05-20 15:15:06] CH1 data: {"text": "\u5728\u7ebf", "revise_round": 1}
[2026-05-20 15:15:06] CH1 data: {"text": "\u5916", "revise_round": 1}
[2026-05-20 15:15:06] CH1 data: {"text": "\uff0c", "revise_round": 1}
[2026-05-20 15:15:06] CH1 data: {"text": "\u6ca1", "revise_round": 1}
[2026-05-20 15:15:06] CH1 data: {"text": "\u78b0", "revise_round": 1}
[2026-05-20 15:15:06] CH1 data: {"text": "\u706f", "revise_round": 1}
[2026-05-20 15:15:06] CH1 data: {"text": "\uff0c", "revise_round": 1}
[2026-05-20 15:15:06] CH1 data: {"text": "\u6ca1", "revise_round": 1}
[2026-05-20 15:15:06] CH1 data: {"text": "\u78b0", "revise_round": 1}
[2026-05-20 15:15:06] CH1 data: {"text": "\u5c38", "revise_round": 1}
[2026-05-20 15:15:07] CH1 data: {"text": "\u3002", "revise_round": 1}
[2026-05-20 15:15:07] CH1 data: {"text": "\u8c01", "revise_round": 1}
[2026-05-20 15:15:07] CH1 data: {"text": "\u95ee", "revise_round": 1}
[2026-05-20 15:15:07] CH1 data: {"text": "\u90fd", "revise_round": 1}
[2026-05-20 15:15:07] CH1 data: {"text": "\u7167", "revise_round": 1}
[2026-05-20 15:15:07] CH1 data: {"text": "\u5b9e", "revise_round": 1}
[2026-05-20 15:15:07] CH1 data: {"text": "\u8bf4", "revise_round": 1}
[2026-05-20 15:15:07] CH1 data: {"text": "\u3002\u201d\n\n", "revise_round": 1}
[2026-05-20 15:15:07] CH1 data: {"text": "\u8001", "revise_round": 1}
[2026-05-20 15:15:07] CH1 data: {"text": "\u66f4", "revise_round": 1}
[2026-05-20 15:15:07] CH1 data: {"text": "\u592b", "revise_round": 1}
[2026-05-20 15:15:07] CH1 data: {"text": "\u8fde", "revise_round": 1}
[2026-05-20 15:15:07] CH1 data: {"text": "\u58f0", "revise_round": 1}
[2026-05-20 15:15:07] CH1 data: {"text": "\u5e94", "revise_round": 1}
[2026-05-20 15:15:07] CH1 data: {"text": "\uff0c", "revise_round": 1}
[2026-05-20 15:15:07] CH1 data: {"text": "\u6728", "revise_round": 1}
[2026-05-20 15:15:07] CH1 data: {"text": "\u6886", "revise_round": 1}
[2026-05-20 15:15:07] CH1 data: {"text": "\u5728", "revise_round": 1}
[2026-05-20 15:15:07] CH1 data: {"text": "\u6000", "revise_round": 1}
[2026-05-20 15:15:07] CH1 data: {"text": "\u91cc", "revise_round": 1}
[2026-05-20 15:15:07] CH1 data: {"text": "\u78d5", "revise_round": 1}
[2026-05-20 15:15:07] CH1 data: {"text": "\u5f97", "revise_round": 1}
[2026-05-20 15:15:07] CH1 data: {"text": "\u549a", "revise_round": 1}
[2026-05-20 15:15:07] CH1 data: {"text": "\u4e00", "revise_round": 1}
[2026-05-20 15:15:07] CH1 data: {"text": "\u54cd", "revise_round": 1}
[2026-05-20 15:15:07] CH1 data: {"text": "\uff0c", "revise_round": 1}
[2026-05-20 15:15:07] CH1 data: {"text": "\u81ea\u5df1", "revise_round": 1}
[2026-05-20 15:15:07] CH1 data: {"text": "\u53c8", "revise_round": 1}
[2026-05-20 15:15:07] CH1 data: {"text": "\u5413", "revise_round": 1}
[2026-05-20 15:15:07] CH1 data: {"text": "\u5f97", "revise_round": 1}
[2026-05-20 15:15:07] CH1 data: {"text": "\u4e00", "revise_round": 1}
[2026-05-20 15:15:07] CH1 data: {"text": "\u7f29", "revise_round": 1}
[2026-05-20 15:15:07] CH1 data: {"text": "\u3002\n\n", "revise_round": 1}
[2026-05-20 15:15:07] CH1 data: {"text": "\u6c88", "revise_round": 1}
[2026-05-20 15:15:07] CH1 data: {"text": "\u7167", "revise_round": 1}
[2026-05-20 15:15:07] CH1 data: {"text": "\u8d77", "revise_round": 1}
[2026-05-20 15:15:07] CH1 data: {"text": "\u8eab", "revise_round": 1}
[2026-05-20 15:15:07] CH1 data: {"text": "\uff0c\u628a", "revise_round": 1}
[2026-05-20 15:15:07] CH1 data: {"text": "\u7f20", "revise_round": 1}
[2026-05-20 15:15:07] CH1 data: {"text": "\u5e03", "revise_round": 1}
[2026-05-20 15:15:07] CH1 data: {"text": "\u7684", "revise_round": 1}
[2026-05-20 15:15:07] CH1 data: {"text": "\u5200", "revise_round": 1}
[2026-05-20 15:15:07] CH1 data: {"text": "\u9798", "revise_round": 1}
[2026-05-20 15:15:07] CH1 data: {"text": "\u5782", "revise_round": 1}
[2026-05-20 15:15:07] CH1 data: {"text": "\u5728", "revise_round": 1}
[2026-05-20 15:15:07] CH1 data: {"text": "\u8eab", "revise_round": 1}
[2026-05-20 15:15:07] CH1 data: {"text": "\u4fa7", "revise_round": 1}
[2026-05-20 15:15:07] CH1 data: {"text": "\uff0c", "revise_round": 1}
[2026-05-20 15:15:07] CH1 data: {"text": "\u8f6c", "revise_round": 1}
[2026-05-20 15:15:07] CH1 data: {"text": "\u5411", "revise_round": 1}
[2026-05-20 15:15:07] CH1 data: {"text": "\u5e74\u8f7b", "revise_round": 1}
[2026-05-20 15:15:07] CH1 data: {"text": "\u5de1", "revise_round": 1}
[2026-05-20 15:15:07] CH1 data: {"text": "\u5352", "revise_round": 1}
[2026-05-20 15:15:07] CH1 data: {"text": "\uff1a\u201c", "revise_round": 1}
[2026-05-20 15:15:07] CH1 data: {"text": "\u4f60", "revise_round": 1}
[2026-05-20 15:15:07] CH1 data: {"text": "\u8dd1", "revise_round": 1}
[2026-05-20 15:15:07] CH1 data: {"text": "\u4e00", "revise_round": 1}
[2026-05-20 15:15:07] CH1 data: {"text": "\u8d9f", "revise_round": 1}
[2026-05-20 15:15:07] CH1 data: {"text": "\u3002", "revise_round": 1}
[2026-05-20 15:15:07] CH1 data: {"text": "\u51fa", "revise_round": 1}
[2026-05-20 15:15:07] CH1 data: {"text": "\u5df7", "revise_round": 1}
[2026-05-20 15:15:07] CH1 data: {"text": "\u4e0a", "revise_round": 1}
[2026-05-20 15:15:07] CH1 data: {"text": "\u659c", "revise_round": 1}
[2026-05-20 15:15:07] CH1 data: {"text": "\u8857", "revise_round": 1}
[2026-05-20 15:15:07] CH1 data: {"text": "\uff0c", "revise_round": 1}
[2026-05-20 15:15:07] CH1 data: {"text": "\u53bb", "revise_round": 1}
[2026-05-20 15:15:07] CH1 data: {"text": "\u5317", "revise_round": 1}
[2026-05-20 15:15:07] CH1 data: {"text": "\u574a", "revise_round": 1}
[2026-05-20 15:15:07] CH1 data: {"text": "\u503c", "revise_round": 1}
[2026-05-20 15:15:07] CH1 data: {"text": "\u623f", "revise_round": 1}
[2026-05-20 15:15:07] CH1 data: {"text": "\u62a5", "revise_round": 1}
[2026-05-20 15:15:07] CH1 data: {"text": "\u5dee", "revise_round": 1}
[2026-05-20 15:15:08] CH1 data: {"text": "\u5f79", "revise_round": 1}
[2026-05-20 15:15:08] CH1 data: {"text": "\uff0c\u518d", "revise_round": 1}
[2026-05-20 15:15:08] CH1 data: {"text": "\u8bf7", "revise_round": 1}
[2026-05-20 15:15:08] CH1 data: {"text": "\u5b88", "revise_round": 1}
[2026-05-20 15:15:08] CH1 data: {"text": "\u5907", "revise_round": 1}
[2026-05-20 15:15:08] CH1 data: {"text": "\u548c", "revise_round": 1}
[2026-05-20 15:15:08] CH1 data: {"text": "\u4ef5", "revise_round": 1}
[2026-05-20 15:15:08] CH1 data: {"text": "\u4f5c", "revise_round": 1}
[2026-05-20 15:15:08] CH1 data: {"text": "\u3002", "revise_round": 1}
[2026-05-20 15:15:08] CH1 data: {"text": "\u8bdd", "revise_round": 1}
[2026-05-20 15:15:08] CH1 data: {"text": "\u7167", "revise_round": 1}
[2026-05-20 15:15:08] CH1 data: {"text": "\u6211", "revise_round": 1}
[2026-05-20 15:15:08] CH1 data: {"text": "\u8fd9", "revise_round": 1}
[2026-05-20 15:15:08] CH1 data: {"text": "\u53e5", "revise_round": 1}
[2026-05-20 15:15:08] CH1 data: {"text": "\u4f20", "revise_round": 1}
[2026-05-20 15:15:08] CH1 data: {"text": "\u2014\u2014", "revise_round": 1}
[2026-05-20 15:15:08] CH1 data: {"text": "\u5e9f", "revise_round": 1}
[2026-05-20 15:15:08] CH1 data: {"text": "\u706f", "revise_round": 1}
[2026-05-20 15:15:08] CH1 data: {"text": "\u94fa", "revise_round": 1}
[2026-05-20 15:15:08] CH1 data: {"text": "\u6a90", "revise_round": 1}
[2026-05-20 15:15:08] CH1 data: {"text": "\u4e0b", "revise_round": 1}
[2026-05-20 15:15:08] CH1 data: {"text": "\u6709", "revise_round": 1}
[2026-05-20 15:15:08] CH1 data: {"text": "\u5c38", "revise_round": 1}
[2026-05-20 15:15:08] CH1 data: {"text": "\uff0c\u6709", "revise_round": 1}
[2026-05-20 15:15:08] CH1 data: {"text": "\u5f02\u5e38", "revise_round": 1}
[2026-05-20 15:15:08] CH1 data: {"text": "\u9b42", "revise_round": 1}
[2026-05-20 15:15:08] CH1 data: {"text": "\u706f", "revise_round": 1}
[2026-05-20 15:15:08] CH1 data: {"text": "\uff0c", "revise_round": 1}
[2026-05-20 15:15:08] CH1 data: {"text": "\u9996", "revise_round": 1}
[2026-05-20 15:15:08] CH1 data: {"text": "\u89c1", "revise_round": 1}
[2026-05-20 15:15:08] CH1 data: {"text": "\u5730", "revise_round": 1}
[2026-05-20 15:15:08] CH1 data: {"text": "\u672a", "revise_round": 1}
[2026-05-20 15:15:08] CH1 data: {"text": "\u6270", "revise_round": 1}
[2026-05-20 15:15:08] CH1 data: {"text": "\uff0c\u8bf7", "revise_round": 1}
[2026-05-20 15:15:08] CH1 data: {"text": "\u6765", "revise_round": 1}
[2026-05-20 15:15:08] CH1 data: {"text": "\u9a8c", "revise_round": 1}
[2026-05-20 15:15:08] CH1 data: {"text": "\u3002", "revise_round": 1}
[2026-05-20 15:15:08] CH1 data: {"text": "\u522b", "revise_round": 1}
[2026-05-20 15:15:08] CH1 data: {"text": "\u66ff", "revise_round": 1}
[2026-05-20 15:15:08] CH1 data: {"text": "\u8c01", "revise_round": 1}
[2026-05-20 15:15:08] CH1 data: {"text": "\u5148", "revise_round": 1}
[2026-05-20 15:15:08] CH1 data: {"text": "\u843d", "revise_round": 1}
[2026-05-20 15:15:08] CH1 data: {"text": "\u5b57", "revise_round": 1}
[2026-05-20 15:15:08] CH1 data: {"text": "\u3002\u201d\n\n", "revise_round": 1}
[2026-05-20 15:15:08] CH1 data: {"text": "\u5e74\u8f7b", "revise_round": 1}
[2026-05-20 15:15:08] CH1 data: {"text": "\u5de1", "revise_round": 1}
[2026-05-20 15:15:08] CH1 data: {"text": "\u5352", "revise_round": 1}
[2026-05-20 15:15:08] CH1 data: {"text": "\u9762", "revise_round": 1}
[2026-05-20 15:15:08] CH1 data: {"text": "\u4e0a", "revise_round": 1}
[2026-05-20 15:15:08] CH1 data: {"text": "\u96e8", "revise_round": 1}
[2026-05-20 15:15:08] CH1 data: {"text": "\u6c34", "revise_round": 1}
[2026-05-20 15:15:08] CH1 data: {"text": "\u76f4", "revise_round": 1}
[2026-05-20 15:15:08] CH1 data: {"text": "\u6dcc", "revise_round": 1}
[2026-05-20 15:15:08] CH1 data: {"text": "\uff0c", "revise_round": 1}
[2026-05-20 15:15:08] CH1 data: {"text": "\u542c", "revise_round": 1}
[2026-05-20 15:15:08] CH1 data: {"text": "\u89c1", "revise_round": 1}
[2026-05-20 15:15:08] CH1 data: {"text": "\u201c", "revise_round": 1}
[2026-05-20 15:15:08] CH1 data: {"text": "\u9b42", "revise_round": 1}
[2026-05-20 15:15:08] CH1 data: {"text": "\u706f", "revise_round": 1}
[2026-05-20 15:15:08] CH1 data: {"text": "\u201d", "revise_round": 1}
[2026-05-20 15:15:08] CH1 data: {"text": "\u4e24\u4e2a", "revise_round": 1}
[2026-05-20 15:15:08] CH1 data: {"text": "\u5b57", "revise_round": 1}
[2026-05-20 15:15:08] CH1 data: {"text": "\uff0c", "revise_round": 1}
[2026-05-20 15:15:08] CH1 data: {"text": "\u624b", "revise_round": 1}
[2026-05-20 15:15:08] CH1 data: {"text": "\u5148", "revise_round": 1}
[2026-05-20 15:15:08] CH1 data: {"text": "\u7d27", "revise_round": 1}
[2026-05-20 15:15:08] CH1 data: {"text": "\u4e86", "revise_round": 1}
[2026-05-20 15:15:08] CH1 data: {"text": "\u7d27", "revise_round": 1}
[2026-05-20 15:15:08] CH1 data: {"text": "\u5200", "revise_round": 1}
[2026-05-20 15:15:08] CH1 data: {"text": "\u67c4", "revise_round": 1}
[2026-05-20 15:15:08] CH1 data: {"text": "\uff0c", "revise_round": 1}
[2026-05-20 15:15:08] CH1 data: {"text": "\u8fd8\u662f", "revise_round": 1}
[2026-05-20 15:15:08] CH1 data: {"text": "\u62b1", "revise_round": 1}
[2026-05-20 15:15:08] CH1 data: {"text": "\u62f3", "revise_round": 1}
[2026-05-20 15:15:08] CH1 data: {"text": "\u5e94", "revise_round": 1}
[2026-05-20 15:15:08] CH1 data: {"text": "\u4e0b", "revise_round": 1}
[2026-05-20 15:15:08] CH1 data: {"text": "\uff1a\u201c", "revise_round": 1}
[2026-05-20 15:15:09] CH1 data: {"text": "\u662f", "revise_round": 1}
[2026-05-20 15:15:09] CH1 data: {"text": "\u3002\u201d\n\n", "revise_round": 1}
[2026-05-20 15:15:09] CH1 data: {"text": "\u201c", "revise_round": 1}
[2026-05-20 15:15:09] CH1 data: {"text": "\u518d", "revise_round": 1}
[2026-05-20 15:15:09] CH1 data: {"text": "\u5feb", "revise_round": 1}
[2026-05-20 15:15:09] CH1 data: {"text": "\uff0c\u4e5f", "revise_round": 1}
[2026-05-20 15:15:09] CH1 data: {"text": "\u5f97", "revise_round": 1}
[2026-05-20 15:15:09] CH1 data: {"text": "\u8e29", "revise_round": 1}
[2026-05-20 15:15:09] CH1 data: {"text": "\u7a33", "revise_round": 1}
[2026-05-20 15:15:09] CH1 data: {"text": "\u3002\u201d", "revise_round": 1}
[2026-05-20 15:15:09] CH1 data: {"text": "\u6c88", "revise_round": 1}
[2026-05-20 15:15:09] CH1 data: {"text": "\u7167", "revise_round": 1}
[2026-05-20 15:15:09] CH1 data: {"text": "\u770b", "revise_round": 1}
[2026-05-20 15:15:09] CH1 data: {"text": "\u4e86", "revise_round": 1}
[2026-05-20 15:15:09] CH1 data: {"text": "\u4ed6", "revise_round": 1}
[2026-05-20 15:15:09] CH1 data: {"text": "\u4e00", "revise_round": 1}
[2026-05-20 15:15:09] CH1 data: {"text": "\u773c", "revise_round": 1}
[2026-05-20 15:15:09] CH1 data: {"text": "\uff0c\u201c", "revise_round": 1}
[2026-05-20 15:15:09] CH1 data: {"text": "\u4eca\u665a", "revise_round": 1}
[2026-05-20 15:15:09] CH1 data: {"text": "\u96e8", "revise_round": 1}
[2026-05-20 15:15:09] CH1 data: {"text": "\u5927", "revise_round": 1}
[2026-05-20 15:15:09] CH1 data: {"text": "\uff0c", "revise_round": 1}
[2026-05-20 15:15:09] CH1 data: {"text": "\u522b", "revise_round": 1}
[2026-05-20 15:15:09] CH1 data: {"text": "\u628a", "revise_round": 1}
[2026-05-20 15:15:09] CH1 data: {"text": "\u53e3", "revise_round": 1}
[2026-05-20 15:15:09] CH1 data: {"text": "\u4fe1", "revise_round": 1}
[2026-05-20 15:15:09] CH1 data: {"text": "\u4e22", "revise_round": 1}
[2026-05-20 15:15:09] CH1 data: {"text": "\u5728", "revise_round": 1}
[2026-05-20 15:15:09] CH1 data: {"text": "\u534a", "revise_round": 1}
[2026-05-20 15:15:09] CH1 data: {"text": "\u8def", "revise_round": 1}
[2026-05-20 15:15:09] CH1 data: {"text": "\u3002\u201d\n\n", "revise_round": 1}
[2026-05-20 15:15:09] CH1 data: {"text": "\u90a3", "revise_round": 1}
[2026-05-20 15:15:09] CH1 data: {"text": "\u5de1", "revise_round": 1}
[2026-05-20 15:15:09] CH1 data: {"text": "\u5352", "revise_round": 1}
[2026-05-20 15:15:09] CH1 data: {"text": "\u8f6c", "revise_round": 1}
[2026-05-20 15:15:09] CH1 data: {"text": "\u8eab", "revise_round": 1}
[2026-05-20 15:15:09] CH1 data: {"text": "\u5c31", "revise_round": 1}
[2026-05-20 15:15:09] CH1 data: {"text": "\u8d70", "revise_round": 1}
[2026-05-20 15:15:09] CH1 data: {"text": "\uff0c", "revise_round": 1}
[2026-05-20 15:15:09] CH1 data: {"text": "\u811a", "revise_round": 1}
[2026-05-20 15:15:09] CH1 data: {"text": "\u5e95", "revise_round": 1}
[2026-05-20 15:15:09] CH1 data: {"text": "\u6c34", "revise_round": 1}
[2026-05-20 15:15:09] CH1 data: {"text": "\u82b1", "revise_round": 1}
[2026-05-20 15:15:09] CH1 data: {"text": "\u8fde", "revise_round": 1}
[2026-05-20 15:15:09] CH1 data: {"text": "\u6210", "revise_round": 1}
[2026-05-20 15:15:09] CH1 data: {"text": "\u4e00", "revise_round": 1}
[2026-05-20 15:15:09] CH1 data: {"text": "\u4e32", "revise_round": 1}
[2026-05-20 15:15:09] CH1 data: {"text": "\uff0c", "revise_round": 1}
[2026-05-20 15:15:09] CH1 data: {"text": "\u51fa\u4e86", "revise_round": 1}
[2026-05-20 15:15:09] CH1 data: {"text": "\u5df7", "revise_round": 1}
[2026-05-20 15:15:09] CH1 data: {"text": "\u53e3", "revise_round": 1}
[2026-05-20 15:15:09] CH1 data: {"text": "\u53c8", "revise_round": 1}
[2026-05-20 15:15:09] CH1 data: {"text": "\u5439", "revise_round": 1}
[2026-05-20 15:15:09] CH1 data: {"text": "\u4e86\u4e00", "revise_round": 1}
[2026-05-20 15:15:09] CH1 data: {"text": "\u8bb0", "revise_round": 1}
[2026-05-20 15:15:09] CH1 data: {"text": "\u77ed", "revise_round": 1}
[2026-05-20 15:15:09] CH1 data: {"text": "\u54e8", "revise_round": 1}
[2026-05-20 15:15:09] CH1 data: {"text": "\uff0c", "revise_round": 1}
[2026-05-20 15:15:09] CH1 data: {"text": "\u7b97", "revise_round": 1}
[2026-05-20 15:15:09] CH1 data: {"text": "\u662f", "revise_round": 1}
[2026-05-20 15:15:09] CH1 data: {"text": "\u5411", "revise_round": 1}
[2026-05-20 15:15:09] CH1 data: {"text": "\u8857", "revise_round": 1}
[2026-05-20 15:15:09] CH1 data: {"text": "\u9762", "revise_round": 1}
[2026-05-20 15:15:09] CH1 data: {"text": "\u4ea4", "revise_round": 1}
[2026-05-20 15:15:09] CH1 data: {"text": "\u58f0", "revise_round": 1}
[2026-05-20 15:15:09] CH1 data: {"text": "\u3002", "revise_round": 1}
[2026-05-20 15:15:09] CH1 data: {"text": "\u58f0", "revise_round": 1}
[2026-05-20 15:15:09] CH1 data: {"text": "\u7ebf", "revise_round": 1}
[2026-05-20 15:15:09] CH1 data: {"text": "\u88ab", "revise_round": 1}
[2026-05-20 15:15:09] CH1 data: {"text": "\u96e8", "revise_round": 1}
[2026-05-20 15:15:09] CH1 data: {"text": "\u6495", "revise_round": 1}
[2026-05-20 15:15:09] CH1 data: {"text": "\u788e", "revise_round": 1}
[2026-05-20 15:15:09] CH1 data: {"text": "\uff0c", "revise_round": 1}
[2026-05-20 15:15:09] CH1 data: {"text": "\u8fdc", "revise_round": 1}
[2026-05-20 15:15:09] CH1 data: {"text": "\u8fdc", "revise_round": 1}
[2026-05-20 15:15:09] CH1 data: {"text": "\u9012", "revise_round": 1}
[2026-05-20 15:15:09] CH1 data: {"text": "\u51fa\u53bb", "revise_round": 1}
[2026-05-20 15:15:09] CH1 data: {"text": "\u3002\n\n", "revise_round": 1}
[2026-05-20 15:15:09] CH1 data: {"text": "\u6c88", "revise_round": 1}
[2026-05-20 15:15:09] CH1 data: {"text": "\u7167", "revise_round": 1}
[2026-05-20 15:15:09] CH1 data: {"text": "\u6ca1", "revise_round": 1}
[2026-05-20 15:15:09] CH1 data: {"text": "\u518d", "revise_round": 1}
[2026-05-20 15:15:10] CH1 data: {"text": "\u78b0", "revise_round": 1}
[2026-05-20 15:15:10] CH1 data: {"text": "\u5c38", "revise_round": 1}
[2026-05-20 15:15:10] CH1 data: {"text": "\uff0c\u4e5f", "revise_round": 1}
[2026-05-20 15:15:10] CH1 data: {"text": "\u6ca1", "revise_round": 1}
[2026-05-20 15:15:10] CH1 data: {"text": "\u518d", "revise_round": 1}
[2026-05-20 15:15:10] CH1 data: {"text": "\u62ac", "revise_round": 1}
[2026-05-20 15:15:10] CH1 data: {"text": "\u773c", "revise_round": 1}
[2026-05-20 15:15:10] CH1 data: {"text": "\u53bb", "revise_round": 1}
[2026-05-20 15:15:10] CH1 data: {"text": "\u770b", "revise_round": 1}
[2026-05-20 15:15:10] CH1 data: {"text": "\u90a3", "revise_round": 1}
[2026-05-20 15:15:10] CH1 data: {"text": "\u76cf", "revise_round": 1}
[2026-05-20 15:15:10] CH1 data: {"text": "\u706f", "revise_round": 1}
[2026-05-20 15:15:10] CH1 data: {"text": "\uff0c\u53ea", "revise_round": 1}
[2026-05-20 15:15:10] CH1 data: {"text": "\u5b88", "revise_round": 1}
[2026-05-20 15:15:10] CH1 data: {"text": "\u5728", "revise_round": 1}
[2026-05-20 15:15:10] CH1 data: {"text": "\u6ef4", "revise_round": 1}
[2026-05-20 15:15:10] CH1 data: {"text": "\u6c34", "revise_round": 1}
[2026-05-20 15:15:10] CH1 data: {"text": "\u7ebf", "revise_round": 1}
[2026-05-20 15:15:10] CH1 data: {"text": "\u65c1", "revise_round": 1}
[2026-05-20 15:15:10] CH1 data: {"text": "\uff0c", "revise_round": 1}
[2026-05-20 15:15:10] CH1 data: {"text": "\u7b49", "revise_round": 1}
[2026-05-20 15:15:10] CH1 data: {"text": "\u5b98", "revise_round": 1}
[2026-05-20 15:15:10] CH1 data: {"text": "\u9762\u7684", "revise_round": 1}
[2026-05-20 15:15:10] CH1 data: {"text": "\u811a", "revise_round": 1}
[2026-05-20 15:15:10] CH1 data: {"text": "\u6b65", "revise_round": 1}
[2026-05-20 15:15:10] CH1 data: {"text": "\u538b", "revise_round": 1}
[2026-05-20 15:15:10] CH1 data: {"text": "\u8fdb", "revise_round": 1}
[2026-05-20 15:15:10] CH1 data: {"text": "\u5df7", "revise_round": 1}
[2026-05-20 15:15:10] CH1 data: {"text": "\u6765", "revise_round": 1}
[2026-05-20 15:15:10] CH1 data: {"text": "\u3002", "revise_round": 1}
[2026-05-20 15:15:10] CH1 data: {"text": "\u5e74\u8f7b", "revise_round": 1}
[2026-05-20 15:15:10] CH1 data: {"text": "\u5de1", "revise_round": 1}
[2026-05-20 15:15:10] CH1 data: {"text": "\u5352", "revise_round": 1}
[2026-05-20 15:15:10] CH1 data: {"text": "\u51b2", "revise_round": 1}
[2026-05-20 15:15:10] CH1 data: {"text": "\u5165", "revise_round": 1}
[2026-05-20 15:15:10] CH1 data: {"text": "\u96e8", "revise_round": 1}
[2026-05-20 15:15:10] CH1 data: {"text": "\u91cc", "revise_round": 1}
[2026-05-20 15:15:10] CH1 data: {"text": "\uff0c", "revise_round": 1}
[2026-05-20 15:15:10] CH1 data: {"text": "\u56de", "revise_round": 1}
[2026-05-20 15:15:10] CH1 data: {"text": "\u7167", "revise_round": 1}
[2026-05-20 15:15:10] CH1 data: {"text": "\u5370", "revise_round": 1}
[2026-05-20 15:15:10] CH1 data: {"text": "\u7559", "revise_round": 1}
[2026-05-20 15:15:10] CH1 data: {"text": "\u5728", "revise_round": 1}
[2026-05-20 15:15:10] CH1 data: {"text": "\u6c88", "revise_round": 1}
[2026-05-20 15:15:10] CH1 data: {"text": "\u7167", "revise_round": 1}
[2026-05-20 15:15:10] CH1 data: {"text": "\u773c", "revise_round": 1}
[2026-05-20 15:15:10] CH1 data: {"text": "\u4e2d", "revise_round": 1}
[2026-05-20 15:15:10] CH1 data: {"text": "\uff0c\u5374", "revise_round": 1}
[2026-05-20 15:15:10] CH1 data: {"text": "\u8fd8", "revise_round": 1}
[2026-05-20 15:15:10] CH1 data: {"text": "\u4e0d\u80fd", "revise_round": 1}
[2026-05-20 15:15:10] CH1 data: {"text": "\u5199", "revise_round": 1}
[2026-05-20 15:15:10] CH1 data: {"text": "\u8fdb", "revise_round": 1}
[2026-05-20 15:15:10] CH1 data: {"text": "\u5b98", "revise_round": 1}
[2026-05-20 15:15:10] CH1 data: {"text": "\u518c", "revise_round": 1}
[2026-05-20 15:15:10] CH1 data: {"text": "\u3002", "revise_round": 1}
[2026-05-20 15:15:11] CH1 data: {"text": "\n\n", "revise_round": 1}
[2026-05-20 15:16:42] CH1 data: {"text": "\u4e24", "revise_round": 1}
[2026-05-20 15:16:42] CH1 data: {"text": "\u523b", "revise_round": 1}
[2026-05-20 15:16:42] CH1 data: {"text": "\u8fc7\u53bb", "revise_round": 1}
[2026-05-20 15:16:42] CH1 data: {"text": "\uff0c", "revise_round": 1}
[2026-05-20 15:16:42] CH1 data: {"text": "\u96e8", "revise_round": 1}
[2026-05-20 15:16:42] CH1 data: {"text": "\u4ece", "revise_round": 1}
[2026-05-20 15:16:42] CH1 data: {"text": "\u7ec6", "revise_round": 1}
[2026-05-20 15:16:42] CH1 data: {"text": "\u4e1d", "revise_round": 1}
[2026-05-20 15:16:42] CH1 data: {"text": "\u538b", "revise_round": 1}
[2026-05-20 15:16:42] CH1 data: {"text": "\u6210", "revise_round": 1}
[2026-05-20 15:16:42] CH1 data: {"text": "\u659c", "revise_round": 1}
[2026-05-20 15:16:42] CH1 data: {"text": "\u97ad", "revise_round": 1}
[2026-05-20 15:16:42] CH1 data: {"text": "\uff0c", "revise_round": 1}
[2026-05-20 15:16:42] CH1 data: {"text": "\u62bd", "revise_round": 1}
[2026-05-20 15:16:42] CH1 data: {"text": "\u5f97", "revise_round": 1}
[2026-05-20 15:16:42] CH1 data: {"text": "\u7834", "revise_round": 1}
[2026-05-20 15:16:42] CH1 data: {"text": "\u6a90", "revise_round": 1}
[2026-05-20 15:16:42] CH1 data: {"text": "\u556a\u556a", "revise_round": 1}
[2026-05-20 15:16:42] CH1 data: {"text": "\u4f5c", "revise_round": 1}
[2026-05-20 15:16:42] CH1 data: {"text": "\u54cd", "revise_round": 1}
[2026-05-20 15:16:42] CH1 data: {"text": "\u3002", "revise_round": 1}
[2026-05-20 15:16:42] CH1 data: {"text": "\u5df7", "revise_round": 1}
[2026-05-20 15:16:42] CH1 data: {"text": "\u53e3", "revise_round": 1}
[2026-05-20 15:16:42] CH1 data: {"text": "\u5148", "revise_round": 1}
[2026-05-20 15:16:42] CH1 data: {"text": "\u4eae", "revise_round": 1}
[2026-05-20 15:16:42] CH1 data: {"text": "\u8d77", "revise_round": 1}
[2026-05-20 15:16:42] CH1 data: {"text": "\u4e24", "revise_round": 1}
[2026-05-20 15:16:42] CH1 data: {"text": "\u56e2", "revise_round": 1}
[2026-05-20 15:16:42] CH1 data: {"text": "\u5b98", "revise_round": 1}
[2026-05-20 15:16:42] CH1 data: {"text": "\u706f", "revise_round": 1}
[2026-05-20 15:16:42] CH1 data: {"text": "\uff0c", "revise_round": 1}
[2026-05-20 15:16:42] CH1 data: {"text": "\u7ea2", "revise_round": 1}
[2026-05-20 15:16:42] CH1 data: {"text": "\u5149", "revise_round": 1}
[2026-05-20 15:16:42] CH1 data: {"text": "\u88ab", "revise_round": 1}
[2026-05-20 15:16:42] CH1 data: {"text": "\u6c34", "revise_round": 1}
[2026-05-20 15:16:42] CH1 data: {"text": "\u7ebf", "revise_round": 1}
[2026-05-20 15:16:42] CH1 data: {"text": "\u626f", "revise_round": 1}
[2026-05-20 15:16:42] CH1 data: {"text": "\u957f", "revise_round": 1}
[2026-05-20 15:16:42] CH1 data: {"text": "\uff0c\u4e00", "revise_round": 1}
[2026-05-20 15:16:42] CH1 data: {"text": "\u6b65", "revise_round": 1}
[2026-05-20 15:16:42] CH1 data: {"text": "\u4e00\u6b65", "revise_round": 1}
[2026-05-20 15:16:42] CH1 data: {"text": "\u903c", "revise_round": 1}
[2026-05-20 15:16:42] CH1 data: {"text": "\u8fdb", "revise_round": 1}
[2026-05-20 15:16:42] CH1 data: {"text": "\u6765", "revise_round": 1}
[2026-05-20 15:16:42] CH1 data: {"text": "\uff1b", "revise_round": 1}
[2026-05-20 15:16:42] CH1 data: {"text": "\u9ebb", "revise_round": 1}
[2026-05-20 15:16:42] CH1 data: {"text": "\u7ef3", "revise_round": 1}
[2026-05-20 15:16:42] CH1 data: {"text": "\u3001", "revise_round": 1}
[2026-05-20 15:16:42] CH1 data: {"text": "\u5c01", "revise_round": 1}
[2026-05-20 15:16:42] CH1 data: {"text": "\u7eb8", "revise_round": 1}
[2026-05-20 15:16:42] CH1 data: {"text": "\u3001", "revise_round": 1}
[2026-05-20 15:16:42] CH1 data: {"text": "\u6848", "revise_round": 1}
[2026-05-20 15:16:42] CH1 data: {"text": "\u518c", "revise_round": 1}
[2026-05-20 15:16:42] CH1 data: {"text": "\u90fd", "revise_round": 1}
[2026-05-20 15:16:42] CH1 data: {"text": "\u5728", "revise_round": 1}
[2026-05-20 15:16:43] CH1 data: {"text": "\u706f", "revise_round": 1}
[2026-05-20 15:16:43] CH1 data: {"text": "\u4e0b", "revise_round": 1}
[2026-05-20 15:16:43] CH1 data: {"text": "\u6643", "revise_round": 1}
[2026-05-20 15:16:43] CH1 data: {"text": "\u3002", "revise_round": 1}
[2026-05-20 15:16:43] CH1 data: {"text": "\u5e9f", "revise_round": 1}
[2026-05-20 15:16:43] CH1 data: {"text": "\u94fa", "revise_round": 1}
[2026-05-20 15:16:43] CH1 data: {"text": "\u95e8", "revise_round": 1}
[2026-05-20 15:16:43] CH1 data: {"text": "\u7f1d", "revise_round": 1}
[2026-05-20 15:16:43] CH1 data: {"text": "\u91cc", "revise_round": 1}
[2026-05-20 15:16:43] CH1 data: {"text": "\u5410", "revise_round": 1}
[2026-05-20 15:16:43] CH1 data: {"text": "\u7740", "revise_round": 1}
[2026-05-20 15:16:43] CH1 data: {"text": "\u51b7", "revise_round": 1}
[2026-05-20 15:16:43] CH1 data: {"text": "\u98ce", "revise_round": 1}
[2026-05-20 15:16:43] CH1 data: {"text": "\uff0c", "revise_round": 1}
[2026-05-20 15:16:43] CH1 data: {"text": "\u7816", "revise_round": 1}
[2026-05-20 15:16:43] CH1 data: {"text": "\u7f1d", "revise_round": 1}
[2026-05-20 15:16:43] CH1 data: {"text": "\u6d6e", "revise_round": 1}
[2026-05-20 15:16:43] CH1 data: {"text": "\u51fa", "revise_round": 1}
[2026-05-20 15:16:43] CH1 data: {"text": "\u4e00", "revise_round": 1}
[2026-05-20 15:16:43] CH1 data: {"text": "\u7f15", "revise_round": 1}
[2026-05-20 15:16:43] CH1 data: {"text": "\u9ed1", "revise_round": 1}
[2026-05-20 15:16:43] CH1 data: {"text": "\u6cb9", "revise_round": 1}
[2026-05-20 15:16:43] CH1 data: {"text": "\u8165", "revise_round": 1}
[2026-05-20 15:16:43] CH1 data: {"text": "\u6c14", "revise_round": 1}
[2026-05-20 15:16:43] CH1 data: {"text": "\uff0c\u53c8", "revise_round": 1}
[2026-05-20 15:16:43] CH1 data: {"text": "\u5f88", "revise_round": 1}
[2026-05-20 15:16:43] CH1 data: {"text": "\u5feb", "revise_round": 1}
[2026-05-20 15:16:43] CH1 data: {"text": "\u88ab", "revise_round": 1}
[2026-05-20 15:16:43] CH1 data: {"text": "\u96e8", "revise_round": 1}
[2026-05-20 15:16:43] CH1 data: {"text": "\u6253", "revise_round": 1}
[2026-05-20 15:16:43] CH1 data: {"text": "\u6563", "revise_round": 1}
[2026-05-20 15:16:43] CH1 data: {"text": "\u3002\n\n", "revise_round": 1}
[2026-05-20 15:16:43] CH1 data: {"text": "\u5e74\u8f7b", "revise_round": 1}
[2026-05-20 15:16:43] CH1 data: {"text": "\u5de1", "revise_round": 1}
[2026-05-20 15:16:43] CH1 data: {"text": "\u5352", "revise_round": 1}
[2026-05-20 15:16:43] CH1 data: {"text": "\u5728", "revise_round": 1}
[2026-05-20 15:16:43] CH1 data: {"text": "\u524d", "revise_round": 1}
[2026-05-20 15:16:43] CH1 data: {"text": "\u5f15", "revise_round": 1}
[2026-05-20 15:16:43] CH1 data: {"text": "\u8def", "revise_round": 1}
[2026-05-20 15:16:43] CH1 data: {"text": "\uff0c", "revise_round": 1}
[2026-05-20 15:16:43] CH1 data: {"text": "\u5598", "revise_round": 1}
[2026-05-20 15:16:43] CH1 data: {"text": "\u5f97", "revise_round": 1}
[2026-05-20 15:16:43] CH1 data: {"text": "\u80f8", "revise_round": 1}
[2026-05-20 15:16:43] CH1 data: {"text": "\u53e3", "revise_round": 1}
[2026-05-20 15:16:43] CH1 data: {"text": "\u8d77", "revise_round": 1}
[2026-05-20 15:16:43] CH1 data: {"text": "\u4f0f", "revise_round": 1}
[2026-05-20 15:16:43] CH1 data: {"text": "\u3002", "revise_round": 1}
[2026-05-20 15:16:43] CH1 data: {"text": "\u5b88", "revise_round": 1}
[2026-05-20 15:16:43] CH1 data: {"text": "\u5907", "revise_round": 1}
[2026-05-20 15:16:43] CH1 data: {"text": "\u62ab", "revise_round": 1}
[2026-05-20 15:16:43] CH1 data: {"text": "\u7532", "revise_round": 1}
[2026-05-20 15:16:43] CH1 data: {"text": "\u672a", "revise_round": 1}
[2026-05-20 15:16:43] CH1 data: {"text": "\u5168", "revise_round": 1}
[2026-05-20 15:16:43] CH1 data: {"text": "\uff0c", "revise_round": 1}
[2026-05-20 15:16:43] CH1 data: {"text": "\u5916", "revise_round": 1}
[2026-05-20 15:16:43] CH1 data: {"text": "\u7f69", "revise_round": 1}
[2026-05-20 15:16:43] CH1 data: {"text": "\u534a", "revise_round": 1}
[2026-05-20 15:16:43] CH1 data: {"text": "\u6e7f", "revise_round": 1}
[2026-05-20 15:16:43] CH1 data: {"text": "\u9752", "revise_round": 1}
[2026-05-20 15:16:43] CH1 data: {"text": "\u6c05", "revise_round": 1}
[2026-05-20 15:16:43] CH1 data: {"text": "\uff0c", "revise_round": 1}
[2026-05-20 15:16:43] CH1 data: {"text": "\u9774", "revise_round": 1}
[2026-05-20 15:16:43] CH1 data: {"text": "\u8ddf", "revise_round": 1}
[2026-05-20 15:16:43] CH1 data: {"text": "\u8e29", "revise_round": 1}
[2026-05-20 15:16:43] CH1 data: {"text": "\u8fdb", "revise_round": 1}
[2026-05-20 15:16:43] CH1 data: {"text": "\u6c34", "revise_round": 1}
[2026-05-20 15:16:43] CH1 data: {"text": "\u91cc", "revise_round": 1}
[2026-05-20 15:16:43] CH1 data: {"text": "\uff0c", "revise_round": 1}
[2026-05-20 15:16:43] CH1 data: {"text": "\u8fde", "revise_round": 1}
[2026-05-20 15:16:43] CH1 data: {"text": "\u770b", "revise_round": 1}
[2026-05-20 15:16:43] CH1 data: {"text": "\u90fd", "revise_round": 1}
[2026-05-20 15:16:43] CH1 data: {"text": "\u6ca1", "revise_round": 1}
[2026-05-20 15:16:43] CH1 data: {"text": "\u591a", "revise_round": 1}
[2026-05-20 15:16:43] CH1 data: {"text": "\u770b", "revise_round": 1}
[2026-05-20 15:16:43] CH1 data: {"text": "\u4e24", "revise_round": 1}
[2026-05-20 15:16:43] CH1 data: {"text": "\u65c1", "revise_round": 1}
[2026-05-20 15:16:43] CH1 data: {"text": "\u4eba", "revise_round": 1}
[2026-05-20 15:16:43] CH1 data: {"text": "\u5f71", "revise_round": 1}
[2026-05-20 15:16:43] CH1 data: {"text": "\u3002", "revise_round": 1}
[2026-05-20 15:16:43] CH1 data: {"text": "\u4ef5", "revise_round": 1}
[2026-05-20 15:16:43] CH1 data: {"text": "\u4f5c", "revise_round": 1}
[2026-05-20 15:16:43] CH1 data: {"text": "\u62b1", "revise_round": 1}
[2026-05-20 15:16:43] CH1 data: {"text": "\u7740", "revise_round": 1}
[2026-05-20 15:16:43] CH1 data: {"text": "\u9a8c", "revise_round": 1}
[2026-05-20 15:16:43] CH1 data: {"text": "\u5305", "revise_round": 1}
[2026-05-20 15:16:43] CH1 data: {"text": "\u8ddf", "revise_round": 1}
[2026-05-20 15:16:43] CH1 data: {"text": "\u5728", "revise_round": 1}
[2026-05-20 15:16:43] CH1 data: {"text": "\u53f3", "revise_round": 1}
[2026-05-20 15:16:43] CH1 data: {"text": "\u4fa7", "revise_round": 1}
[2026-05-20 15:16:43] CH1 data: {"text": "\uff0c", "revise_round": 1}
[2026-05-20 15:16:43] CH1 data: {"text": "\u8896", "revise_round": 1}
[2026-05-20 15:16:43] CH1 data: {"text": "\u5b50", "revise_round": 1}
[2026-05-20 15:16:43] CH1 data: {"text": "\u624e", "revise_round": 1}
[2026-05-20 15:16:43] CH1 data: {"text": "\u5f97", "revise_round": 1}
[2026-05-20 15:16:43] CH1 data: {"text": "\u7d27", "revise_round": 1}
[2026-05-20 15:16:43] CH1 data: {"text": "\uff1b", "revise_round": 1}
[2026-05-20 15:16:43] CH1 data: {"text": "\u518d", "revise_round": 1}
[2026-05-20 15:16:43] CH1 data: {"text": "\u540e", "revise_round": 1}
[2026-05-20 15:16:43] CH1 data: {"text": "\u534a", "revise_round": 1}
[2026-05-20 15:16:44] CH1 data: {"text": "\u6b65", "revise_round": 1}
[2026-05-20 15:16:44] CH1 data: {"text": "\uff0c\u662f", "revise_round": 1}
[2026-05-20 15:16:44] CH1 data: {"text": "\u4e2a", "revise_round": 1}
[2026-05-20 15:16:44] CH1 data: {"text": "\u62ab", "revise_round": 1}
[2026-05-20 15:16:44] CH1 data: {"text": "\u9ed1", "revise_round": 1}
[2026-05-20 15:16:44] CH1 data: {"text": "\u84d1", "revise_round": 1}
[2026-05-20 15:16:44] CH1 data: {"text": "\u7684", "revise_round": 1}
[2026-05-20 15:16:44] CH1 data: {"text": "\u9ad8", "revise_round": 1}
[2026-05-20 15:16:44] CH1 data: {"text": "\u7626", "revise_round": 1}
[2026-05-20 15:16:44] CH1 data: {"text": "\u4eba", "revise_round": 1}
[2026-05-20 15:16:44] CH1 data: {"text": "\uff0c", "revise_round": 1}
[2026-05-20 15:16:44] CH1 data: {"text": "\u8349", "revise_round": 1}
[2026-05-20 15:16:44] CH1 data: {"text": "\u7b20", "revise_round": 1}
[2026-05-20 15:16:44] CH1 data: {"text": "\u538b", "revise_round": 1}
[2026-05-20 15:16:44] CH1 data: {"text": "\u4f4e", "revise_round": 1}
[2026-05-20 15:16:44] CH1 data: {"text": "\uff0c", "revise_round": 1}
[2026-05-20 15:16:44] CH1 data: {"text": "\u8170", "revise_round": 1}
[2026-05-20 15:16:44] CH1 data: {"text": "\u95f4", "revise_round": 1}
[2026-05-20 15:16:44] CH1 data: {"text": "\u4e00", "revise_round": 1}
[2026-05-20 15:16:44] CH1 data: {"text": "\u9762", "revise_round": 1}
[2026-05-20 15:16:44] CH1 data: {"text": "\u5b88", "revise_round": 1}
[2026-05-20 15:16:44] CH1 data: {"text": "\u5907", "revise_round": 1}
[2026-05-20 15:16:44] CH1 data: {"text": "\u5e9c", "revise_round": 1}
[2026-05-20 15:16:44] CH1 data: {"text": "\u94dc", "revise_round": 1}
[2026-05-20 15:16:44] CH1 data: {"text": "\u724c", "revise_round": 1}
[2026-05-20 15:16:44] CH1 data: {"text": "\u5728", "revise_round": 1}
[2026-05-20 15:16:44] CH1 data: {"text": "\u706f", "revise_round": 1}
[2026-05-20 15:16:44] CH1 data: {"text": "\u4e0b", "revise_round": 1}
[2026-05-20 15:16:44] CH1 data: {"text": "\u95ea", "revise_round": 1}
[2026-05-20 15:16:44] CH1 data: {"text": "\u4e86\u4e00", "revise_round": 1}
[2026-05-20 15:16:44] CH1 data: {"text": "\u4e0b", "revise_round": 1}
[2026-05-20 15:16:44] CH1 data: {"text": "\uff0c", "revise_round": 1}
[2026-05-20 15:16:44] CH1 data: {"text": "\u5dee", "revise_round": 1}
[2026-05-20 15:16:44] CH1 data: {"text": "\u5f79", "revise_round": 1}
[2026-05-20 15:16:44] CH1 data: {"text": "\u89c1", "revise_round": 1}
[2026-05-20 15:16:44] CH1 data: {"text": "\u4ed6", "revise_round": 1}
[2026-05-20 15:16:44] CH1 data: {"text": "\u4fbf", "revise_round": 1}
[2026-05-20 15:16:44] CH1 data: {"text": "\u4fa7", "revise_round": 1}
[2026-05-20 15:16:44] CH1 data: {"text": "\u8eab", "revise_round": 1}
[2026-05-20 15:16:44] CH1 data: {"text": "\u8ba9", "revise_round": 1}
[2026-05-20 15:16:44] CH1 data: {"text": "\u8def", "revise_round": 1}
[2026-05-20 15:16:44] CH1 data: {"text": "\u3002\n\n", "revise_round": 1}
[2026-05-20 15:16:44] CH1 data: {"text": "\u6c88", "revise_round": 1}
[2026-05-20 15:16:44] CH1 data: {"text": "\u7167", "revise_round": 1}
[2026-05-20 15:16:44] CH1 data: {"text": "\u4ecd", "revise_round": 1}
[2026-05-20 15:16:44] CH1 data: {"text": "\u7ad9", "revise_round": 1}
[2026-05-20 15:16:44] CH1 data: {"text": "\u5728", "revise_round": 1}
[2026-05-20 15:16:44] CH1 data: {"text": "\u6ef4", "revise_round": 1}
[2026-05-20 15:16:44] CH1 data: {"text": "\u6c34", "revise_round": 1}
[2026-05-20 15:16:44] CH1 data: {"text": "\u7ebf", "revise_round": 1}
[2026-05-20 15:16:44] CH1 data: {"text": "\u5916", "revise_round": 1}
[2026-05-20 15:16:44] CH1 data: {"text": "\uff0c", "revise_round": 1}
[2026-05-20 15:16:44] CH1 data: {"text": "\u5200", "revise_round": 1}
[2026-05-20 15:16:44] CH1 data: {"text": "\u9798", "revise_round": 1}
[2026-05-20 15:16:44] CH1 data: {"text": "\u6a2a", "revise_round": 1}
[2026-05-20 15:16:44] CH1 data: {"text": "\u7740", "revise_round": 1}
[2026-05-20 15:16:44] CH1 data: {"text": "\uff0c", "revise_round": 1}
[2026-05-20 15:16:44] CH1 data: {"text": "\u521a", "revise_round": 1}
[2026-05-20 15:16:44] CH1 data: {"text": "\u597d", "revise_round": 1}
[2026-05-20 15:16:44] CH1 data: {"text": "\u9694", "revise_round": 1}
[2026-05-20 15:16:44] CH1 data: {"text": "\u5728", "revise_round": 1}
[2026-05-20 15:16:44] CH1 data: {"text": "\u5c38", "revise_round": 1}
[2026-05-20 15:16:44] CH1 data: {"text": "\u4e0e", "revise_round": 1}
[2026-05-20 15:16:44] CH1 data: {"text": "\u4eba", "revise_round": 1}
[2026-05-20 15:16:44] CH1 data: {"text": "\u4e4b\u95f4", "revise_round": 1}
[2026-05-20 15:16:44] CH1 data: {"text": "\u3002", "revise_round": 1}
[2026-05-20 15:16:44] CH1 data: {"text": "\u8001", "revise_round": 1}
[2026-05-20 15:16:44] CH1 data: {"text": "\u66f4", "revise_round": 1}
[2026-05-20 15:16:44] CH1 data: {"text": "\u592b", "revise_round": 1}
[2026-05-20 15:16:44] CH1 data: {"text": "\u88ab", "revise_round": 1}
[2026-05-20 15:16:44] CH1 data: {"text": "\u5e74", "revise_round": 1}
[2026-05-20 15:16:44] CH1 data: {"text": "\u957f", "revise_round": 1}
[2026-05-20 15:16:44] CH1 data: {"text": "\u5de1", "revise_round": 1}
[2026-05-20 15:16:44] CH1 data: {"text": "\u5352", "revise_round": 1}
[2026-05-20 15:16:44] CH1 data: {"text": "\u770b", "revise_round": 1}
[2026-05-20 15:16:44] CH1 data: {"text": "\u7740", "revise_round": 1}
[2026-05-20 15:16:44] CH1 data: {"text": "\uff0c", "revise_round": 1}
[2026-05-20 15:16:44] CH1 data: {"text": "\u7f29", "revise_round": 1}
[2026-05-20 15:16:44] CH1 data: {"text": "\u5728", "revise_round": 1}
[2026-05-20 15:16:44] CH1 data: {"text": "\u5899", "revise_round": 1}
[2026-05-20 15:16:44] CH1 data: {"text": "\u6839", "revise_round": 1}
[2026-05-20 15:16:44] CH1 data: {"text": "\uff0c", "revise_round": 1}
[2026-05-20 15:16:44] CH1 data: {"text": "\u6728", "revise_round": 1}
[2026-05-20 15:16:44] CH1 data: {"text": "\u6886", "revise_round": 1}
[2026-05-20 15:16:44] CH1 data: {"text": "\u6e7f", "revise_round": 1}
[2026-05-20 15:16:44] CH1 data: {"text": "\u5f97", "revise_round": 1}
[2026-05-20 15:16:44] CH1 data: {"text": "\u53d1", "revise_round": 1}
[2026-05-20 15:16:44] CH1 data: {"text": "\u4e4c", "revise_round": 1}
[2026-05-20 15:16:44] CH1 data: {"text": "\uff0c", "revise_round": 1}
[2026-05-20 15:16:44] CH1 data: {"text": "\u8d34", "revise_round": 1}
[2026-05-20 15:16:44] CH1 data: {"text": "\u7740", "revise_round": 1}
[2026-05-20 15:16:44] CH1 data: {"text": "\u80f8", "revise_round": 1}
[2026-05-20 15:16:44] CH1 data: {"text": "\u53e3", "revise_round": 1}
[2026-05-20 15:16:44] CH1 data: {"text": "\u4e0d", "revise_round": 1}
[2026-05-20 15:16:44] CH1 data: {"text": "\u6562", "revise_round": 1}
[2026-05-20 15:16:44] CH1 data: {"text": "\u6492", "revise_round": 1}
[2026-05-20 15:16:44] CH1 data: {"text": "\u624b", "revise_round": 1}
[2026-05-20 15:16:44] CH1 data: {"text": "\u3002\n\n", "revise_round": 1}
[2026-05-20 15:16:44] CH1 data: {"text": "\u5b88", "revise_round": 1}
[2026-05-20 15:16:44] CH1 data: {"text": "\u5907", "revise_round": 1}
[2026-05-20 15:16:44] CH1 data: {"text": "\u505c", "revise_round": 1}
[2026-05-20 15:16:44] CH1 data: {"text": "\u5728", "revise_round": 1}
[2026-05-20 15:16:44] CH1 data: {"text": "\u7ef3", "revise_round": 1}
[2026-05-20 15:16:44] CH1 data: {"text": "\u5916", "revise_round": 1}
[2026-05-20 15:16:45] CH1 data: {"text": "\uff0c\u53ea", "revise_round": 1}
[2026-05-20 15:16:45] CH1 data: {"text": "\u626b", "revise_round": 1}
[2026-05-20 15:16:45] CH1 data: {"text": "\u4e00", "revise_round": 1}
[2026-05-20 15:16:45] CH1 data: {"text": "\u773c", "revise_round": 1}
[2026-05-20 15:16:45] CH1 data: {"text": "\u706f", "revise_round": 1}
[2026-05-20 15:16:45] CH1 data: {"text": "\uff0c\u4e00", "revise_round": 1}
[2026-05-20 15:16:45] CH1 data: {"text": "\u773c", "revise_round": 1}
[2026-05-20 15:16:45] CH1 data: {"text": "\u5c38", "revise_round": 1}
[2026-05-20 15:16:45] CH1 data: {"text": "\uff0c", "revise_round": 1}
[2026-05-20 15:16:45] CH1 data: {"text": "\u4fbf", "revise_round": 1}
[2026-05-20 15:16:45] CH1 data: {"text": "\u671d", "revise_round": 1}
[2026-05-20 15:16:45] CH1 data: {"text": "\u638c", "revise_round": 1}
[2026-05-20 15:16:45] CH1 data: {"text": "\u518c", "revise_round": 1}
[2026-05-20 15:16:45] CH1 data: {"text": "\u5dee", "revise_round": 1}
[2026-05-20 15:16:45] CH1 data: {"text": "\u5f79", "revise_round": 1}
[2026-05-20 15:16:45] CH1 data: {"text": "\u62ac", "revise_round": 1}
[2026-05-20 15:16:45] CH1 data: {"text": "\u624b", "revise_round": 1}
[2026-05-20 15:16:45] CH1 data: {"text": "\uff1a\u201c", "revise_round": 1}
[2026-05-20 15:16:45] CH1 data: {"text": "\u5f00", "revise_round": 1}
[2026-05-20 15:16:45] CH1 data: {"text": "\u518c", "revise_round": 1}
[2026-05-20 15:16:45] CH1 data: {"text": "\u3002", "revise_round": 1}
[2026-05-20 15:16:45] CH1 data: {"text": "\u96e8", "revise_round": 1}
[2026-05-20 15:16:45] CH1 data: {"text": "\u591c", "revise_round": 1}
[2026-05-20 15:16:45] CH1 data: {"text": "\u7eed", "revise_round": 1}
[2026-05-20 15:16:45] CH1 data: {"text": "\u9b42", "revise_round": 1}
[2026-05-20 15:16:45] CH1 data: {"text": "\u706f", "revise_round": 1}
[2026-05-20 15:16:45] CH1 data: {"text": "\uff0c", "revise_round": 1}
[2026-05-20 15:16:45] CH1 data: {"text": "\u6b7b\u4eba", "revise_round": 1}
[2026-05-20 15:16:45] CH1 data: {"text": "\u8dea", "revise_round": 1}
[2026-05-20 15:16:45] CH1 data: {"text": "\u6a90", "revise_round": 1}
[2026-05-20 15:16:45] CH1 data: {"text": "\uff0c\u8fd9", "revise_round": 1}
[2026-05-20 15:16:45] CH1 data: {"text": "\u6848", "revise_round": 1}
[2026-05-20 15:16:45] CH1 data: {"text": "\u5b50", "revise_round": 1}
[2026-05-20 15:16:45] CH1 data: {"text": "\u8fd8", "revise_round": 1}
[2026-05-20 15:16:45] CH1 data: {"text": "\u7b49", "revise_round": 1}
[2026-05-20 15:16:45] CH1 data: {"text": "\u4ec0\u4e48", "revise_round": 1}
[2026-05-20 15:16:45] CH1 data: {"text": "\uff1f", "revise_round": 1}
[2026-05-20 15:16:45] CH1 data: {"text": "\u5148", "revise_round": 1}
[2026-05-20 15:16:45] CH1 data: {"text": "\u8bb0", "revise_round": 1}
[2026-05-20 15:16:45] CH1 data: {"text": "\u5996", "revise_round": 1}
[2026-05-20 15:16:45] CH1 data: {"text": "\u7591", "revise_round": 1}
[2026-05-20 15:16:45] CH1 data: {"text": "\uff0c\u66f4", "revise_round": 1}
[2026-05-20 15:16:45] CH1 data: {"text": "\u592b", "revise_round": 1}
[2026-05-20 15:16:45] CH1 data: {"text": "\u9501", "revise_round": 1}
[2026-05-20 15:16:45] CH1 data: {"text": "\u4e86", "revise_round": 1}
[2026-05-20 15:16:45] CH1 data: {"text": "\u3002", "revise_round": 1}
[2026-05-20 15:16:45] CH1 data: {"text": "\u9996", "revise_round": 1}
[2026-05-20 15:16:45] CH1 data: {"text": "\u89c1", "revise_round": 1}
[2026-05-20 15:16:45] CH1 data: {"text": "\u7684\u662f", "revise_round": 1}
[2026-05-20 15:16:45] CH1 data: {"text": "\u8c01", "revise_round": 1}
[2026-05-20 15:16:45] CH1 data: {"text": "\uff0c", "revise_round": 1}
[2026-05-20 15:16:45] CH1 data: {"text": "\u8c01", "revise_round": 1}
[2026-05-20 15:16:45] CH1 data: {"text": "\u843d", "revise_round": 1}
[2026-05-20 15:16:45] CH1 data: {"text": "\u4f9b", "revise_round": 1}
[2026-05-20 15:16:45] CH1 data: {"text": "\u3002\u201d\n\n", "revise_round": 1}
[2026-05-20 15:16:45] CH1 data: {"text": "\u638c", "revise_round": 1}
[2026-05-20 15:16:45] CH1 data: {"text": "\u518c", "revise_round": 1}
[2026-05-20 15:16:45] CH1 data: {"text": "\u5dee", "revise_round": 1}
[2026-05-20 15:16:45] CH1 data: {"text": "\u5f79", "revise_round": 1}
[2026-05-20 15:16:45] CH1 data: {"text": "\u7b54", "revise_round": 1}
[2026-05-20 15:16:45] CH1 data: {"text": "\u5e94", "revise_round": 1}
[2026-05-20 15:16:45] CH1 data: {"text": "\u7740", "revise_round": 1}
[2026-05-20 15:16:45] CH1 data: {"text": "\u6380", "revise_round": 1}
[2026-05-20 15:16:45] CH1 data: {"text": "\u5f00", "revise_round": 1}
[2026-05-20 15:16:45] CH1 data: {"text": "\u6cb9", "revise_round": 1}
[2026-05-20 15:16:45] CH1 data: {"text": "\u5e03", "revise_round": 1}
[2026-05-20 15:16:45] CH1 data: {"text": "\u5939", "revise_round": 1}
[2026-05-20 15:16:45] CH1 data: {"text": "\u677f", "revise_round": 1}
[2026-05-20 15:16:45] CH1 data: {"text": "\uff0c", "revise_round": 1}
[2026-05-20 15:16:45] CH1 data: {"text": "\u7b14", "revise_round": 1}
[2026-05-20 15:16:45] CH1 data: {"text": "\u5c16", "revise_round": 1}
[2026-05-20 15:16:45] CH1 data: {"text": "\u5728", "revise_round": 1}
[2026-05-20 15:16:45] CH1 data: {"text": "\u96e8", "revise_round": 1}
[2026-05-20 15:16:45] CH1 data: {"text": "\u6c14", "revise_round": 1}
[2026-05-20 15:16:45] CH1 data: {"text": "\u91cc", "revise_round": 1}
[2026-05-20 15:16:45] CH1 data: {"text": "\u6296", "revise_round": 1}
[2026-05-20 15:16:45] CH1 data: {"text": "\u4e86\u4e00", "revise_round": 1}
[2026-05-20 15:16:45] CH1 data: {"text": "\u4e0b", "revise_round": 1}
[2026-05-20 15:16:45] CH1 data: {"text": "\u3002", "revise_round": 1}
[2026-05-20 15:16:45] CH1 data: {"text": "\u4e24", "revise_round": 1}
[2026-05-20 15:16:45] CH1 data: {"text": "\u540d", "revise_round": 1}
[2026-05-20 15:16:45] CH1 data: {"text": "\u5dee", "revise_round": 1}
[2026-05-20 15:16:45] CH1 data: {"text": "\u5f79", "revise_round": 1}
[2026-05-20 15:16:45] CH1 data: {"text": "\u5df2\u7ecf", "revise_round": 1}
[2026-05-20 15:16:45] CH1 data: {"text": "\u6251", "revise_round": 1}
[2026-05-20 15:16:45] CH1 data: {"text": "\u5411", "revise_round": 1}
[2026-05-20 15:16:45] CH1 data: {"text": "\u8001", "revise_round": 1}
[2026-05-20 15:16:45] CH1 data: {"text": "\u66f4", "revise_round": 1}
[2026-05-20 15:16:45] CH1 data: {"text": "\u592b", "revise_round": 1}
[2026-05-20 15:16:46] CH1 data: {"text": "\uff0c\u628a", "revise_round": 1}
[2026-05-20 15:16:46] CH1 data: {"text": "\u4eba", "revise_round": 1}
[2026-05-20 15:16:46] CH1 data: {"text": "\u62e7", "revise_round": 1}
[2026-05-20 15:16:46] CH1 data: {"text": "\u5f97", "revise_round": 1}
[2026-05-20 15:16:46] CH1 data: {"text": "\u76f4", "revise_round": 1}
[2026-05-20 15:16:46] CH1 data: {"text": "\u62bd", "revise_round": 1}
[2026-05-20 15:16:46] CH1 data: {"text": "\u51c9", "revise_round": 1}
[2026-05-20 15:16:46] CH1 data: {"text": "\u6c14", "revise_round": 1}
[2026-05-20 15:16:46] CH1 data: {"text": "\u3002", "revise_round": 1}
[2026-05-20 15:16:46] CH1 data: {"text": "\u90a3", "revise_round": 1}
[2026-05-20 15:16:46] CH1 data: {"text": "\u6728", "revise_round": 1}
[2026-05-20 15:16:46] CH1 data: {"text": "\u6886", "revise_round": 1}
[2026-05-20 15:16:46] CH1 data: {"text": "\u201c", "revise_round": 1}
[2026-05-20 15:16:46] CH1 data: {"text": "\u549a", "revise_round": 1}
[2026-05-20 15:16:46] CH1 data: {"text": "\u201d", "revise_round": 1}
[2026-05-20 15:16:46] CH1 data: {"text": "\u5730", "revise_round": 1}
[2026-05-20 15:16:46] CH1 data: {"text": "\u649e", "revise_round": 1}
[2026-05-20 15:16:46] CH1 data: {"text": "\u4e0a", "revise_round": 1}
[2026-05-20 15:16:46] CH1 data: {"text": "\u5899", "revise_round": 1}
[2026-05-20 15:16:46] CH1 data: {"text": "\uff0c\u53c8", "revise_round": 1}
[2026-05-20 15:16:46] CH1 data: {"text": "\u5f39", "revise_round": 1}
[2026-05-20 15:16:46] CH1 data: {"text": "\u56de", "revise_round": 1}
[2026-05-20 15:16:46] CH1 data: {"text": "\u4ed6", "revise_round": 1}
[2026-05-20 15:16:46] CH1 data: {"text": "\u808b", "revise_round": 1}
[2026-05-20 15:16:46] CH1 data: {"text": "\u4e0b", "revise_round": 1}
[2026-05-20 15:16:46] CH1 data: {"text": "\u3002\n\n", "revise_round": 1}
[2026-05-20 15:16:46] CH1 data: {"text": "\u201c", "revise_round": 1}
[2026-05-20 15:16:46] CH1 data: {"text": "\u6162", "revise_round": 1}
[2026-05-20 15:16:46] CH1 data: {"text": "\u3002\u201d", "revise_round": 1}
[2026-05-20 15:16:46] CH1 data: {"text": "\u6c88", "revise_round": 1}
[2026-05-20 15:16:46] CH1 data: {"text": "\u7167", "revise_round": 1}
[2026-05-20 15:16:46] CH1 data: {"text": "\u5f80", "revise_round": 1}
[2026-05-20 15:16:46] CH1 data: {"text": "\u524d", "revise_round": 1}
[2026-05-20 15:16:46] CH1 data: {"text": "\u534a", "revise_round": 1}
[2026-05-20 15:16:46] CH1 data: {"text": "\u6b65", "revise_round": 1}
[2026-05-20 15:16:46] CH1 data: {"text": "\uff0c", "revise_round": 1}
[2026-05-20 15:16:46] CH1 data: {"text": "\u58f0\u97f3", "revise_round": 1}
[2026-05-20 15:16:46] CH1 data: {"text": "\u4e0d", "revise_round": 1}
[2026-05-20 15:16:46] CH1 data: {"text": "\u9ad8", "revise_round": 1}
[2026-05-20 15:16:46] CH1 data: {"text": "\uff0c\u5374", "revise_round": 1}
[2026-05-20 15:16:46] CH1 data: {"text": "\u538b", "revise_round": 1}
[2026-05-20 15:16:46] CH1 data: {"text": "\u4f4f", "revise_round": 1}
[2026-05-20 15:16:46] CH1 data: {"text": "\u4e86", "revise_round": 1}
[2026-05-20 15:16:46] CH1 data: {"text": "\u90a3", "revise_round": 1}
[2026-05-20 15:16:46] CH1 data: {"text": "\u4e00\u4e0b", "revise_round": 1}
[2026-05-20 15:16:46] CH1 data: {"text": "\u54cd", "revise_round": 1}
[2026-05-20 15:16:46] CH1 data: {"text": "\uff0c\u201c", "revise_round": 1}
[2026-05-20 15:16:46] CH1 data: {"text": "\u9996", "revise_round": 1}
[2026-05-20 15:16:46] CH1 data: {"text": "\u89c1", "revise_round": 1}
[2026-05-20 15:16:46] CH1 data: {"text": "\u5730", "revise_round": 1}
[2026-05-20 15:16:46] CH1 data: {"text": "\u8fd8", "revise_round": 1}
[2026-05-20 15:16:47] CH1 data: {"text": "\u6ca1", "revise_round": 1}
[2026-05-20 15:16:47] CH1 data: {"text": "\u52d8", "revise_round": 1}
[2026-05-20 15:16:47] CH1 data: {"text": "\u5b8c", "revise_round": 1}
[2026-05-20 15:16:47] CH1 data: {"text": "\uff0c", "revise_round": 1}
[2026-05-20 15:16:47] CH1 data: {"text": "\u5996", "revise_round": 1}
[2026-05-20 15:16:47] CH1 data: {"text": "\u5b57", "revise_round": 1}
[2026-05-20 15:16:47] CH1 data: {"text": "\u4e0d\u80fd", "revise_round": 1}
[2026-05-20 15:16:47] CH1 data: {"text": "\u5148", "revise_round": 1}
[2026-05-20 15:16:47] CH1 data: {"text": "\u843d", "revise_round": 1}
[2026-05-20 15:16:47] CH1 data: {"text": "\u3002\u201d\n\n", "revise_round": 1}
[2026-05-20 15:16:47] CH1 data: {"text": "\u5b88", "revise_round": 1}
[2026-05-20 15:16:47] CH1 data: {"text": "\u5907", "revise_round": 1}
[2026-05-20 15:16:47] CH1 data: {"text": "\u8fd9", "revise_round": 1}
[2026-05-20 15:16:47] CH1 data: {"text": "\u624d", "revise_round": 1}
[2026-05-20 15:16:47] CH1 data: {"text": "\u770b", "revise_round": 1}
[2026-05-20 15:16:47] CH1 data: {"text": "\u5411", "revise_round": 1}
[2026-05-20 15:16:47] CH1 data: {"text": "\u4ed6", "revise_round": 1}
[2026-05-20 15:16:47] CH1 data: {"text": "\uff1a\u201c", "revise_round": 1}
[2026-05-20 15:16:47] CH1 data: {"text": "\u4f60", "revise_round": 1}
[2026-05-20 15:16:47] CH1 data: {"text": "\u8981", "revise_round": 1}
[2026-05-20 15:16:47] CH1 data: {"text": "\u6559", "revise_round": 1}
[2026-05-20 15:16:47] CH1 data: {"text": "\u6211", "revise_round": 1}
[2026-05-20 15:16:47] CH1 data: {"text": "\u529e", "revise_round": 1}
[2026-05-20 15:16:47] CH1 data: {"text": "\u6848", "revise_round": 1}
[2026-05-20 15:16:47] CH1 data: {"text": "\uff1f\u201d\n\n", "revise_round": 1}
[2026-05-20 15:16:47] CH1 data: {"text": "\u201c", "revise_round": 1}
[2026-05-20 15:16:47] CH1 data: {"text": "\u6211", "revise_round": 1}
[2026-05-20 15:16:47] CH1 data: {"text": "\u53ea", "revise_round": 1}
[2026-05-20 15:16:47] CH1 data: {"text": "\u8ba4", "revise_round": 1}
[2026-05-20 15:16:47] CH1 data: {"text": "\u89c1", "revise_round": 1}
[2026-05-20 15:16:47] CH1 data: {"text": "\u5230", "revise_round": 1}
[2026-05-20 15:16:47] CH1 data: {"text": "\u7684", "revise_round": 1}
[2026-05-20 15:16:47] CH1 data: {"text": "\u3002\u201d", "revise_round": 1}
[2026-05-20 15:16:47] CH1 data: {"text": "\u6c88", "revise_round": 1}
[2026-05-20 15:16:47] CH1 data: {"text": "\u7167", "revise_round": 1}
[2026-05-20 15:16:47] CH1 data: {"text": "\u7b54", "revise_round": 1}
[2026-05-20 15:16:47] CH1 data: {"text": "\u5f97", "revise_round": 1}
[2026-05-20 15:16:47] CH1 data: {"text": "\u786c", "revise_round": 1}
[2026-05-20 15:16:47] CH1 data: {"text": "\uff0c\u201c", "revise_round": 1}
[2026-05-20 15:16:47] CH1 data: {"text": "\u4f9b", "revise_round": 1}
[2026-05-20 15:16:47] CH1 data: {"text": "\u7eb8", "revise_round": 1}
[2026-05-20 15:16:47] CH1 data: {"text": "\u62ff", "revise_round": 1}
[2026-05-20 15:16:47] CH1 data: {"text": "\u6765", "revise_round": 1}
[2026-05-20 15:16:47] CH1 data: {"text": "\uff0c\u6211", "revise_round": 1}
[2026-05-20 15:16:47] CH1 data: {"text": "\u4e5f", "revise_round": 1}
[2026-05-20 15:16:47] CH1 data: {"text": "\u53ea", "revise_round": 1}
[2026-05-20 15:16:47] CH1 data: {"text": "\u5199", "revise_round": 1}
[2026-05-20 15:16:47] CH1 data: {"text": "\u89c1", "revise_round": 1}
[2026-05-20 15:16:47] CH1 data: {"text": "\u5230", "revise_round": 1}
[2026-05-20 15:16:47] CH1 data: {"text": "\u7684", "revise_round": 1}
[2026-05-20 15:16:47] CH1 data: {"text": "\u3002\u201d\n\n", "revise_round": 1}
[2026-05-20 15:16:47] CH1 data: {"text": "\u7a97", "revise_round": 1}
[2026-05-20 15:16:47] CH1 data: {"text": "\u7eb8", "revise_round": 1}
[2026-05-20 15:16:47] CH1 data: {"text": "\u540e", "revise_round": 1}
[2026-05-20 15:16:48] CH1 data: {"text": "\u6709\u4eba", "revise_round": 1}
[2026-05-20 15:16:48] CH1 data: {"text": "\u632a", "revise_round": 1}
[2026-05-20 15:16:48] CH1 data: {"text": "\u8fd1", "revise_round": 1}
[2026-05-20 15:16:48] CH1 data: {"text": "\uff0c", "revise_round": 1}
[2026-05-20 15:16:48] CH1 data: {"text": "\u51e0", "revise_round": 1}
[2026-05-20 15:16:48] CH1 data: {"text": "\u5904", "revise_round": 1}
[2026-05-20 15:16:48] CH1 data: {"text": "\u6728", "revise_round": 1}
[2026-05-20 15:16:48] CH1 data: {"text": "\u7a97", "revise_round": 1}
[2026-05-20 15:16:48] CH1 data: {"text": "\u90fd", "revise_round": 1}
[2026-05-20 15:16:48] CH1 data: {"text": "\u5f00", "revise_round": 1}
[2026-05-20 15:16:48] CH1 data: {"text": "\u51fa", "revise_round": 1}
[2026-05-20 15:16:48] CH1 data: {"text": "\u7ec6", "revise_round": 1}
[2026-05-20 15:16:48] CH1 data: {"text": "\u7f1d", "revise_round": 1}
[2026-05-20 15:16:48] CH1 data: {"text": "\uff0c", "revise_round": 1}
[2026-05-20 15:16:48] CH1 data: {"text": "\u96e8", "revise_round": 1}
[2026-05-20 15:16:48] CH1 data: {"text": "\u96fe", "revise_round": 1}
[2026-05-20 15:16:48] CH1 data: {"text": "\u91cc", "revise_round": 1}
[2026-05-20 15:16:48] CH1 data: {"text": "\u80fd", "revise_round": 1}
[2026-05-20 15:16:48] CH1 data: {"text": "\u770b", "revise_round": 1}
[2026-05-20 15:16:48] CH1 data: {"text": "\u89c1", "revise_round": 1}
[2026-05-20 15:16:48] CH1 data: {"text": "\u9f3b", "revise_round": 1}
[2026-05-20 15:16:48] CH1 data: {"text": "\u606f", "revise_round": 1}
[2026-05-20 15:16:48] CH1 data: {"text": "\u55b7", "revise_round": 1}
[2026-05-20 15:16:48] CH1 data: {"text": "\u767d", "revise_round": 1}
[2026-05-20 15:16:48] CH1 data: {"text": "\u3002", "revise_round": 1}
[2026-05-20 15:16:48] CH1 data: {"text": "\u638c", "revise_round": 1}
[2026-05-20 15:16:48] CH1 data: {"text": "\u518c", "revise_round": 1}
[2026-05-20 15:16:48] CH1 data: {"text": "\u5dee", "revise_round": 1}
[2026-05-20 15:16:48] CH1 data: {"text": "\u5f79", "revise_round": 1}
[2026-05-20 15:16:48] CH1 data: {"text": "\u60ac", "revise_round": 1}
[2026-05-20 15:16:48] CH1 data: {"text": "\u7740", "revise_round": 1}
[2026-05-20 15:16:48] CH1 data: {"text": "\u7b14", "revise_round": 1}
[2026-05-20 15:16:48] CH1 data: {"text": "\uff0c\u4e0d", "revise_round": 1}
[2026-05-20 15:16:48] CH1 data: {"text": "\u6562", "revise_round": 1}
[2026-05-20 15:16:48] CH1 data: {"text": "\u5148", "revise_round": 1}
[2026-05-20 15:16:48] CH1 data: {"text": "\u5199", "revise_round": 1}
[2026-05-20 15:16:48] CH1 data: {"text": "\u3002", "revise_round": 1}
[2026-05-20 15:16:48] CH1 data: {"text": "\u5b88", "revise_round": 1}
[2026-05-20 15:16:48] CH1 data: {"text": "\u5907", "revise_round": 1}
[2026-05-20 15:16:48] CH1 data: {"text": "\u7684", "revise_round": 1}
[2026-05-20 15:16:48] CH1 data: {"text": "\u8138", "revise_round": 1}
[2026-05-20 15:16:48] CH1 data: {"text": "\u6c89", "revise_round": 1}
[2026-05-20 15:16:48] CH1 data: {"text": "\u4e0b\u6765", "revise_round": 1}
[2026-05-20 15:16:48] CH1 data: {"text": "\uff1a\u201c", "revise_round": 1}
[2026-05-20 15:16:48] CH1 data: {"text": "\u90a3", "revise_round": 1}
[2026-05-20 15:16:48] CH1 data: {"text": "\u4f60", "revise_round": 1}
[2026-05-20 15:16:48] CH1 data: {"text": "\u8bf4", "revise_round": 1}
[2026-05-20 15:16:48] CH1 data: {"text": "\u3002", "revise_round": 1}
[2026-05-20 15:16:48] CH1 data: {"text": "\u8bf4", "revise_round": 1}
[2026-05-20 15:16:48] CH1 data: {"text": "\u4e0d", "revise_round": 1}
[2026-05-20 15:16:48] CH1 data: {"text": "\u51fa", "revise_round": 1}
[2026-05-20 15:16:48] CH1 data: {"text": "\u4e2a", "revise_round": 1}
[2026-05-20 15:16:49] CH1 data: {"text": "\u6240\u4ee5", "revise_round": 1}
[2026-05-20 15:16:49] CH1 data: {"text": "\u7136", "revise_round": 1}
[2026-05-20 15:16:49] CH1 data: {"text": "\uff0c", "revise_round": 1}
[2026-05-20 15:16:49] CH1 data: {"text": "\u4eca", "revise_round": 1}
[2026-05-20 15:16:49] CH1 data: {"text": "\u591c", "revise_round": 1}
[2026-05-20 15:16:49] CH1 data: {"text": "\u4f60", "revise_round": 1}
[2026-05-20 15:16:49] CH1 data: {"text": "\u548c", "revise_round": 1}
[2026-05-20 15:16:49] CH1 data: {"text": "\u4ed6", "revise_round": 1}
[2026-05-20 15:16:49] CH1 data: {"text": "\u4e00", "revise_round": 1}
[2026-05-20 15:16:49] CH1 data: {"text": "\u5e76", "revise_round": 1}
[2026-05-20 15:16:49] CH1 data: {"text": "\u62c5", "revise_round": 1}
[2026-05-20 15:16:49] CH1 data: {"text": "\u3002\u201d\n\n", "revise_round": 1}
[2026-05-20 15:16:49] CH1 data: {"text": "\u6c88", "revise_round": 1}
[2026-05-20 15:16:49] CH1 data: {"text": "\u7167", "revise_round": 1}
[2026-05-20 15:16:49] CH1 data: {"text": "\u62ac", "revise_round": 1}
[2026-05-20 15:16:49] CH1 data: {"text": "\u624b", "revise_round": 1}
[2026-05-20 15:16:49] CH1 data: {"text": "\uff0c", "revise_round": 1}
[2026-05-20 15:16:49] CH1 data: {"text": "\u5148", "revise_round": 1}
[2026-05-20 15:16:49] CH1 data: {"text": "\u70b9", "revise_round": 1}
[2026-05-20 15:16:49] CH1 data: {"text": "\u6a90", "revise_round": 1}
[2026-05-20 15:16:49] CH1 data: {"text": "\u4e0b", "revise_round": 1}
[2026-05-20 15:16:49] CH1 data: {"text": "\u90a3", "revise_round": 1}
[2026-05-20 15:16:49] CH1 data: {"text": "\u76cf", "revise_round": 1}
[2026-05-20 15:16:49] CH1 data: {"text": "\u706f", "revise_round": 1}
[2026-05-20 15:16:49] CH1 data: {"text": "\u3002\n\n", "revise_round": 1}
[2026-05-20 15:16:49] CH1 data: {"text": "\u201c", "revise_round": 1}
[2026-05-20 15:16:49] CH1 data: {"text": "\u7b2c\u4e00", "revise_round": 1}
[2026-05-20 15:16:49] CH1 data: {"text": "\uff0c", "revise_round": 1}
[2026-05-20 15:16:49] CH1 data: {"text": "\u706f", "revise_round": 1}
[2026-05-20 15:16:49] CH1 data: {"text": "\u4f4d", "revise_round": 1}
[2026-05-20 15:16:49] CH1 data: {"text": "\u4e0d", "revise_round": 1}
[2026-05-20 15:16:49] CH1 data: {"text": "\u5408", "revise_round": 1}
[2026-05-20 15:16:49] CH1 data: {"text": "\u793c", "revise_round": 1}
[2026-05-20 15:16:49] CH1 data: {"text": "\u3002", "revise_round": 1}
[2026-05-20 15:16:49] CH1 data: {"text": "\u9b42", "revise_round": 1}
[2026-05-20 15:16:49] CH1 data: {"text": "\u706f", "revise_round": 1}
[2026-05-20 15:16:49] CH1 data: {"text": "\u53ea", "revise_round": 1}
[2026-05-20 15:16:49] CH1 data: {"text": "\u7ed9", "revise_round": 1}
[2026-05-20 15:16:49] CH1 data: {"text": "\u65b0", "revise_round": 1}
[2026-05-20 15:16:49] CH1 data: {"text": "\u6b7b", "revise_round": 1}
[2026-05-20 15:16:49] CH1 data: {"text": "\u7167", "revise_round": 1}
[2026-05-20 15:16:49] CH1 data: {"text": "\u8def", "revise_round": 1}
[2026-05-20 15:16:49] CH1 data: {"text": "\uff0c", "revise_round": 1}
[2026-05-20 15:16:49] CH1 data: {"text": "\u6302", "revise_round": 1}
[2026-05-20 15:16:49] CH1 data: {"text": "\u5728", "revise_round": 1}
[2026-05-20 15:16:49] CH1 data: {"text": "\u5b88", "revise_round": 1}
[2026-05-20 15:16:49] CH1 data: {"text": "\u7075", "revise_round": 1}
[2026-05-20 15:16:49] CH1 data: {"text": "\u5904", "revise_round": 1}
[2026-05-20 15:16:49] CH1 data: {"text": "\uff0c", "revise_round": 1}
[2026-05-20 15:16:49] CH1 data: {"text": "\u7167", "revise_round": 1}
[2026-05-20 15:16:49] CH1 data: {"text": "\u524d", "revise_round": 1}
[2026-05-20 15:16:49] CH1 data: {"text": "\u8def", "revise_round": 1}
[2026-05-20 15:16:49] CH1 data: {"text": "\uff0c\u4e0d", "revise_round": 1}
[2026-05-20 15:16:50] CH1 data: {"text": "\u7167", "revise_round": 1}
[2026-05-20 15:16:50] CH1 data: {"text": "\u5c38", "revise_round": 1}
[2026-05-20 15:16:50] CH1 data: {"text": "\u8138", "revise_round": 1}
[2026-05-20 15:16:50] CH1 data: {"text": "\u3002", "revise_round": 1}
[2026-05-20 15:16:50] CH1 data: {"text": "\u5b83", "revise_round": 1}
[2026-05-20 15:16:50] CH1 data: {"text": "\u504f", "revise_round": 1}
[2026-05-20 15:16:50] CH1 data: {"text": "\u504f", "revise_round": 1}
[2026-05-20 15:16:50] CH1 data: {"text": "\u540a", "revise_round": 1}
[2026-05-20 15:16:50] CH1 data: {"text": "\u5728", "revise_round": 1}
[2026-05-20 15:16:50] CH1 data: {"text": "\u5e9f", "revise_round": 1}
[2026-05-20 15:16:50] CH1 data: {"text": "\u94fa", "revise_round": 1}
[2026-05-20 15:16:50] CH1 data: {"text": "\u6a90", "revise_round": 1}
[2026-05-20 15:16:50] CH1 data: {"text": "\u53e3", "revise_round": 1}
[2026-05-20 15:16:50] CH1 data: {"text": "\uff0c", "revise_round": 1}
[2026-05-20 15:16:50] CH1 data: {"text": "\u6b63", "revise_round": 1}
[2026-05-20 15:16:50] CH1 data: {"text": "\u51b2", "revise_round": 1}
[2026-05-20 15:16:50] CH1 data: {"text": "\u7740", "revise_round": 1}
[2026-05-20 15:16:50] CH1 data: {"text": "\u8fd9", "revise_round": 1}
[2026-05-20 15:16:50] CH1 data: {"text": "\u534a", "revise_round": 1}
[2026-05-20 15:16:50] CH1 data: {"text": "\u8fb9", "revise_round": 1}
[2026-05-20 15:16:50] CH1 data: {"text": "\u8138", "revise_round": 1}
[2026-05-20 15:16:50] CH1 data: {"text": "\u3002", "revise_round": 1}
[2026-05-20 15:16:50] CH1 data: {"text": "\u4e0d\u662f", "revise_round": 1}
[2026-05-20 15:16:50] CH1 data: {"text": "\u649e", "revise_round": 1}
[2026-05-20 15:16:50] CH1 data: {"text": "\u5de7", "revise_round": 1}
[2026-05-20 15:16:50] CH1 data: {"text": "\uff0c\u662f", "revise_round": 1}
[2026-05-20 15:16:50] CH1 data: {"text": "\u6709\u4eba", "revise_round": 1}
[2026-05-20 15:16:50] CH1 data: {"text": "\u6545", "revise_round": 1}
[2026-05-20 15:16:50] CH1 data: {"text": "\u610f", "revise_round": 1}
[2026-05-20 15:16:50] CH1 data: {"text": "\u6446", "revise_round": 1}
[2026-05-20 15:16:50] CH1 data: {"text": "\u7ed9", "revise_round": 1}
[2026-05-20 15:16:50] CH1 data: {"text": "\u540e\u6765", "revise_round": 1}
[2026-05-20 15:16:50] CH1 data: {"text": "\u7684\u4eba", "revise_round": 1}
[2026-05-20 15:16:50] CH1 data: {"text": "\u770b", "revise_round": 1}
[2026-05-20 15:16:50] CH1 data: {"text": "\u3002\u201d\n\n", "revise_round": 1}
[2026-05-20 15:16:50] CH1 data: {"text": "\u6307", "revise_round": 1}
[2026-05-20 15:16:50] CH1 data: {"text": "\u5c16", "revise_round": 1}
[2026-05-20 15:16:50] CH1 data: {"text": "\u4e00", "revise_round": 1}
[2026-05-20 15:16:50] CH1 data: {"text": "\u8f6c", "revise_round": 1}
[2026-05-20 15:16:50] CH1 data: {"text": "\uff0c", "revise_round": 1}
[2026-05-20 15:16:50] CH1 data: {"text": "\u843d", "revise_round": 1}
[2026-05-20 15:16:50] CH1 data: {"text": "\u5230", "revise_round": 1}
[2026-05-20 15:16:50] CH1 data: {"text": "\u5c38", "revise_round": 1}
[2026-05-20 15:16:50] CH1 data: {"text": "\u8eab", "revise_round": 1}
[2026-05-20 15:16:50] CH1 data: {"text": "\u819d", "revise_round": 1}
[2026-05-20 15:16:50] CH1 data: {"text": "\u524d", "revise_round": 1}
[2026-05-20 15:16:50] CH1 data: {"text": "\u3002\n\n", "revise_round": 1}
[2026-05-20 15:16:50] CH1 data: {"text": "\u201c", "revise_round": 1}
[2026-05-20 15:16:50] CH1 data: {"text": "\u7b2c\u4e8c", "revise_round": 1}
[2026-05-20 15:16:50] CH1 data: {"text": "\uff0c", "revise_round": 1}
[2026-05-20 15:16:50] CH1 data: {"text": "\u5c38", "revise_round": 1}
[2026-05-20 15:16:50] CH1 data: {"text": "\u59ff", "revise_round": 1}
[2026-05-20 15:16:50] CH1 data: {"text": "\u4e0d", "revise_round": 1}
[2026-05-20 15:16:50] CH1 data: {"text": "\u5408", "revise_round": 1}
[2026-05-20 15:16:51] CH1 data: {"text": "\u6740", "revise_round": 1}
[2026-05-20 15:16:51] CH1 data: {"text": "\u3002", "revise_round": 1}
[2026-05-20 15:16:51] CH1 data: {"text": "\u4e24", "revise_round": 1}
[2026-05-20 15:16:51] CH1 data: {"text": "\u819d", "revise_round": 1}
[2026-05-20 15:16:51] CH1 data: {"text": "\u843d", "revise_round": 1}
[2026-05-20 15:16:51] CH1 data: {"text": "\u5f97", "revise_round": 1}
[2026-05-20 15:16:51] CH1 data: {"text": "\u592a", "revise_round": 1}
[2026-05-20 15:16:51] CH1 data: {"text": "\u9f50", "revise_round": 1}
[2026-05-20 15:16:51] CH1 data: {"text": "\uff0c", "revise_round": 1}
[2026-05-20 15:16:51] CH1 data: {"text": "\u8863", "revise_round": 1}
[2026-05-20 15:16:51] CH1 data: {"text": "\u6446", "revise_round": 1}
[2026-05-20 15:16:51] CH1 data: {"text": "\u88ab", "revise_round": 1}
[2026-05-20 15:16:51] CH1 data: {"text": "\u4eba", "revise_round": 1}
[2026-05-20 15:16:51] CH1 data: {"text": "\u987a", "revise_round": 1}
[2026-05-20 15:16:51] CH1 data: {"text": "\u8fc7", "revise_round": 1}
[2026-05-20 15:16:51] CH1 data: {"text": "\uff0c", "revise_round": 1}
[2026-05-20 15:16:51] CH1 data: {"text": "\u6ef4", "revise_round": 1}
[2026-05-20 15:16:51] CH1 data: {"text": "\u6c34", "revise_round": 1}
[2026-05-20 15:16:51] CH1 data: {"text": "\u7ebf", "revise_round": 1}
[2026-05-20 15:16:51] CH1 data: {"text": "\u6b63", "revise_round": 1}
[2026-05-20 15:16:51] CH1 data: {"text": "\u597d", "revise_round": 1}
[2026-05-20 15:16:51] CH1 data: {"text": "\u907f", "revise_round": 1}
[2026-05-20 15:16:51] CH1 data: {"text": "\u5f00", "revise_round": 1}
[2026-05-20 15:16:51] CH1 data: {"text": "\u3002", "revise_round": 1}
[2026-05-20 15:16:51] CH1 data: {"text": "\u819d", "revise_round": 1}
[2026-05-20 15:16:51] CH1 data: {"text": "\u524d", "revise_round": 1}
[2026-05-20 15:16:51] CH1 data: {"text": "\u62d6", "revise_round": 1}
[2026-05-20 15:16:51] CH1 data: {"text": "\u6c9f", "revise_round": 1}
[2026-05-20 15:16:51] CH1 data: {"text": "\u5230", "revise_round": 1}
[2026-05-20 15:16:51] CH1 data: {"text": "\u8fd9\u91cc", "revise_round": 1}
[2026-05-20 15:16:51] CH1 data: {"text": "\u65ad", "revise_round": 1}
[2026-05-20 15:16:51] CH1 data: {"text": "\uff0c", "revise_round": 1}
[2026-05-20 15:16:51] CH1 data: {"text": "\u80a9", "revise_round": 1}
[2026-05-20 15:16:51] CH1 data: {"text": "\u80cc", "revise_round": 1}
[2026-05-20 15:16:51] CH1 data: {"text": "\u5374", "revise_round": 1}
[2026-05-20 15:16:51] CH1 data: {"text": "\u76f4", "revise_round": 1}
[2026-05-20 15:16:51] CH1 data: {"text": "\u3002", "revise_round": 1}
[2026-05-20 15:16:51] CH1 data: {"text": "\u82e5", "revise_round": 1}
[2026-05-20 15:16:51] CH1 data: {"text": "\u662f", "revise_round": 1}
[2026-05-20 15:16:51] CH1 data: {"text": "\u5996", "revise_round": 1}
[2026-05-20 15:16:51] CH1 data: {"text": "\u795f", "revise_round": 1}
[2026-05-20 15:16:51] CH1 data: {"text": "\u6251", "revise_round": 1}
[2026-05-20 15:16:51] CH1 data: {"text": "\u6740", "revise_round": 1}
[2026-05-20 15:16:51] CH1 data: {"text": "\uff0c", "revise_round": 1}
[2026-05-20 15:16:51] CH1 data: {"text": "\u54ea", "revise_round": 1}
[2026-05-20 15:16:51] CH1 data: {"text": "\u6765", "revise_round": 1}
[2026-05-20 15:16:51] CH1 data: {"text": "\u8fd9", "revise_round": 1}
[2026-05-20 15:16:51] CH1 data: {"text": "\u4efd", "revise_round": 1}
[2026-05-20 15:16:51] CH1 data: {"text": "\u5de5", "revise_round": 1}
[2026-05-20 15:16:51] CH1 data: {"text": "\u6574", "revise_round": 1}
[2026-05-20 15:16:51] CH1 data: {"text": "\uff1f", "revise_round": 1}
[2026-05-20 15:16:51] CH1 data: {"text": "\u8fd9\u662f", "revise_round": 1}
[2026-05-20 15:16:52] CH1 data: {"text": "\u6b7b", "revise_round": 1}
[2026-05-20 15:16:52] CH1 data: {"text": "\u540e", "revise_round": 1}
[2026-05-20 15:16:52] CH1 data: {"text": "\u632a", "revise_round": 1}
[2026-05-20 15:16:52] CH1 data: {"text": "\u8fc7", "revise_round": 1}
[2026-05-20 15:16:52] CH1 data: {"text": "\uff0c", "revise_round": 1}
[2026-05-20 15:16:52] CH1 data: {"text": "\u6446", "revise_round": 1}
[2026-05-20 15:16:52] CH1 data: {"text": "\u8fc7", "revise_round": 1}
[2026-05-20 15:16:52] CH1 data: {"text": "\u3002\u201d\n\n", "revise_round": 1}
[2026-05-20 15:16:52] CH1 data: {"text": "\u8001", "revise_round": 1}
[2026-05-20 15:16:52] CH1 data: {"text": "\u66f4", "revise_round": 1}
[2026-05-20 15:16:52] CH1 data: {"text": "\u592b", "revise_round": 1}
[2026-05-20 15:16:52] CH1 data: {"text": "\u5728", "revise_round": 1}
[2026-05-20 15:16:52] CH1 data: {"text": "\u5dee", "revise_round": 1}
[2026-05-20 15:16:52] CH1 data: {"text": "\u5f79", "revise_round": 1}
[2026-05-20 15:16:52] CH1 data: {"text": "\u624b", "revise_round": 1}
[2026-05-20 15:16:52] CH1 data: {"text": "\u91cc", "revise_round": 1}
[2026-05-20 15:16:52] CH1 data: {"text": "\u62fc", "revise_round": 1}
[2026-05-20 15:16:52] CH1 data: {"text": "\u547d", "revise_round": 1}
[2026-05-20 15:16:52] CH1 data: {"text": "\u70b9", "revise_round": 1}
[2026-05-20 15:16:52] CH1 data: {"text": "\u5934", "revise_round": 1}
[2026-05-20 15:16:52] CH1 data: {"text": "\uff0c", "revise_round": 1}
[2026-05-20 15:16:52] CH1 data: {"text": "\u5589", "revise_round": 1}
[2026-05-20 15:16:52] CH1 data: {"text": "\u5499", "revise_round": 1}
[2026-05-20 15:16:52] CH1 data: {"text": "\u91cc", "revise_round": 1}
[2026-05-20 15:16:52] CH1 data: {"text": "\u53ea", "revise_round": 1}
[2026-05-20 15:16:52] CH1 data: {"text": "\u6324", "revise_round": 1}
[2026-05-20 15:16:52] CH1 data: {"text": "\u51fa", "revise_round": 1}
[2026-05-20 15:16:52] CH1 data: {"text": "\u51e0", "revise_round": 1}
[2026-05-20 15:16:52] CH1 data: {"text": "\u58f0", "revise_round": 1}
[2026-05-20 15:16:52] CH1 data: {"text": "\u7834", "revise_round": 1}
[2026-05-20 15:16:52] CH1 data: {"text": "\u6c14", "revise_round": 1}
[2026-05-20 15:16:52] CH1 data: {"text": "\u3002", "revise_round": 1}
[2026-05-20 15:16:52] CH1 data: {"text": "\u5b88", "revise_round": 1}
[2026-05-20 15:16:52] CH1 data: {"text": "\u5907", "revise_round": 1}
[2026-05-20 15:16:52] CH1 data: {"text": "\u6ca1", "revise_round": 1}
[2026-05-20 15:16:52] CH1 data: {"text": "\u7406", "revise_round": 1}
[2026-05-20 15:16:52] CH1 data: {"text": "\u4ed6", "revise_round": 1}
[2026-05-20 15:16:52] CH1 data: {"text": "\uff0c\u53ea", "revise_round": 1}
[2026-05-20 15:16:52] CH1 data: {"text": "\u76ef", "revise_round": 1}
[2026-05-20 15:16:52] CH1 data: {"text": "\u7740", "revise_round": 1}
[2026-05-20 15:16:52] CH1 data: {"text": "\u6c88", "revise_round": 1}
[2026-05-20 15:16:52] CH1 data: {"text": "\u7167", "revise_round": 1}
[2026-05-20 15:16:52] CH1 data: {"text": "\u3002\n\n", "revise_round": 1}
[2026-05-20 15:16:52] CH1 data: {"text": "\u6c88", "revise_round": 1}
[2026-05-20 15:16:52] CH1 data: {"text": "\u7167", "revise_round": 1}
[2026-05-20 15:16:52] CH1 data: {"text": "\u53c8", "revise_round": 1}
[2026-05-20 15:16:52] CH1 data: {"text": "\u770b", "revise_round": 1}
[2026-05-20 15:16:52] CH1 data: {"text": "\u5411", "revise_round": 1}
[2026-05-20 15:16:52] CH1 data: {"text": "\u90a3", "revise_round": 1}
[2026-05-20 15:16:52] CH1 data: {"text": "\u53ea", "revise_round": 1}
[2026-05-20 15:16:53] CH1 data: {"text": "\u534a", "revise_round": 1}
[2026-05-20 15:16:53] CH1 data: {"text": "\u63a9", "revise_round": 1}
[2026-05-20 15:16:53] CH1 data: {"text": "\u5728", "revise_round": 1}
[2026-05-20 15:16:53] CH1 data: {"text": "\u6e7f", "revise_round": 1}
[2026-05-20 15:16:53] CH1 data: {"text": "\u8896", "revise_round": 1}
[2026-05-20 15:16:53] CH1 data: {"text": "\u91cc\u7684", "revise_round": 1}
[2026-05-20 15:16:53] CH1 data: {"text": "\u624b", "revise_round": 1}
[2026-05-20 15:16:53] CH1 data: {"text": "\uff1a\u201c", "revise_round": 1}
[2026-05-20 15:16:53] CH1 data: {"text": "\u7b2c\u4e09", "revise_round": 1}
[2026-05-20 15:16:53] CH1 data: {"text": "\uff0c", "revise_round": 1}
[2026-05-20 15:16:53] CH1 data: {"text": "\u638c", "revise_round": 1}
[2026-05-20 15:16:53] CH1 data: {"text": "\u91cc", "revise_round": 1}
[2026-05-20 15:16:53] CH1 data: {"text": "\u6709", "revise_round": 1}
[2026-05-20 15:16:53] CH1 data: {"text": "\u706f", "revise_round": 1}
[2026-05-20 15:16:53] CH1 data: {"text": "\u7070", "revise_round": 1}
[2026-05-20 15:16:53] CH1 data: {"text": "\u3002", "revise_round": 1}
[2026-05-20 15:16:53] CH1 data: {"text": "\u66f4", "revise_round": 1}
[2026-05-20 15:16:53] CH1 data: {"text": "\u592b", "revise_round": 1}
[2026-05-20 15:16:53] CH1 data: {"text": "\u82e5", "revise_round": 1}
[2026-05-20 15:16:53] CH1 data: {"text": "\u5728", "revise_round": 1}
[2026-05-20 15:16:53] CH1 data: {"text": "\u8fd9", "revise_round": 1}
[2026-05-20 15:16:53] CH1 data: {"text": "\u96e8", "revise_round": 1}
[2026-05-20 15:16:53] CH1 data: {"text": "\u91cc", "revise_round": 1}
[2026-05-20 15:16:53] CH1 data: {"text": "\u78b0", "revise_round": 1}
[2026-05-20 15:16:53] CH1 data: {"text": "\u706f", "revise_round": 1}
[2026-05-20 15:16:53] CH1 data: {"text": "\u3001", "revise_round": 1}
[2026-05-20 15:16:53] CH1 data: {"text": "\u632a", "revise_round": 1}
[2026-05-20 15:16:53] CH1 data: {"text": "\u5c38", "revise_round": 1}
[2026-05-20 15:16:53] CH1 data: {"text": "\u3001", "revise_round": 1}
[2026-05-20 15:16:53] CH1 data: {"text": "\u518d", "revise_round": 1}
[2026-05-20 15:16:53] CH1 data: {"text": "\u628a", "revise_round": 1}
[2026-05-20 15:16:53] CH1 data: {"text": "\u706f", "revise_round": 1}
[2026-05-20 15:16:53] CH1 data: {"text": "\u7eed", "revise_round": 1}
[2026-05-20 15:16:53] CH1 data: {"text": "\u4f4f", "revise_round": 1}
[2026-05-20 15:16:53] CH1 data: {"text": "\uff0c", "revise_round": 1}
[2026-05-20 15:16:53] CH1 data: {"text": "\u7070", "revise_round": 1}
[2026-05-20 15:16:53] CH1 data: {"text": "\u8be5", "revise_round": 1}
[2026-05-20 15:16:53] CH1 data: {"text": "\u6cbe", "revise_round": 1}
[2026-05-20 15:16:53] CH1 data: {"text": "\u5728", "revise_round": 1}
[2026-05-20 15:16:53] CH1 data: {"text": "\u4ed6", "revise_round": 1}
[2026-05-20 15:16:53] CH1 data: {"text": "\u624b", "revise_round": 1}
[2026-05-20 15:16:53] CH1 data: {"text": "\u80cc", "revise_round": 1}
[2026-05-20 15:16:53] CH1 data: {"text": "\u3001", "revise_round": 1}
[2026-05-20 15:16:53] CH1 data: {"text": "\u8896", "revise_round": 1}
[2026-05-20 15:16:53] CH1 data: {"text": "\u53e3", "revise_round": 1}
[2026-05-20 15:16:53] CH1 data: {"text": "\u3001", "revise_round": 1}
[2026-05-20 15:16:53] CH1 data: {"text": "\u6728", "revise_round": 1}
[2026-05-20 15:16:53] CH1 data: {"text": "\u6886", "revise_round": 1}
[2026-05-20 15:16:53] CH1 data: {"text": "\u8fb9", "revise_round": 1}
[2026-05-20 15:16:53] CH1 data: {"text": "\uff0c", "revise_round": 1}
[2026-05-20 15:16:53] CH1 data: {"text": "\u7cca", "revise_round": 1}
[2026-05-20 15:16:53] CH1 data: {"text": "\u6210", "revise_round": 1}
[2026-05-20 15:16:54] CH1 data: {"text": "\u4e00", "revise_round": 1}
[2026-05-20 15:16:54] CH1 data: {"text": "\u7247", "revise_round": 1}
[2026-05-20 15:16:54] CH1 data: {"text": "\uff0c\u4e0d", "revise_round": 1}
[2026-05-20 15:16:54] CH1 data: {"text": "\u4f1a", "revise_round": 1}
[2026-05-20 15:16:54] CH1 data: {"text": "\u53ea", "revise_round": 1}
[2026-05-20 15:16:54] CH1 data: {"text": "\u8001", "revise_round": 1}
[2026-05-20 15:16:54] CH1 data: {"text": "\u5b9e", "revise_round": 1}
[2026-05-20 15:16:54] CH1 data: {"text": "\u538b", "revise_round": 1}
[2026-05-20 15:16:54] CH1 data: {"text": "\u5728", "revise_round": 1}
[2026-05-20 15:16:54] CH1 data: {"text": "\u6b7b\u4eba", "revise_round": 1}
[2026-05-20 15:16:54] CH1 data: {"text": "\u638c", "revise_round": 1}
[2026-05-20 15:16:54] CH1 data: {"text": "\u7f1d", "revise_round": 1}
[2026-05-20 15:16:54] CH1 data: {"text": "\u91cc", "revise_round": 1}
[2026-05-20 15:16:54] CH1 data: {"text": "\u3002\u201d\n\n", "revise_round": 1}
[2026-05-20 15:16:54] CH1 data: {"text": "\u9ed1", "revise_round": 1}
[2026-05-20 15:16:54] CH1 data: {"text": "\u84d1", "revise_round": 1}
[2026-05-20 15:16:54] CH1 data: {"text": "\u4eba", "revise_round": 1}
[2026-05-20 15:16:54] CH1 data: {"text": "\u8fd9", "revise_round": 1}
[2026-05-20 15:16:54] CH1 data: {"text": "\u65f6", "revise_round": 1}
[2026-05-20 15:16:54] CH1 data: {"text": "\u4f4e", "revise_round": 1}
[2026-05-20 15:16:54] CH1 data: {"text": "\u4e86", "revise_round": 1}
[2026-05-20 15:16:54] CH1 data: {"text": "\u4f4e", "revise_round": 1}
[2026-05-20 15:16:54] CH1 data: {"text": "\u5934", "revise_round": 1}
[2026-05-20 15:16:54] CH1 data: {"text": "\uff0c", "revise_round": 1}
[2026-05-20 15:16:54] CH1 data: {"text": "\u8d34", "revise_round": 1}
[2026-05-20 15:16:54] CH1 data: {"text": "\u8fd1", "revise_round": 1}
[2026-05-20 15:16:54] CH1 data: {"text": "\u5b88", "revise_round": 1}
[2026-05-20 15:16:54] CH1 data: {"text": "\u5907", "revise_round": 1}
[2026-05-20 15:16:54] CH1 data: {"text": "\u8033", "revise_round": 1}
[2026-05-20 15:16:54] CH1 data: {"text": "\u8fb9", "revise_round": 1}
[2026-05-20 15:16:54] CH1 data: {"text": "\uff1a\u201c", "revise_round": 1}
[2026-05-20 15:16:54] CH1 data: {"text": "\u6c88", "revise_round": 1}
[2026-05-20 15:16:54] CH1 data: {"text": "\u7167", "revise_round": 1}
[2026-05-20 15:16:54] CH1 data: {"text": "\u3002", "revise_round": 1}
[2026-05-20 15:16:54] CH1 data: {"text": "\u65e7", "revise_round": 1}
[2026-05-20 15:16:54] CH1 data: {"text": "\u706f", "revise_round": 1}
[2026-05-20 15:16:54] CH1 data: {"text": "\u94fa", "revise_round": 1}
[2026-05-20 15:16:54] CH1 data: {"text": "\u7684\u4eba", "revise_round": 1}
[2026-05-20 15:16:54] CH1 data: {"text": "\u3002\u201d\n\n", "revise_round": 1}
[2026-05-20 15:16:54] CH1 data: {"text": "\u58f0\u97f3", "revise_round": 1}
[2026-05-20 15:16:54] CH1 data: {"text": "\u8f7b", "revise_round": 1}
[2026-05-20 15:16:54] CH1 data: {"text": "\uff0c\u5374", "revise_round": 1}
[2026-05-20 15:16:54] CH1 data: {"text": "\u6ca1", "revise_round": 1}
[2026-05-20 15:16:54] CH1 data: {"text": "\u907f", "revise_round": 1}
[2026-05-20 15:16:54] CH1 data: {"text": "\u8fc7", "revise_round": 1}
[2026-05-20 15:16:54] CH1 data: {"text": "\u8fd1", "revise_round": 1}
[2026-05-20 15:16:54] CH1 data: {"text": "\u5904", "revise_round": 1}
[2026-05-20 15:16:54] CH1 data: {"text": "\u7684\u4eba", "revise_round": 1}
[2026-05-20 15:16:54] CH1 data: {"text": "\u3002", "revise_round": 1}
[2026-05-20 15:16:54] CH1 data: {"text": "\u5b88", "revise_round": 1}
[2026-05-20 15:16:54] CH1 data: {"text": "\u5907", "revise_round": 1}
[2026-05-20 15:16:54] CH1 data: {"text": "\u773c", "revise_round": 1}
[2026-05-20 15:16:54] CH1 data: {"text": "\u795e", "revise_round": 1}
[2026-05-20 15:16:55] CH1 data: {"text": "\u5fae", "revise_round": 1}
[2026-05-20 15:16:55] CH1 data: {"text": "\u5fae", "revise_round": 1}
[2026-05-20 15:16:55] CH1 data: {"text": "\u4e00", "revise_round": 1}
[2026-05-20 15:16:55] CH1 data: {"text": "\u7d27", "revise_round": 1}
[2026-05-20 15:16:55] CH1 data: {"text": "\uff0c", "revise_round": 1}
[2026-05-20 15:16:55] CH1 data: {"text": "\u76ee", "revise_round": 1}
[2026-05-20 15:16:55] CH1 data: {"text": "\u5149", "revise_round": 1}
[2026-05-20 15:16:55] CH1 data: {"text": "\u5728", "revise_round": 1}
[2026-05-20 15:16:55] CH1 data: {"text": "\u6c88", "revise_round": 1}
[2026-05-20 15:16:55] CH1 data: {"text": "\u7167", "revise_round": 1}
[2026-05-20 15:16:55] CH1 data: {"text": "\u8896", "revise_round": 1}
[2026-05-20 15:16:55] CH1 data: {"text": "\u53e3", "revise_round": 1}
[2026-05-20 15:16:55] CH1 data: {"text": "\u4e0a\u4e00", "revise_round": 1}
[2026-05-20 15:16:55] CH1 data: {"text": "\u5212", "revise_round": 1}
[2026-05-20 15:16:55] CH1 data: {"text": "\uff0c\u53c8", "revise_round": 1}
[2026-05-20 15:16:55] CH1 data: {"text": "\u843d", "revise_round": 1}
[2026-05-20 15:16:55] CH1 data: {"text": "\u56de", "revise_round": 1}
[2026-05-20 15:16:55] CH1 data: {"text": "\u5c38", "revise_round": 1}
[2026-05-20 15:16:55] CH1 data: {"text": "\u624b", "revise_round": 1}
[2026-05-20 15:16:55] CH1 data: {"text": "\u3002\n\n", "revise_round": 1}
[2026-05-20 15:16:55] CH1 data: {"text": "\u201c", "revise_round": 1}
[2026-05-20 15:16:55] CH1 data: {"text": "\u4ef5", "revise_round": 1}
[2026-05-20 15:16:55] CH1 data: {"text": "\u4f5c", "revise_round": 1}
[2026-05-20 15:16:55] CH1 data: {"text": "\u3002\u201d", "revise_round": 1}
[2026-05-20 15:16:55] CH1 data: {"text": "\u5b88", "revise_round": 1}
[2026-05-20 15:16:55] CH1 data: {"text": "\u5907", "revise_round": 1}
[2026-05-20 15:16:55] CH1 data: {"text": "\u5410", "revise_round": 1}
[2026-05-20 15:16:55] CH1 data: {"text": "\u51fa", "revise_round": 1}
[2026-05-20 15:16:55] CH1 data: {"text": "\u4e24\u4e2a", "revise_round": 1}
[2026-05-20 15:16:55] CH1 data: {"text": "\u5b57", "revise_round": 1}
[2026-05-20 15:16:55] CH1 data: {"text": "\uff0c\u201c", "revise_round": 1}
[2026-05-20 15:16:55] CH1 data: {"text": "\u5148", "revise_round": 1}
[2026-05-20 15:16:55] CH1 data: {"text": "\u628a", "revise_round": 1}
[2026-05-20 15:16:55] CH1 data: {"text": "\u5c06", "revise_round": 1}
[2026-05-20 15:16:55] CH1 data: {"text": "\u6563", "revise_round": 1}
[2026-05-20 15:16:55] CH1 data: {"text": "\u7684", "revise_round": 1}
[2026-05-20 15:16:55] CH1 data: {"text": "\u7070", "revise_round": 1}
[2026-05-20 15:16:55] CH1 data: {"text": "\u6536", "revise_round": 1}
[2026-05-20 15:16:55] CH1 data: {"text": "\u4e86", "revise_round": 1}
[2026-05-20 15:16:55] CH1 data: {"text": "\uff0c", "revise_round": 1}
[2026-05-20 15:16:55] CH1 data: {"text": "\u7559", "revise_round": 1}
[2026-05-20 15:16:55] CH1 data: {"text": "\u6848", "revise_round": 1}
[2026-05-20 15:16:55] CH1 data: {"text": "\u3002", "revise_round": 1}
[2026-05-20 15:16:55] CH1 data: {"text": "\u518d", "revise_round": 1}
[2026-05-20 15:16:55] CH1 data: {"text": "\u770b", "revise_round": 1}
[2026-05-20 15:16:55] CH1 data: {"text": "\u540e", "revise_round": 1}
[2026-05-20 15:16:55] CH1 data: {"text": "\u8111", "revise_round": 1}
[2026-05-20 15:16:55] CH1 data: {"text": "\u3002\u201d\n\n", "revise_round": 1}
[2026-05-20 15:16:55] CH1 data: {"text": "\u4ef5", "revise_round": 1}
[2026-05-20 15:16:55] CH1 data: {"text": "\u4f5c", "revise_round": 1}
[2026-05-20 15:16:55] CH1 data: {"text": "\u8fde", "revise_round": 1}
[2026-05-20 15:16:55] CH1 data: {"text": "\u5fd9", "revise_round": 1}
[2026-05-20 15:16:55] CH1 data: {"text": "\u5e94", "revise_round": 1}
[2026-05-20 15:16:56] CH1 data: {"text": "\u58f0", "revise_round": 1}
[2026-05-20 15:16:56] CH1 data: {"text": "\uff0c\u4ece", "revise_round": 1}
[2026-05-20 15:16:56] CH1 data: {"text": "\u9a8c", "revise_round": 1}
[2026-05-20 15:16:56] CH1 data: {"text": "\u5305", "revise_round": 1}
[2026-05-20 15:16:56] CH1 data: {"text": "\u91cc", "revise_round": 1}
[2026-05-20 15:16:56] CH1 data: {"text": "\u62bd", "revise_round": 1}
[2026-05-20 15:16:56] CH1 data: {"text": "\u51fa", "revise_round": 1}
[2026-05-20 15:16:56] CH1 data: {"text": "\u7a84", "revise_round": 1}
[2026-05-20 15:16:56] CH1 data: {"text": "\u7af9", "revise_round": 1}
[2026-05-20 15:16:56] CH1 data: {"text": "\u7247", "revise_round": 1}
[2026-05-20 15:16:56] CH1 data: {"text": "\u548c", "revise_round": 1}
[2026-05-20 15:16:56] CH1 data: {"text": "\u4e24", "revise_round": 1}
[2026-05-20 15:16:56] CH1 data: {"text": "\u5f20", "revise_round": 1}
[2026-05-20 15:16:56] CH1 data: {"text": "\u5b98", "revise_round": 1}
[2026-05-20 15:16:56] CH1 data: {"text": "\u7eb8", "revise_round": 1}
[2026-05-20 15:16:56] CH1 data: {"text": "\uff0c", "revise_round": 1}
[2026-05-20 15:16:56] CH1 data: {"text": "\u8e72", "revise_round": 1}
[2026-05-20 15:16:56] CH1 data: {"text": "\u5230", "revise_round": 1}
[2026-05-20 15:16:56] CH1 data: {"text": "\u6c34", "revise_round": 1}
[2026-05-20 15:16:56] CH1 data: {"text": "\u7ebf", "revise_round": 1}
[2026-05-20 15:16:56] CH1 data: {"text": "\u8fb9", "revise_round": 1}
[2026-05-20 15:16:56] CH1 data: {"text": "\uff0c\u5c0f", "revise_round": 1}
[2026-05-20 15:16:56] CH1 data: {"text": "\u5fc3", "revise_round": 1}
[2026-05-20 15:16:56] CH1 data: {"text": "\u6311", "revise_round": 1}
[2026-05-20 15:16:56] CH1 data: {"text": "\u8d77", "revise_round": 1}
[2026-05-20 15:16:56] CH1 data: {"text": "\u638c", "revise_round": 1}
[2026-05-20 15:16:56] CH1 data: {"text": "\u7f18", "revise_round": 1}
[2026-05-20 15:16:56] CH1 data: {"text": "\u90a3", "revise_round": 1}
[2026-05-20 15:16:56] CH1 data: {"text": "\u4e00\u70b9", "revise_round": 1}
[2026-05-20 15:16:56] CH1 data: {"text": "\u5feb", "revise_round": 1}
[2026-05-20 15:16:56] CH1 data: {"text": "\u88ab", "revise_round": 1}
[2026-05-20 15:16:56] CH1 data: {"text": "\u96e8", "revise_round": 1}
[2026-05-20 15:16:56] CH1 data: {"text": "\u6c7d", "revise_round": 1}
[2026-05-20 15:16:56] CH1 data: {"text": "\u8680", "revise_round": 1}
[2026-05-20 15:16:56] CH1 data: {"text": "\u5f00\u7684", "revise_round": 1}
[2026-05-20 15:16:56] CH1 data: {"text": "\u7070", "revise_round": 1}
[2026-05-20 15:16:56] CH1 data: {"text": "\u672b", "revise_round": 1}
[2026-05-20 15:16:56] CH1 data: {"text": "\u3002", "revise_round": 1}
[2026-05-20 15:16:56] CH1 data: {"text": "\u7070", "revise_round": 1}
[2026-05-20 15:16:56] CH1 data: {"text": "\u4e0d", "revise_round": 1}
[2026-05-20 15:16:56] CH1 data: {"text": "\u591a", "revise_round": 1}
[2026-05-20 15:16:56] CH1 data: {"text": "\uff0c\u53ea", "revise_round": 1}
[2026-05-20 15:16:56] CH1 data: {"text": "\u591f", "revise_round": 1}
[2026-05-20 15:16:56] CH1 data: {"text": "\u6298", "revise_round": 1}
[2026-05-20 15:16:56] CH1 data: {"text": "\u6210", "revise_round": 1}
[2026-05-20 15:16:56] CH1 data: {"text": "\u6307", "revise_round": 1}
[2026-05-20 15:16:56] CH1 data: {"text": "\u7532", "revise_round": 1}
[2026-05-20 15:16:56] CH1 data: {"text": "\u5927", "revise_round": 1}
[2026-05-20 15:16:56] CH1 data: {"text": "\u7684\u4e00", "revise_round": 1}
[2026-05-20 15:16:56] CH1 data: {"text": "\u5c0f", "revise_round": 1}
[2026-05-20 15:16:56] CH1 data: {"text": "\u5305", "revise_round": 1}
[2026-05-20 15:16:56] CH1 data: {"text": "\u3002\u4ed6", "revise_round": 1}
[2026-05-20 15:16:56] CH1 data: {"text": "\u5f53", "revise_round": 1}
[2026-05-20 15:16:57] CH1 data: {"text": "\u573a", "revise_round": 1}
[2026-05-20 15:16:57] CH1 data: {"text": "\u8d34", "revise_round": 1}
[2026-05-20 15:16:57] CH1 data: {"text": "\u5c01", "revise_round": 1}
[2026-05-20 15:16:57] CH1 data: {"text": "\uff0c", "revise_round": 1}
[2026-05-20 15:16:57] CH1 data: {"text": "\u6309", "revise_round": 1}
[2026-05-20 15:16:57] CH1 data: {"text": "\u6e7f", "revise_round": 1}
[2026-05-20 15:16:57] CH1 data: {"text": "\u5370", "revise_round": 1}
[2026-05-20 15:16:57] CH1 data: {"text": "\uff0c", "revise_round": 1}
[2026-05-20 15:16:57] CH1 data: {"text": "\u53cc", "revise_round": 1}
[2026-05-20 15:16:57] CH1 data: {"text": "\u624b", "revise_round": 1}
[2026-05-20 15:16:57] CH1 data: {"text": "\u9012", "revise_round": 1}
[2026-05-20 15:16:57] CH1 data: {"text": "\u7ed9", "revise_round": 1}
[2026-05-20 15:16:57] CH1 data: {"text": "\u638c", "revise_round": 1}
[2026-05-20 15:16:57] CH1 data: {"text": "\u518c", "revise_round": 1}
[2026-05-20 15:16:57] CH1 data: {"text": "\u5dee", "revise_round": 1}
[2026-05-20 15:16:57] CH1 data: {"text": "\u5f79", "revise_round": 1}
[2026-05-20 15:16:57] CH1 data: {"text": "\uff1a\u201c", "revise_round": 1}
[2026-05-20 15:16:57] CH1 data: {"text": "\u7559", "revise_round": 1}
[2026-05-20 15:16:57] CH1 data: {"text": "\u518c", "revise_round": 1}
[2026-05-20 15:16:57] CH1 data: {"text": "\uff0c\u4e0d", "revise_round": 1}
[2026-05-20 15:16:57] CH1 data: {"text": "\u5f97", "revise_round": 1}
[2026-05-20 15:16:57] CH1 data: {"text": "\u6df7", "revise_round": 1}
[2026-05-20 15:16:57] CH1 data: {"text": "\u3002\u201d\n\n", "revise_round": 1}
[2026-05-20 15:16:57] CH1 data: {"text": "\u638c", "revise_round": 1}
[2026-05-20 15:16:57] CH1 data: {"text": "\u518c", "revise_round": 1}
[2026-05-20 15:16:57] CH1 data: {"text": "\u5dee", "revise_round": 1}
[2026-05-20 15:16:57] CH1 data: {"text": "\u5f79", "revise_round": 1}
[2026-05-20 15:16:57] CH1 data: {"text": "\u5fd9", "revise_round": 1}
[2026-05-20 15:16:57] CH1 data: {"text": "\u628a", "revise_round": 1}
[2026-05-20 15:16:57] CH1 data: {"text": "\u5c0f", "revise_round": 1}
[2026-05-20 15:16:57] CH1 data: {"text": "\u7eb8", "revise_round": 1}
[2026-05-20 15:16:57] CH1 data: {"text": "\u5305", "revise_round": 1}
[2026-05-20 15:16:57] CH1 data: {"text": "\u5939", "revise_round": 1}
[2026-05-20 15:16:57] CH1 data: {"text": "\u8fdb", "revise_round": 1}
[2026-05-20 15:16:57] CH1 data: {"text": "\u6f06", "revise_round": 1}
[2026-05-20 15:16:57] CH1 data: {"text": "\u76ae", "revise_round": 1}
[2026-05-20 15:16:57] CH1 data: {"text": "\u5939", "revise_round": 1}
[2026-05-20 15:16:57] CH1 data: {"text": "\u677f", "revise_round": 1}
[2026-05-20 15:16:57] CH1 data: {"text": "\u91cc", "revise_round": 1}
[2026-05-20 15:16:57] CH1 data: {"text": "\uff0c", "revise_round": 1}
[2026-05-20 15:16:57] CH1 data: {"text": "\u7b14", "revise_round": 1}
[2026-05-20 15:16:57] CH1 data: {"text": "\u4e0b", "revise_round": 1}
[2026-05-20 15:16:57] CH1 data: {"text": "\u5148", "revise_round": 1}
[2026-05-20 15:16:57] CH1 data: {"text": "\u8bb0", "revise_round": 1}
[2026-05-20 15:16:57] CH1 data: {"text": "\u4e00", "revise_round": 1}
[2026-05-20 15:16:57] CH1 data: {"text": "\u884c", "revise_round": 1}
[2026-05-20 15:16:57] CH1 data: {"text": "\u201c", "revise_round": 1}
[2026-05-20 15:16:57] CH1 data: {"text": "\u5c38", "revise_round": 1}
[2026-05-20 15:16:57] CH1 data: {"text": "\u638c", "revise_round": 1}
[2026-05-20 15:16:57] CH1 data: {"text": "\u7070", "revise_round": 1}
[2026-05-20 15:16:57] CH1 data: {"text": "\u6837", "revise_round": 1}
[2026-05-20 15:16:57] CH1 data: {"text": "\u4e00", "revise_round": 1}
[2026-05-20 15:16:57] CH1 data: {"text": "\u5c01", "revise_round": 1}
[2026-05-20 15:16:57] CH1 data: {"text": "\u201d\u3002", "revise_round": 1}
[2026-05-20 15:16:57] CH1 data: {"text": "\u5176", "revise_round": 1}
[2026-05-20 15:16:58] CH1 data: {"text": "\u4f59", "revise_round": 1}
[2026-05-20 15:16:58] CH1 data: {"text": "\u7070", "revise_round": 1}
[2026-05-20 15:16:58] CH1 data: {"text": "\u75d5", "revise_round": 1}
[2026-05-20 15:16:58] CH1 data: {"text": "\u4ecd", "revise_round": 1}
[2026-05-20 15:16:58] CH1 data: {"text": "\u7559", "revise_round": 1}
[2026-05-20 15:16:58] CH1 data: {"text": "\u5728", "revise_round": 1}
[2026-05-20 15:16:58] CH1 data: {"text": "\u638c", "revise_round": 1}
[2026-05-20 15:16:58] CH1 data: {"text": "\u4e2d", "revise_round": 1}
[2026-05-20 15:16:58] CH1 data: {"text": "\uff0c", "revise_round": 1}
[2026-05-20 15:16:58] CH1 data: {"text": "\u4ef5", "revise_round": 1}
[2026-05-20 15:16:58] CH1 data: {"text": "\u4f5c", "revise_round": 1}
[2026-05-20 15:16:58] CH1 data: {"text": "\u62ff", "revise_round": 1}
[2026-05-20 15:16:58] CH1 data: {"text": "\u5e72", "revise_round": 1}
[2026-05-20 15:16:58] CH1 data: {"text": "\u7eb8", "revise_round": 1}
[2026-05-20 15:16:58] CH1 data: {"text": "\u865a", "revise_round": 1}
[2026-05-20 15:16:58] CH1 data: {"text": "\u865a", "revise_round": 1}
[2026-05-20 15:16:58] CH1 data: {"text": "\u906e", "revise_round": 1}
[2026-05-20 15:16:58] CH1 data: {"text": "\u4f4f", "revise_round": 1}
[2026-05-20 15:16:58] CH1 data: {"text": "\uff0c", "revise_round": 1}
[2026-05-20 15:16:58] CH1 data: {"text": "\u6ca1", "revise_round": 1}
[2026-05-20 15:16:58] CH1 data: {"text": "\u6562", "revise_round": 1}
[2026-05-20 15:16:58] CH1 data: {"text": "\u518d", "revise_round": 1}
[2026-05-20 15:16:58] CH1 data: {"text": "\u78b0", "revise_round": 1}
[2026-05-20 15:16:58] CH1 data: {"text": "\u3002\n\n", "revise_round": 1}
[2026-05-20 15:16:58] CH1 data: {"text": "\u6c88", "revise_round": 1}
[2026-05-20 15:16:58] CH1 data: {"text": "\u7167", "revise_round": 1}
[2026-05-20 15:16:58] CH1 data: {"text": "\u770b", "revise_round": 1}
[2026-05-20 15:16:58] CH1 data: {"text": "\u7740", "revise_round": 1}
[2026-05-20 15:16:58] CH1 data: {"text": "\u90a3", "revise_round": 1}
[2026-05-20 15:16:58] CH1 data: {"text": "\u4e00", "revise_round": 1}
[2026-05-20 15:16:58] CH1 data: {"text": "\u6298", "revise_round": 1}
[2026-05-20 15:16:58] CH1 data: {"text": "\u5b98", "revise_round": 1}
[2026-05-20 15:16:58] CH1 data: {"text": "\u7eb8", "revise_round": 1}
[2026-05-20 15:16:58] CH1 data: {"text": "\uff0c", "revise_round": 1}
[2026-05-20 15:16:58] CH1 data: {"text": "\u8896", "revise_round": 1}
[2026-05-20 15:16:58] CH1 data: {"text": "\u4e2d", "revise_round": 1}
[2026-05-20 15:16:58] CH1 data: {"text": "\u624b", "revise_round": 1}
[2026-05-20 15:16:58] CH1 data: {"text": "\u6307", "revise_round": 1}
[2026-05-20 15:16:58] CH1 data: {"text": "\u6162", "revise_round": 1}
[2026-05-20 15:16:58] CH1 data: {"text": "\u6162", "revise_round": 1}
[2026-05-20 15:16:58] CH1 data: {"text": "\u6536", "revise_round": 1}
[2026-05-20 15:16:58] CH1 data: {"text": "\u7d27", "revise_round": 1}
[2026-05-20 15:16:58] CH1 data: {"text": "\u3002", "revise_round": 1}
[2026-05-20 15:16:58] CH1 data: {"text": "\u56de", "revise_round": 1}
[2026-05-20 15:16:58] CH1 data: {"text": "\u7167", "revise_round": 1}
[2026-05-20 15:16:58] CH1 data: {"text": "\u5370", "revise_round": 1}
[2026-05-20 15:16:58] CH1 data: {"text": "\u672c", "revise_round": 1}
[2026-05-20 15:16:58] CH1 data: {"text": "\u662f", "revise_round": 1}
[2026-05-20 15:16:58] CH1 data: {"text": "\u65e7", "revise_round": 1}
[2026-05-20 15:16:58] CH1 data: {"text": "\u706f", "revise_round": 1}
[2026-05-20 15:16:58] CH1 data: {"text": "\u94fa", "revise_round": 1}
[2026-05-20 15:16:58] CH1 data: {"text": "\u6536", "revise_round": 1}
[2026-05-20 15:16:58] CH1 data: {"text": "\u4f59", "revise_round": 1}
[2026-05-20 15:16:59] CH1 data: {"text": "\u706b", "revise_round": 1}
[2026-05-20 15:16:59] CH1 data: {"text": "\u7684", "revise_round": 1}
[2026-05-20 15:16:59] CH1 data: {"text": "\u624b", "revise_round": 1}
[2026-05-20 15:16:59] CH1 data: {"text": "\u827a", "revise_round": 1}
[2026-05-20 15:16:59] CH1 data: {"text": "\uff0c", "revise_round": 1}
[2026-05-20 15:16:59] CH1 data: {"text": "\u5370", "revise_round": 1}
[2026-05-20 15:16:59] CH1 data: {"text": "\u5728", "revise_round": 1}
[2026-05-20 15:16:59] CH1 data: {"text": "\u7070", "revise_round": 1}
[2026-05-20 15:16:59] CH1 data: {"text": "\u91cc", "revise_round": 1}
[2026-05-20 15:16:59] CH1 data: {"text": "\uff0c\u53ea", "revise_round": 1}
[2026-05-20 15:16:59] CH1 data: {"text": "\u80fd", "revise_round": 1}
[2026-05-20 15:16:59] CH1 data: {"text": "\u7b97", "revise_round": 1}
[2026-05-20 15:16:59] CH1 data: {"text": "\u7591", "revise_round": 1}
[2026-05-20 15:16:59] CH1 data: {"text": "\u70b9", "revise_round": 1}
[2026-05-20 15:16:59] CH1 data: {"text": "\uff1b", "revise_round": 1}
[2026-05-20 15:16:59] CH1 data: {"text": "\u5982\u4eca", "revise_round": 1}
[2026-05-20 15:16:59] CH1 data: {"text": "\u5c01", "revise_round": 1}
[2026-05-20 15:16:59] CH1 data: {"text": "\u8fdb", "revise_round": 1}
[2026-05-20 15:16:59] CH1 data: {"text": "\u5b98", "revise_round": 1}
[2026-05-20 15:16:59] CH1 data: {"text": "\u7eb8", "revise_round": 1}
[2026-05-20 15:16:59] CH1 data: {"text": "\uff0c", "revise_round": 1}
[2026-05-20 15:16:59] CH1 data: {"text": "\u79bb", "revise_round": 1}
[2026-05-20 15:16:59] CH1 data: {"text": "\u4ed6", "revise_round": 1}
[2026-05-20 15:16:59] CH1 data: {"text": "\u66f4", "revise_round": 1}
[2026-05-20 15:16:59] CH1 data: {"text": "\u8fdc", "revise_round": 1}
[2026-05-20 15:16:59] CH1 data: {"text": "\u4e00\u6b65", "revise_round": 1}
[2026-05-20 15:16:59] CH1 data: {"text": "\u3002\n\n", "revise_round": 1}
[2026-05-20 15:16:59] CH1 data: {"text": "\u4ef5", "revise_round": 1}
[2026-05-20 15:16:59] CH1 data: {"text": "\u4f5c", "revise_round": 1}
[2026-05-20 15:16:59] CH1 data: {"text": "\u53c8", "revise_round": 1}
[2026-05-20 15:16:59] CH1 data: {"text": "\u632a", "revise_round": 1}
[2026-05-20 15:16:59] CH1 data: {"text": "\u5230", "revise_round": 1}
[2026-05-20 15:16:59] CH1 data: {"text": "\u5c38", "revise_round": 1}
[2026-05-20 15:16:59] CH1 data: {"text": "\u540e", "revise_round": 1}
[2026-05-20 15:16:59] CH1 data: {"text": "\uff0c", "revise_round": 1}
[2026-05-20 15:16:59] CH1 data: {"text": "\u9694", "revise_round": 1}
[2026-05-20 15:16:59] CH1 data: {"text": "\u5e03", "revise_round": 1}
[2026-05-20 15:16:59] CH1 data: {"text": "\u6258", "revise_round": 1}
[2026-05-20 15:16:59] CH1 data: {"text": "\u8d77", "revise_round": 1}
[2026-05-20 15:16:59] CH1 data: {"text": "\u540e", "revise_round": 1}
[2026-05-20 15:16:59] CH1 data: {"text": "\u8111", "revise_round": 1}
[2026-05-20 15:16:59] CH1 data: {"text": "\uff0c", "revise_round": 1}
[2026-05-20 15:16:59] CH1 data: {"text": "\u6307", "revise_round": 1}
[2026-05-20 15:16:59] CH1 data: {"text": "\u8179", "revise_round": 1}
[2026-05-20 15:16:59] CH1 data: {"text": "\u4e00", "revise_round": 1}
[2026-05-20 15:16:59] CH1 data: {"text": "\u6309", "revise_round": 1}
[2026-05-20 15:16:59] CH1 data: {"text": "\uff0c", "revise_round": 1}
[2026-05-20 15:16:59] CH1 data: {"text": "\u8138", "revise_round": 1}
[2026-05-20 15:16:59] CH1 data: {"text": "\u8272", "revise_round": 1}
[2026-05-20 15:16:59] CH1 data: {"text": "\u4fbf", "revise_round": 1}
[2026-05-20 15:16:59] CH1 data: {"text": "\u53d8", "revise_round": 1}
[2026-05-20 15:16:59] CH1 data: {"text": "\u4e86", "revise_round": 1}
[2026-05-20 15:16:59] CH1 data: {"text": "\uff1a\u201c", "revise_round": 1}
[2026-05-20 15:17:00] CH1 data: {"text": "\u8fd9", "revise_round": 1}
[2026-05-20 15:17:00] CH1 data: {"text": "\u5904", "revise_round": 1}
[2026-05-20 15:17:00] CH1 data: {"text": "\u584c", "revise_round": 1}
[2026-05-20 15:17:00] CH1 data: {"text": "\u8f6f", "revise_round": 1}
[2026-05-20 15:17:00] CH1 data: {"text": "\uff0c", "revise_round": 1}
[2026-05-20 15:17:00] CH1 data: {"text": "\u50cf", "revise_round": 1}
[2026-05-20 15:17:00] CH1 data: {"text": "\u53d7", "revise_round": 1}
[2026-05-20 15:17:00] CH1 data: {"text": "\u8fc7", "revise_round": 1}
[2026-05-20 15:17:00] CH1 data: {"text": "\u949d", "revise_round": 1}
[2026-05-20 15:17:00] CH1 data: {"text": "\u51fb", "revise_round": 1}
[2026-05-20 15:17:00] CH1 data: {"text": "\u3002", "revise_round": 1}
[2026-05-20 15:17:00] CH1 data: {"text": "\u96e8", "revise_round": 1}
[2026-05-20 15:17:00] CH1 data: {"text": "\u91cc", "revise_round": 1}
[2026-05-20 15:17:00] CH1 data: {"text": "\u4e0d\u597d", "revise_round": 1}
[2026-05-20 15:17:00] CH1 data: {"text": "\u7ec6", "revise_round": 1}
[2026-05-20 15:17:00] CH1 data: {"text": "\u9a8c", "revise_round": 1}
[2026-05-20 15:17:00] CH1 data: {"text": "\uff0c\u5c0f", "revise_round": 1}
[2026-05-20 15:17:00] CH1 data: {"text": "\u7684", "revise_round": 1}
[2026-05-20 15:17:00] CH1 data: {"text": "\u53ea\u80fd", "revise_round": 1}
[2026-05-20 15:17:00] CH1 data: {"text": "\u5177", "revise_round": 1}
[2026-05-20 15:17:00] CH1 data: {"text": "\u540d", "revise_round": 1}
[2026-05-20 15:17:00] CH1 data: {"text": "\u7559", "revise_round": 1}
[2026-05-20 15:17:00] CH1 data: {"text": "\u7591", "revise_round": 1}
[2026-05-20 15:17:00] CH1 data: {"text": "\uff0c", "revise_round": 1}
[2026-05-20 15:17:00] CH1 data: {"text": "\u4e0d\u80fd", "revise_round": 1}
[2026-05-20 15:17:00] CH1 data: {"text": "\u5b9a", "revise_round": 1}
[2026-05-20 15:17:00] CH1 data: {"text": "\u6b7b", "revise_round": 1}
[2026-05-20 15:17:00] CH1 data: {"text": "\u56e0", "revise_round": 1}
[2026-05-20 15:17:00] CH1 data: {"text": "\u3002", "revise_round": 1}
[2026-05-20 15:17:00] CH1 data: {"text": "\u706f", "revise_round": 1}
[2026-05-20 15:17:00] CH1 data: {"text": "\u3001", "revise_round": 1}
[2026-05-20 15:17:00] CH1 data: {"text": "\u5c38", "revise_round": 1}
[2026-05-20 15:17:00] CH1 data: {"text": "\u3001", "revise_round": 1}
[2026-05-20 15:17:00] CH1 data: {"text": "\u7070", "revise_round": 1}
[2026-05-20 15:17:00] CH1 data: {"text": "\u6837", "revise_round": 1}
[2026-05-20 15:17:00] CH1 data: {"text": "\uff0c", "revise_round": 1}
[2026-05-20 15:17:00] CH1 data: {"text": "\u6700\u597d", "revise_round": 1}
[2026-05-20 15:17:00] CH1 data: {"text": "\u90fd", "revise_round": 1}
[2026-05-20 15:17:00] CH1 data: {"text": "\u5c01", "revise_round": 1}
[2026-05-20 15:17:00] CH1 data: {"text": "\u4f4f", "revise_round": 1}
[2026-05-20 15:17:00] CH1 data: {"text": "\uff0c", "revise_round": 1}
[2026-05-20 15:17:00] CH1 data: {"text": "\u7b49", "revise_round": 1}
[2026-05-20 15:17:00] CH1 data: {"text": "\u5929", "revise_round": 1}
[2026-05-20 15:17:00] CH1 data: {"text": "\u4eae", "revise_round": 1}
[2026-05-20 15:17:00] CH1 data: {"text": "\u518d", "revise_round": 1}
[2026-05-20 15:17:00] CH1 data: {"text": "\u52d8", "revise_round": 1}
[2026-05-20 15:17:00] CH1 data: {"text": "\u3002\u201d\n\n", "revise_round": 1}
[2026-05-20 15:17:00] CH1 data: {"text": "\u8fd9", "revise_round": 1}
[2026-05-20 15:17:00] CH1 data: {"text": "\u8bdd", "revise_round": 1}
[2026-05-20 15:17:00] CH1 data: {"text": "\u4e00", "revise_round": 1}
[2026-05-20 15:17:00] CH1 data: {"text": "\u51fa", "revise_round": 1}
[2026-05-20 15:17:00] CH1 data: {"text": "\uff0c", "revise_round": 1}
[2026-05-20 15:17:00] CH1 data: {"text": "\u638c", "revise_round": 1}
[2026-05-20 15:17:01] CH1 data: {"text": "\u518c", "revise_round": 1}
[2026-05-20 15:17:01] CH1 data: {"text": "\u5dee", "revise_round": 1}
[2026-05-20 15:17:01] CH1 data: {"text": "\u5f79", "revise_round": 1}
[2026-05-20 15:17:01] CH1 data: {"text": "\u7684", "revise_round": 1}
[2026-05-20 15:17:01] CH1 data: {"text": "\u7b14", "revise_round": 1}
[2026-05-20 15:17:01] CH1 data: {"text": "\u66f4", "revise_round": 1}
[2026-05-20 15:17:01] CH1 data: {"text": "\u6162", "revise_round": 1}
[2026-05-20 15:17:01] CH1 data: {"text": "\u4e86", "revise_round": 1}
[2026-05-20 15:17:01] CH1 data: {"text": "\u3002", "revise_round": 1}
[2026-05-20 15:17:01] CH1 data: {"text": "\u7a97", "revise_round": 1}
[2026-05-20 15:17:01] CH1 data: {"text": "\u540e\u7684", "revise_round": 1}
[2026-05-20 15:17:01] CH1 data: {"text": "\u4f4e", "revise_round": 1}
[2026-05-20 15:17:01] CH1 data: {"text": "\u8bed", "revise_round": 1}
[2026-05-20 15:17:01] CH1 data: {"text": "\u4e00\u4e0b", "revise_round": 1}
[2026-05-20 15:17:01] CH1 data: {"text": "\u6d8c", "revise_round": 1}
[2026-05-20 15:17:01] CH1 data: {"text": "\u8d77\u6765", "revise_round": 1}
[2026-05-20 15:17:01] CH1 data: {"text": "\uff0c\u53c8", "revise_round": 1}
[2026-05-20 15:17:01] CH1 data: {"text": "\u88ab", "revise_round": 1}
[2026-05-20 15:17:01] CH1 data: {"text": "\u96e8", "revise_round": 1}
[2026-05-20 15:17:01] CH1 data: {"text": "\u58f0", "revise_round": 1}
[2026-05-20 15:17:01] CH1 data: {"text": "\u538b", "revise_round": 1}
[2026-05-20 15:17:01] CH1 data: {"text": "\u788e", "revise_round": 1}
[2026-05-20 15:17:01] CH1 data: {"text": "\u3002", "revise_round": 1}
[2026-05-20 15:17:01] CH1 data: {"text": "\u5b88", "revise_round": 1}
[2026-05-20 15:17:01] CH1 data: {"text": "\u5907", "revise_round": 1}
[2026-05-20 15:17:01] CH1 data: {"text": "\u6ca1", "revise_round": 1}
[2026-05-20 15:17:01] CH1 data: {"text": "\u7acb", "revise_round": 1}
[2026-05-20 15:17:01] CH1 data: {"text": "\u523b", "revise_round": 1}
[2026-05-20 15:17:01] CH1 data: {"text": "\u5f00", "revise_round": 1}
[2026-05-20 15:17:01] CH1 data: {"text": "\u53e3", "revise_round": 1}
[2026-05-20 15:17:01] CH1 data: {"text": "\uff0c", "revise_round": 1}
[2026-05-20 15:17:01] CH1 data: {"text": "\u89c6", "revise_round": 1}
[2026-05-20 15:17:01] CH1 data: {"text": "\u7ebf", "revise_round": 1}
[2026-05-20 15:17:01] CH1 data: {"text": "\u5148", "revise_round": 1}
[2026-05-20 15:17:01] CH1 data: {"text": "\u63a0", "revise_round": 1}
[2026-05-20 15:17:01] CH1 data: {"text": "\u8fc7", "revise_round": 1}
[2026-05-20 15:17:01] CH1 data: {"text": "\u638c", "revise_round": 1}
[2026-05-20 15:17:01] CH1 data: {"text": "\u518c", "revise_round": 1}
[2026-05-20 15:17:01] CH1 data: {"text": "\u5dee", "revise_round": 1}
[2026-05-20 15:17:01] CH1 data: {"text": "\u5f79", "revise_round": 1}
[2026-05-20 15:17:01] CH1 data: {"text": "\uff0c\u518d", "revise_round": 1}
[2026-05-20 15:17:01] CH1 data: {"text": "\u63a0", "revise_round": 1}
[2026-05-20 15:17:01] CH1 data: {"text": "\u8fc7", "revise_round": 1}
[2026-05-20 15:17:01] CH1 data: {"text": "\u90a3", "revise_round": 1}
[2026-05-20 15:17:01] CH1 data: {"text": "\u51e0", "revise_round": 1}
[2026-05-20 15:17:01] CH1 data: {"text": "\u6247", "revise_round": 1}
[2026-05-20 15:17:01] CH1 data: {"text": "\u534a", "revise_round": 1}
[2026-05-20 15:17:01] CH1 data: {"text": "\u5f00\u7684", "revise_round": 1}
[2026-05-20 15:17:01] CH1 data: {"text": "\u7a97", "revise_round": 1}
[2026-05-20 15:17:01] CH1 data: {"text": "\uff0c", "revise_round": 1}
[2026-05-20 15:17:01] CH1 data: {"text": "\u6700\u540e", "revise_round": 1}
[2026-05-20 15:17:01] CH1 data: {"text": "\u843d", "revise_round": 1}
[2026-05-20 15:17:02] CH1 data: {"text": "\u5728", "revise_round": 1}
[2026-05-20 15:17:02] CH1 data: {"text": "\u6c88", "revise_round": 1}
[2026-05-20 15:17:02] CH1 data: {"text": "\u7167", "revise_round": 1}
[2026-05-20 15:17:02] CH1 data: {"text": "\u8138", "revise_round": 1}
[2026-05-20 15:17:02] CH1 data: {"text": "\u4e0a", "revise_round": 1}
[2026-05-20 15:17:02] CH1 data: {"text": "\u3002\n\n", "revise_round": 1}
[2026-05-20 15:17:02] CH1 data: {"text": "\u534a", "revise_round": 1}
[2026-05-20 15:17:02] CH1 data: {"text": "\u664c", "revise_round": 1}
[2026-05-20 15:17:02] CH1 data: {"text": "\u3002\n\n", "revise_round": 1}
[2026-05-20 15:17:02] CH1 data: {"text": "\u201c", "revise_round": 1}
[2026-05-20 15:17:02] CH1 data: {"text": "\u597d", "revise_round": 1}
[2026-05-20 15:17:02] CH1 data: {"text": "\u3002\u201d", "revise_round": 1}
[2026-05-20 15:17:02] CH1 data: {"text": "\u4ed6", "revise_round": 1}
[2026-05-20 15:17:02] CH1 data: {"text": "\u628a", "revise_round": 1}
[2026-05-20 15:17:02] CH1 data: {"text": "\u624b", "revise_round": 1}
[2026-05-20 15:17:02] CH1 data: {"text": "\u80cc", "revise_round": 1}
[2026-05-20 15:17:02] CH1 data: {"text": "\u5230", "revise_round": 1}
[2026-05-20 15:17:02] CH1 data: {"text": "\u8eab", "revise_round": 1}
[2026-05-20 15:17:02] CH1 data: {"text": "\u540e", "revise_round": 1}
[2026-05-20 15:17:02] CH1 data: {"text": "\uff0c", "revise_round": 1}
[2026-05-20 15:17:02] CH1 data: {"text": "\u58f0\u97f3", "revise_round": 1}
[2026-05-20 15:17:02] CH1 data: {"text": "\u53cd", "revise_round": 1}
[2026-05-20 15:17:02] CH1 data: {"text": "\u5012", "revise_round": 1}
[2026-05-20 15:17:02] CH1 data: {"text": "\u5e73", "revise_round": 1}
[2026-05-20 15:17:02] CH1 data: {"text": "\u4e86", "revise_round": 1}
[2026-05-20 15:17:02] CH1 data: {"text": "\uff0c\u201c", "revise_round": 1}
[2026-05-20 15:17:02] CH1 data: {"text": "\u4eca", "revise_round": 1}
[2026-05-20 15:17:02] CH1 data: {"text": "\u591c", "revise_round": 1}
[2026-05-20 15:17:02] CH1 data: {"text": "\u5148", "revise_round": 1}
[2026-05-20 15:17:02] CH1 data: {"text": "\u4e0d", "revise_round": 1}
[2026-05-20 15:17:02] CH1 data: {"text": "\u5199", "revise_round": 1}
[2026-05-20 15:17:02] CH1 data: {"text": "\u5996", "revise_round": 1}
[2026-05-20 15:17:02] CH1 data: {"text": "\u5b57", "revise_round": 1}
[2026-05-20 15:17:02] CH1 data: {"text": "\u3002", "revise_round": 1}
[2026-05-20 15:17:02] CH1 data: {"text": "\u8bb0", "revise_round": 1}
[2026-05-20 15:17:02] CH1 data: {"text": "\u672a", "revise_round": 1}
[2026-05-20 15:17:02] CH1 data: {"text": "\u51b3", "revise_round": 1}
[2026-05-20 15:17:02] CH1 data: {"text": "\u4eba", "revise_round": 1}
[2026-05-20 15:17:02] CH1 data: {"text": "\u547d", "revise_round": 1}
[2026-05-20 15:17:02] CH1 data: {"text": "\u3002", "revise_round": 1}
[2026-05-20 15:17:02] CH1 data: {"text": "\u706f", "revise_round": 1}
[2026-05-20 15:17:02] CH1 data: {"text": "\u5c01", "revise_round": 1}
[2026-05-20 15:17:02] CH1 data: {"text": "\uff0c", "revise_round": 1}
[2026-05-20 15:17:02] CH1 data: {"text": "\u5c38", "revise_round": 1}
[2026-05-20 15:17:02] CH1 data: {"text": "\u5c01", "revise_round": 1}
[2026-05-20 15:17:02] CH1 data: {"text": "\uff0c\u66f4", "revise_round": 1}
[2026-05-20 15:17:02] CH1 data: {"text": "\u592b", "revise_round": 1}
[2026-05-20 15:17:02] CH1 data: {"text": "\u62bc", "revise_round": 1}
[2026-05-20 15:17:02] CH1 data: {"text": "\u770b", "revise_round": 1}
[2026-05-20 15:17:02] CH1 data: {"text": "\u3002\u201d\n\n", "revise_round": 1}
[2026-05-20 15:17:02] CH1 data: {"text": "\u4e24", "revise_round": 1}
[2026-05-20 15:17:02] CH1 data: {"text": "\u540d", "revise_round": 1}
[2026-05-20 15:17:02] CH1 data: {"text": "\u5dee", "revise_round": 1}
[2026-05-20 15:17:02] CH1 data: {"text": "\u5f79", "revise_round": 1}
[2026-05-20 15:17:02] CH1 data: {"text": "\u7acb", "revise_round": 1}
[2026-05-20 15:17:03] CH1 data: {"text": "\u523b", "revise_round": 1}
[2026-05-20 15:17:03] CH1 data: {"text": "\u6362", "revise_round": 1}
[2026-05-20 15:17:03] CH1 data: {"text": "\u4e86", "revise_round": 1}
[2026-05-20 15:17:03] CH1 data: {"text": "\u624b", "revise_round": 1}
[2026-05-20 15:17:03] CH1 data: {"text": "\u52bf", "revise_round": 1}
[2026-05-20 15:17:03] CH1 data: {"text": "\uff0c\u628a", "revise_round": 1}
[2026-05-20 15:17:03] CH1 data: {"text": "\u8001", "revise_round": 1}
[2026-05-20 15:17:03] CH1 data: {"text": "\u66f4", "revise_round": 1}
[2026-05-20 15:17:03] CH1 data: {"text": "\u592b", "revise_round": 1}
[2026-05-20 15:17:03] CH1 data: {"text": "\u62d6", "revise_round": 1}
[2026-05-20 15:17:03] CH1 data: {"text": "\u5230", "revise_round": 1}
[2026-05-20 15:17:03] CH1 data: {"text": "\u5899", "revise_round": 1}
[2026-05-20 15:17:03] CH1 data: {"text": "\u8fb9", "revise_round": 1}
[2026-05-20 15:17:03] CH1 data: {"text": "\uff0c", "revise_round": 1}
[2026-05-20 15:17:03] CH1 data: {"text": "\u7ef3", "revise_round": 1}
[2026-05-20 15:17:03] CH1 data: {"text": "\u5b50", "revise_round": 1}
[2026-05-20 15:17:03] CH1 data: {"text": "\u7ed5", "revise_round": 1}
[2026-05-20 15:17:03] CH1 data: {"text": "\u4e0a", "revise_round": 1}
[2026-05-20 15:17:03] CH1 data: {"text": "\u8155", "revise_round": 1}
[2026-05-20 15:17:03] CH1 data: {"text": "\u9aa8", "revise_round": 1}
[2026-05-20 15:17:03] CH1 data: {"text": "\u3002", "revise_round": 1}
[2026-05-20 15:17:03] CH1 data: {"text": "\u53e6\u4e00", "revise_round": 1}
[2026-05-20 15:17:03] CH1 data: {"text": "\u4eba", "revise_round": 1}
[2026-05-20 15:17:03] CH1 data: {"text": "\u653e", "revise_round": 1}
[2026-05-20 15:17:03] CH1 data: {"text": "\u4e0b", "revise_round": 1}
[2026-05-20 15:17:03] CH1 data: {"text": "\u65b0", "revise_round": 1}
[2026-05-20 15:17:03] CH1 data: {"text": "\u5e26", "revise_round": 1}
[2026-05-20 15:17:03] CH1 data: {"text": "\u6765\u7684", "revise_round": 1}
[2026-05-20 15:17:03] CH1 data: {"text": "\u5b98", "revise_round": 1}
[2026-05-20 15:17:03] CH1 data: {"text": "\u7ef3", "revise_round": 1}
[2026-05-20 15:17:03] CH1 data: {"text": "\uff0c\u53c8", "revise_round": 1}
[2026-05-20 15:17:03] CH1 data: {"text": "\u53d6", "revise_round": 1}
[2026-05-20 15:17:03] CH1 data: {"text": "\u5c01", "revise_round": 1}
[2026-05-20 15:17:03] CH1 data: {"text": "\u6761", "revise_round": 1}
[2026-05-20 15:17:03] CH1 data: {"text": "\u5f80", "revise_round": 1}
[2026-05-20 15:17:03] CH1 data: {"text": "\u706f", "revise_round": 1}
[2026-05-20 15:17:03] CH1 data: {"text": "\u6746", "revise_round": 1}
[2026-05-20 15:17:03] CH1 data: {"text": "\u548c", "revise_round": 1}
[2026-05-20 15:17:03] CH1 data: {"text": "\u6a90", "revise_round": 1}
[2026-05-20 15:17:03] CH1 data: {"text": "\u67f1", "revise_round": 1}
[2026-05-20 15:17:03] CH1 data: {"text": "\u95f4", "revise_round": 1}
[2026-05-20 15:17:03] CH1 data: {"text": "\u4e00", "revise_round": 1}
[2026-05-20 15:17:03] CH1 data: {"text": "\u8d34", "revise_round": 1}
[2026-05-20 15:17:03] CH1 data: {"text": "\u3002", "revise_round": 1}
[2026-05-20 15:17:03] CH1 data: {"text": "\u7eb8", "revise_round": 1}
[2026-05-20 15:17:03] CH1 data: {"text": "\u89d2", "revise_round": 1}
[2026-05-20 15:17:03] CH1 data: {"text": "\u5403", "revise_round": 1}
[2026-05-20 15:17:03] CH1 data: {"text": "\u4e86", "revise_round": 1}
[2026-05-20 15:17:03] CH1 data: {"text": "\u6f6e", "revise_round": 1}
[2026-05-20 15:17:03] CH1 data: {"text": "\u6c14", "revise_round": 1}
[2026-05-20 15:17:03] CH1 data: {"text": "\uff0c", "revise_round": 1}
[2026-05-20 15:17:03] CH1 data: {"text": "\u4ecd", "revise_round": 1}
[2026-05-20 15:17:04] CH1 data: {"text": "\u6b7b", "revise_round": 1}
[2026-05-20 15:17:04] CH1 data: {"text": "\u6b7b", "revise_round": 1}
[2026-05-20 15:17:04] CH1 data: {"text": "\u7c98", "revise_round": 1}
[2026-05-20 15:17:04] CH1 data: {"text": "\u4f4f", "revise_round": 1}
[2026-05-20 15:17:04] CH1 data: {"text": "\uff0c", "revise_round": 1}
[2026-05-20 15:17:04] CH1 data: {"text": "\u767d", "revise_round": 1}
[2026-05-20 15:17:04] CH1 data: {"text": "\u5f97", "revise_round": 1}
[2026-05-20 15:17:04] CH1 data: {"text": "\u624e", "revise_round": 1}
[2026-05-20 15:17:04] CH1 data: {"text": "\u773c", "revise_round": 1}
[2026-05-20 15:17:04] CH1 data: {"text": "\u3002\n\n", "revise_round": 1}
[2026-05-20 15:17:04] CH1 data: {"text": "\u5b88", "revise_round": 1}
[2026-05-20 15:17:04] CH1 data: {"text": "\u5907", "revise_round": 1}
[2026-05-20 15:17:04] CH1 data: {"text": "\u63a5", "revise_round": 1}
[2026-05-20 15:17:04] CH1 data: {"text": "\u8fc7", "revise_round": 1}
[2026-05-20 15:17:04] CH1 data: {"text": "\u6848", "revise_round": 1}
[2026-05-20 15:17:04] CH1 data: {"text": "\u518c", "revise_round": 1}
[2026-05-20 15:17:04] CH1 data: {"text": "\uff0c", "revise_round": 1}
[2026-05-20 15:17:04] CH1 data: {"text": "\u76ef", "revise_round": 1}
[2026-05-20 15:17:04] CH1 data: {"text": "\u7740", "revise_round": 1}
[2026-05-20 15:17:04] CH1 data: {"text": "\u6c88", "revise_round": 1}
[2026-05-20 15:17:04] CH1 data: {"text": "\u7167", "revise_round": 1}
[2026-05-20 15:17:04] CH1 data: {"text": "\uff0c\u4e00", "revise_round": 1}
[2026-05-20 15:17:04] CH1 data: {"text": "\u5b57", "revise_round": 1}
[2026-05-20 15:17:04] CH1 data: {"text": "\u4e00", "revise_round": 1}
[2026-05-20 15:17:04] CH1 data: {"text": "\u987f", "revise_round": 1}
[2026-05-20 15:17:04] CH1 data: {"text": "\uff1a\u201c", "revise_round": 1}
[2026-05-20 15:17:04] CH1 data: {"text": "\u5929", "revise_round": 1}
[2026-05-20 15:17:04] CH1 data: {"text": "\u4eae", "revise_round": 1}
[2026-05-20 15:17:04] CH1 data: {"text": "\u524d", "revise_round": 1}
[2026-05-20 15:17:04] CH1 data: {"text": "\uff0c\u4f60", "revise_round": 1}
[2026-05-20 15:17:04] CH1 data: {"text": "\u82e5", "revise_round": 1}
[2026-05-20 15:17:04] CH1 data: {"text": "\u62ff", "revise_round": 1}
[2026-05-20 15:17:04] CH1 data: {"text": "\u4e0d", "revise_round": 1}
[2026-05-20 15:17:04] CH1 data: {"text": "\u51fa", "revise_round": 1}
[2026-05-20 15:17:04] CH1 data: {"text": "\u7ad9", "revise_round": 1}
[2026-05-20 15:17:04] CH1 data: {"text": "\u5f97", "revise_round": 1}
[2026-05-20 15:17:04] CH1 data: {"text": "\u4f4f", "revise_round": 1}
[2026-05-20 15:17:04] CH1 data: {"text": "\u811a", "revise_round": 1}
[2026-05-20 15:17:04] CH1 data: {"text": "\u7684", "revise_round": 1}
[2026-05-20 15:17:04] CH1 data: {"text": "\u8bf4", "revise_round": 1}
[2026-05-20 15:17:04] CH1 data: {"text": "\u6cd5", "revise_round": 1}
[2026-05-20 15:17:04] CH1 data: {"text": "\uff0c", "revise_round": 1}
[2026-05-20 15:17:04] CH1 data: {"text": "\u4eca", "revise_round": 1}
[2026-05-20 15:17:04] CH1 data: {"text": "\u591c", "revise_round": 1}
[2026-05-20 15:17:04] CH1 data: {"text": "\u66ff", "revise_round": 1}
[2026-05-20 15:17:04] CH1 data: {"text": "\u4ed6", "revise_round": 1}
[2026-05-20 15:17:04] CH1 data: {"text": "\u6321", "revise_round": 1}
[2026-05-20 15:17:04] CH1 data: {"text": "\u7684", "revise_round": 1}
[2026-05-20 15:17:04] CH1 data: {"text": "\u8fd9\u4e9b", "revise_round": 1}
[2026-05-20 15:17:04] CH1 data: {"text": "\u8bdd", "revise_round": 1}
[2026-05-20 15:17:04] CH1 data: {"text": "\uff0c\u6211", "revise_round": 1}
[2026-05-20 15:17:04] CH1 data: {"text": "\u4e00", "revise_round": 1}
[2026-05-20 15:17:04] CH1 data: {"text": "\u5e76", "revise_round": 1}
[2026-05-20 15:17:05] CH1 data: {"text": "\u8bb0", "revise_round": 1}
[2026-05-20 15:17:05] CH1 data: {"text": "\u5728", "revise_round": 1}
[2026-05-20 15:17:05] CH1 data: {"text": "\u4f60", "revise_round": 1}
[2026-05-20 15:17:05] CH1 data: {"text": "\u540d", "revise_round": 1}
[2026-05-20 15:17:05] CH1 data: {"text": "\u4e0b", "revise_round": 1}
[2026-05-20 15:17:05] CH1 data: {"text": "\u3002", "revise_round": 1}
[2026-05-20 15:17:05] CH1 data: {"text": "\u62a4", "revise_round": 1}
[2026-05-20 15:17:05] CH1 data: {"text": "\u72af", "revise_round": 1}
[2026-05-20 15:17:05] CH1 data: {"text": "\u3001", "revise_round": 1}
[2026-05-20 15:17:05] CH1 data: {"text": "\u8bef", "revise_round": 1}
[2026-05-20 15:17:05] CH1 data: {"text": "\u6848", "revise_round": 1}
[2026-05-20 15:17:05] CH1 data: {"text": "\uff0c", "revise_round": 1}
[2026-05-20 15:17:05] CH1 data: {"text": "\u54ea\u4e2a", "revise_round": 1}
[2026-05-20 15:17:05] CH1 data: {"text": "\u90fd", "revise_round": 1}
[2026-05-20 15:17:05] CH1 data: {"text": "\u4e0d", "revise_round": 1}
[2026-05-20 15:17:05] CH1 data: {"text": "\u8f7b", "revise_round": 1}
[2026-05-20 15:17:05] CH1 data: {"text": "\u3002\u201d\n\n", "revise_round": 1}
[2026-05-20 15:17:05] CH1 data: {"text": "\u201c", "revise_round": 1}
[2026-05-20 15:17:05] CH1 data: {"text": "\u8bb0", "revise_round": 1}
[2026-05-20 15:17:05] CH1 data: {"text": "\u4f60", "revise_round": 1}
[2026-05-20 15:17:05] CH1 data: {"text": "\u8be5", "revise_round": 1}
[2026-05-20 15:17:05] CH1 data: {"text": "\u8bb0", "revise_round": 1}
[2026-05-20 15:17:05] CH1 data: {"text": "\u7684", "revise_round": 1}
[2026-05-20 15:17:05] CH1 data: {"text": "\u3002\u201d", "revise_round": 1}
[2026-05-20 15:17:05] CH1 data: {"text": "\u6c88", "revise_round": 1}
[2026-05-20 15:17:05] CH1 data: {"text": "\u7167", "revise_round": 1}
[2026-05-20 15:17:05] CH1 data: {"text": "\u8bf4", "revise_round": 1}
[2026-05-20 15:17:05] CH1 data: {"text": "\u3002\n\n", "revise_round": 1}
[2026-05-20 15:17:05] CH1 data: {"text": "\u5b88", "revise_round": 1}
[2026-05-20 15:17:05] CH1 data: {"text": "\u5907", "revise_round": 1}
[2026-05-20 15:17:05] CH1 data: {"text": "\u51b7", "revise_round": 1}
[2026-05-20 15:17:05] CH1 data: {"text": "\u54fc", "revise_round": 1}
[2026-05-20 15:17:05] CH1 data: {"text": "\u4e00", "revise_round": 1}
[2026-05-20 15:17:05] CH1 data: {"text": "\u58f0", "revise_round": 1}
[2026-05-20 15:17:05] CH1 data: {"text": "\uff0c", "revise_round": 1}
[2026-05-20 15:17:05] CH1 data: {"text": "\u8f6c", "revise_round": 1}
[2026-05-20 15:17:05] CH1 data: {"text": "\u8eab", "revise_round": 1}
[2026-05-20 15:17:05] CH1 data: {"text": "\u65f6", "revise_round": 1}
[2026-05-20 15:17:05] CH1 data: {"text": "\uff0c", "revise_round": 1}
[2026-05-20 15:17:05] CH1 data: {"text": "\u9ed1", "revise_round": 1}
[2026-05-20 15:17:05] CH1 data: {"text": "\u84d1", "revise_round": 1}
[2026-05-20 15:17:05] CH1 data: {"text": "\u4eba\u7684", "revise_round": 1}
[2026-05-20 15:17:05] CH1 data: {"text": "\u8349", "revise_round": 1}
[2026-05-20 15:17:05] CH1 data: {"text": "\u7b20", "revise_round": 1}
[2026-05-20 15:17:05] CH1 data: {"text": "\u7565", "revise_round": 1}
[2026-05-20 15:17:05] CH1 data: {"text": "\u504f", "revise_round": 1}
[2026-05-20 15:17:05] CH1 data: {"text": "\uff0c", "revise_round": 1}
[2026-05-20 15:17:05] CH1 data: {"text": "\u9732", "revise_round": 1}
[2026-05-20 15:17:05] CH1 data: {"text": "\u51fa", "revise_round": 1}
[2026-05-20 15:17:05] CH1 data: {"text": "\u534a", "revise_round": 1}
[2026-05-20 15:17:05] CH1 data: {"text": "\u622a", "revise_round": 1}
[2026-05-20 15:17:06] CH1 data: {"text": "\u7626", "revise_round": 1}
[2026-05-20 15:17:06] CH1 data: {"text": "\u524a", "revise_round": 1}
[2026-05-20 15:17:06] CH1 data: {"text": "\u4e0b", "revise_round": 1}
[2026-05-20 15:17:06] CH1 data: {"text": "\u988c", "revise_round": 1}
[2026-05-20 15:17:06] CH1 data: {"text": "\u3002", "revise_round": 1}
[2026-05-20 15:17:06] CH1 data: {"text": "\u90a3", "revise_round": 1}
[2026-05-20 15:17:06] CH1 data: {"text": "\u4eba", "revise_round": 1}
[2026-05-20 15:17:06] CH1 data: {"text": "\u6ca1", "revise_round": 1}
[2026-05-20 15:17:06] CH1 data: {"text": "\u518d", "revise_round": 1}
[2026-05-20 15:17:06] CH1 data: {"text": "\u8bf4", "revise_round": 1}
[2026-05-20 15:17:06] CH1 data: {"text": "\u8bdd", "revise_round": 1}
[2026-05-20 15:17:06] CH1 data: {"text": "\uff0c\u53ea", "revise_round": 1}
[2026-05-20 15:17:06] CH1 data: {"text": "\u628a", "revise_round": 1}
[2026-05-20 15:17:06] CH1 data: {"text": "\u624b", "revise_round": 1}
[2026-05-20 15:17:06] CH1 data: {"text": "\u6309", "revise_round": 1}
[2026-05-20 15:17:06] CH1 data: {"text": "\u5728", "revise_round": 1}
[2026-05-20 15:17:06] CH1 data: {"text": "\u8170", "revise_round": 1}
[2026-05-20 15:17:06] CH1 data: {"text": "\u724c", "revise_round": 1}
[2026-05-20 15:17:06] CH1 data: {"text": "\u65c1", "revise_round": 1}
[2026-05-20 15:17:06] CH1 data: {"text": "\uff0c", "revise_round": 1}
[2026-05-20 15:17:06] CH1 data: {"text": "\u50cf", "revise_round": 1}
[2026-05-20 15:17:06] CH1 data: {"text": "\u662f\u5728", "revise_round": 1}
[2026-05-20 15:17:06] CH1 data: {"text": "\u8bb0", "revise_round": 1}
[2026-05-20 15:17:06] CH1 data: {"text": "\u4eba", "revise_round": 1}
[2026-05-20 15:17:06] CH1 data: {"text": "\uff0c\u4e5f", "revise_round": 1}
[2026-05-20 15:17:06] CH1 data: {"text": "\u50cf", "revise_round": 1}
[2026-05-20 15:17:06] CH1 data: {"text": "\u662f\u5728", "revise_round": 1}
[2026-05-20 15:17:06] CH1 data: {"text": "\u91cf", "revise_round": 1}
[2026-05-20 15:17:06] CH1 data: {"text": "\u5c3a\u5bf8", "revise_round": 1}
[2026-05-20 15:17:06] CH1 data: {"text": "\u3002\n\n", "revise_round": 1}
[2026-05-20 15:17:06] CH1 data: {"text": "\u5df7", "revise_round": 1}
[2026-05-20 15:17:06] CH1 data: {"text": "\u91cc", "revise_round": 1}
[2026-05-20 15:17:06] CH1 data: {"text": "\u5f88", "revise_round": 1}
[2026-05-20 15:17:06] CH1 data: {"text": "\u5feb", "revise_round": 1}
[2026-05-20 15:17:06] CH1 data: {"text": "\u88ab", "revise_round": 1}
[2026-05-20 15:17:06] CH1 data: {"text": "\u5b98", "revise_round": 1}
[2026-05-20 15:17:06] CH1 data: {"text": "\u7ef3", "revise_round": 1}
[2026-05-20 15:17:06] CH1 data: {"text": "\u591a", "revise_round": 1}
[2026-05-20 15:17:06] CH1 data: {"text": "\u56f4", "revise_round": 1}
[2026-05-20 15:17:06] CH1 data: {"text": "\u4e86", "revise_round": 1}
[2026-05-20 15:17:06] CH1 data: {"text": "\u4e24", "revise_round": 1}
[2026-05-20 15:17:06] CH1 data: {"text": "\u9053", "revise_round": 1}
[2026-05-20 15:17:06] CH1 data: {"text": "\u3002", "revise_round": 1}
[2026-05-20 15:17:06] CH1 data: {"text": "\u9b42", "revise_round": 1}
[2026-05-20 15:17:06] CH1 data: {"text": "\u706f", "revise_round": 1}
[2026-05-20 15:17:06] CH1 data: {"text": "\u7f69", "revise_round": 1}
[2026-05-20 15:17:06] CH1 data: {"text": "\u5728", "revise_round": 1}
[2026-05-20 15:17:06] CH1 data: {"text": "\u5c01", "revise_round": 1}
[2026-05-20 15:17:06] CH1 data: {"text": "\u7eb8", "revise_round": 1}
[2026-05-20 15:17:06] CH1 data: {"text": "\u91cc", "revise_round": 1}
[2026-05-20 15:17:06] CH1 data: {"text": "\uff0c", "revise_round": 1}
[2026-05-20 15:17:06] CH1 data: {"text": "\u706b", "revise_round": 1}
[2026-05-20 15:17:06] CH1 data: {"text": "\u8272", "revise_round": 1}
[2026-05-20 15:17:07] CH1 data: {"text": "\u95f7", "revise_round": 1}
[2026-05-20 15:17:07] CH1 data: {"text": "\u6210", "revise_round": 1}
[2026-05-20 15:17:07] CH1 data: {"text": "\u4e00", "revise_round": 1}
[2026-05-20 15:17:07] CH1 data: {"text": "\u56e2", "revise_round": 1}
[2026-05-20 15:17:07] CH1 data: {"text": "\uff1b", "revise_round": 1}
[2026-05-20 15:17:07] CH1 data: {"text": "\u5c38", "revise_round": 1}
[2026-05-20 15:17:07] CH1 data: {"text": "\u638c", "revise_round": 1}
[2026-05-20 15:17:07] CH1 data: {"text": "\u8fb9", "revise_round": 1}
[2026-05-20 15:17:07] CH1 data: {"text": "\u90a3", "revise_round": 1}
[2026-05-20 15:17:07] CH1 data: {"text": "\u70b9", "revise_round": 1}
[2026-05-20 15:17:07] CH1 data: {"text": "\u7070", "revise_round": 1}
[2026-05-20 15:17:07] CH1 data: {"text": "\u88ab", "revise_round": 1}
[2026-05-20 15:17:07] CH1 data: {"text": "\u906e", "revise_round": 1}
[2026-05-20 15:17:07] CH1 data: {"text": "\u4f4f", "revise_round": 1}
[2026-05-20 15:17:07] CH1 data: {"text": "\uff0c\u53ea", "revise_round": 1}
[2026-05-20 15:17:07] CH1 data: {"text": "\u5269", "revise_round": 1}
[2026-05-20 15:17:07] CH1 data: {"text": "\u4e00", "revise_round": 1}
[2026-05-20 15:17:07] CH1 data: {"text": "\u7ebf", "revise_round": 1}
[2026-05-20 15:17:07] CH1 data: {"text": "\u6697", "revise_round": 1}
[2026-05-20 15:17:07] CH1 data: {"text": "\u75d5", "revise_round": 1}
[2026-05-20 15:17:07] CH1 data: {"text": "\u3002", "revise_round": 1}
[2026-05-20 15:17:07] CH1 data: {"text": "\u8001", "revise_round": 1}
[2026-05-20 15:17:07] CH1 data: {"text": "\u66f4", "revise_round": 1}
[2026-05-20 15:17:07] CH1 data: {"text": "\u592b", "revise_round": 1}
[2026-05-20 15:17:07] CH1 data: {"text": "\u9760", "revise_round": 1}
[2026-05-20 15:17:07] CH1 data: {"text": "\u7740", "revise_round": 1}
[2026-05-20 15:17:07] CH1 data: {"text": "\u5899", "revise_round": 1}
[2026-05-20 15:17:07] CH1 data: {"text": "\uff0c", "revise_round": 1}
[2026-05-20 15:17:07] CH1 data: {"text": "\u547c", "revise_round": 1}
[2026-05-20 15:17:07] CH1 data: {"text": "\u5438", "revise_round": 1}
[2026-05-20 15:17:07] CH1 data: {"text": "\u4e00", "revise_round": 1}
[2026-05-20 15:17:07] CH1 data: {"text": "\u622a", "revise_round": 1}
[2026-05-20 15:17:07] CH1 data: {"text": "\u4e00", "revise_round": 1}
[2026-05-20 15:17:07] CH1 data: {"text": "\u622a", "revise_round": 1}
[2026-05-20 15:17:07] CH1 data: {"text": "\u5730", "revise_round": 1}
[2026-05-20 15:17:07] CH1 data: {"text": "\u65ad", "revise_round": 1}
[2026-05-20 15:17:07] CH1 data: {"text": "\uff0c", "revise_round": 1}
[2026-05-20 15:17:07] CH1 data: {"text": "\u65c1", "revise_round": 1}
[2026-05-20 15:17:07] CH1 data: {"text": "\u8fb9", "revise_round": 1}
[2026-05-20 15:17:07] CH1 data: {"text": "\u5dee", "revise_round": 1}
[2026-05-20 15:17:07] CH1 data: {"text": "\u5f79", "revise_round": 1}
[2026-05-20 15:17:07] CH1 data: {"text": "\u4e0d", "revise_round": 1}
[2026-05-20 15:17:07] CH1 data: {"text": "\u8bb8", "revise_round": 1}
[2026-05-20 15:17:07] CH1 data: {"text": "\u4ed6", "revise_round": 1}
[2026-05-20 15:17:07] CH1 data: {"text": "\u591a", "revise_round": 1}
[2026-05-20 15:17:07] CH1 data: {"text": "\u4e00\u53e5", "revise_round": 1}
[2026-05-20 15:17:07] CH1 data: {"text": "\u8bdd", "revise_round": 1}
[2026-05-20 15:17:07] CH1 data: {"text": "\u3002\n\n", "revise_round": 1}
[2026-05-20 15:17:07] CH1 data: {"text": "\u6c88", "revise_round": 1}
[2026-05-20 15:17:07] CH1 data: {"text": "\u7167", "revise_round": 1}
[2026-05-20 15:17:07] CH1 data: {"text": "\u7ad9", "revise_round": 1}
[2026-05-20 15:17:07] CH1 data: {"text": "\u5728", "revise_round": 1}
[2026-05-20 15:17:07] CH1 data: {"text": "\u5c01", "revise_round": 1}
[2026-05-20 15:17:07] CH1 data: {"text": "\u7ebf", "revise_round": 1}
[2026-05-20 15:17:07] CH1 data: {"text": "\u5916", "revise_round": 1}
[2026-05-20 15:17:08] CH1 data: {"text": "\uff0c", "revise_round": 1}
[2026-05-20 15:17:08] CH1 data: {"text": "\u95fb", "revise_round": 1}
[2026-05-20 15:17:08] CH1 data: {"text": "\u7740", "revise_round": 1}
[2026-05-20 15:17:08] CH1 data: {"text": "\u96e8", "revise_round": 1}
[2026-05-20 15:17:08] CH1 data: {"text": "\u91cc", "revise_round": 1}
[2026-05-20 15:17:08] CH1 data: {"text": "\u90a3", "revise_round": 1}
[2026-05-20 15:17:08] CH1 data: {"text": "\u70b9", "revise_round": 1}
[2026-05-20 15:17:08] CH1 data: {"text": "\u6563", "revise_round": 1}
[2026-05-20 15:17:08] CH1 data: {"text": "\u4e0d", "revise_round": 1}
[2026-05-20 15:17:08] CH1 data: {"text": "\u5c3d", "revise_round": 1}
[2026-05-20 15:17:08] CH1 data: {"text": "\u7684", "revise_round": 1}
[2026-05-20 15:17:08] CH1 data: {"text": "\u6cb9", "revise_round": 1}
[2026-05-20 15:17:08] CH1 data: {"text": "\u8165", "revise_round": 1}
[2026-05-20 15:17:08] CH1 data: {"text": "\uff0c", "revise_round": 1}
[2026-05-20 15:17:08] CH1 data: {"text": "\u671b", "revise_round": 1}
[2026-05-20 15:17:08] CH1 data: {"text": "\u4e86\u4e00", "revise_round": 1}
[2026-05-20 15:17:08] CH1 data: {"text": "\u773c", "revise_round": 1}
[2026-05-20 15:17:08] CH1 data: {"text": "\u88ab", "revise_round": 1}
[2026-05-20 15:17:08] CH1 data: {"text": "\u5c01", "revise_round": 1}
[2026-05-20 15:17:08] CH1 data: {"text": "\u4f4f", "revise_round": 1}
[2026-05-20 15:17:08] CH1 data: {"text": "\u7684", "revise_round": 1}
[2026-05-20 15:17:08] CH1 data: {"text": "\u706f", "revise_round": 1}
[2026-05-20 15:17:08] CH1 data: {"text": "\uff0c\u53c8", "revise_round": 1}
[2026-05-20 15:17:08] CH1 data: {"text": "\u671b", "revise_round": 1}
[2026-05-20 15:17:08] CH1 data: {"text": "\u4e86\u4e00", "revise_round": 1}
[2026-05-20 15:17:08] CH1 data: {"text": "\u773c", "revise_round": 1}
[2026-05-20 15:17:08] CH1 data: {"text": "\u5939", "revise_round": 1}
[2026-05-20 15:17:08] CH1 data: {"text": "\u8fdb", "revise_round": 1}
[2026-05-20 15:17:08] CH1 data: {"text": "\u6848", "revise_round": 1}
[2026-05-20 15:17:08] CH1 data: {"text": "\u518c", "revise_round": 1}
[2026-05-20 15:17:08] CH1 data: {"text": "\u7684", "revise_round": 1}
[2026-05-20 15:17:08] CH1 data: {"text": "\u7070", "revise_round": 1}
[2026-05-20 15:17:08] CH1 data: {"text": "\u6837", "revise_round": 1}
[2026-05-20 15:17:08] CH1 data: {"text": "\u3002", "revise_round": 1}
[2026-05-20 15:17:08] CH1 data: {"text": "\u516c\u5f00", "revise_round": 1}
[2026-05-20 15:17:08] CH1 data: {"text": "\u80fd", "revise_round": 1}
[2026-05-20 15:17:08] CH1 data: {"text": "\u8bf4", "revise_round": 1}
[2026-05-20 15:17:08] CH1 data: {"text": "\u7684", "revise_round": 1}
[2026-05-20 15:17:08] CH1 data: {"text": "\uff0c\u5230", "revise_round": 1}
[2026-05-20 15:17:08] CH1 data: {"text": "\u8fd9", "revise_round": 1}
[2026-05-20 15:17:08] CH1 data: {"text": "\u513f", "revise_round": 1}
[2026-05-20 15:17:08] CH1 data: {"text": "\u4e86", "revise_round": 1}
[2026-05-20 15:17:08] CH1 data: {"text": "\u3002", "revise_round": 1}
[2026-05-20 15:17:08] CH1 data: {"text": "\u5929", "revise_round": 1}
[2026-05-20 15:17:08] CH1 data: {"text": "\u4eae", "revise_round": 1}
[2026-05-20 15:17:08] CH1 data: {"text": "\u524d", "revise_round": 1}
[2026-05-20 15:17:08] CH1 data: {"text": "\uff0c", "revise_round": 1}
[2026-05-20 15:17:08] CH1 data: {"text": "\u60f3", "revise_round": 1}
[2026-05-20 15:17:08] CH1 data: {"text": "\u628a", "revise_round": 1}
[2026-05-20 15:17:08] CH1 data: {"text": "\u4eba", "revise_round": 1}
[2026-05-20 15:17:08] CH1 data: {"text": "\u4ece", "revise_round": 1}
[2026-05-20 15:17:08] CH1 data: {"text": "\u6848", "revise_round": 1}
[2026-05-20 15:17:08] CH1 data: {"text": "\u518c", "revise_round": 1}
[2026-05-20 15:17:09] CH1 data: {"text": "\u91cc", "revise_round": 1}
[2026-05-20 15:17:09] CH1 data: {"text": "\u635e", "revise_round": 1}
[2026-05-20 15:17:09] CH1 data: {"text": "\u51fa\u6765", "revise_round": 1}
[2026-05-20 15:17:09] CH1 data: {"text": "\uff0c\u53ea", "revise_round": 1}
[2026-05-20 15:17:09] CH1 data: {"text": "\u80fd", "revise_round": 1}
[2026-05-20 15:17:09] CH1 data: {"text": "\u53bb", "revise_round": 1}
[2026-05-20 15:17:09] CH1 data: {"text": "\u627e", "revise_round": 1}
[2026-05-20 15:17:09] CH1 data: {"text": "\u4e24", "revise_round": 1}
[2026-05-20 15:17:09] CH1 data: {"text": "\u6837", "revise_round": 1}
[2026-05-20 15:17:09] CH1 data: {"text": "\u4e1c\u897f", "revise_round": 1}
[2026-05-20 15:17:09] CH1 data: {"text": "\u2014\u2014", "revise_round": 1}
[2026-05-20 15:17:09] CH1 data: {"text": "\u9b42", "revise_round": 1}
[2026-05-20 15:17:09] CH1 data: {"text": "\u706f", "revise_round": 1}
[2026-05-20 15:17:09] CH1 data: {"text": "\u4ece", "revise_round": 1}
[2026-05-20 15:17:09] CH1 data: {"text": "\u54ea", "revise_round": 1}
[2026-05-20 15:17:09] CH1 data: {"text": "\u6765", "revise_round": 1}
[2026-05-20 15:17:09] CH1 data: {"text": "\uff0c", "revise_round": 1}
[2026-05-20 15:17:09] CH1 data: {"text": "\u56de", "revise_round": 1}
[2026-05-20 15:17:09] CH1 data: {"text": "\u7167", "revise_round": 1}
[2026-05-20 15:17:09] CH1 data: {"text": "\u5370", "revise_round": 1}
[2026-05-20 15:17:09] CH1 data: {"text": "\u4ece", "revise_round": 1}
[2026-05-20 15:17:09] CH1 data: {"text": "\u8c01", "revise_round": 1}
[2026-05-20 15:17:09] CH1 data: {"text": "\u624b", "revise_round": 1}
[2026-05-20 15:17:09] CH1 data: {"text": "\u91cc", "revise_round": 1}
[2026-05-20 15:17:09] CH1 data: {"text": "\u51fa\u53bb", "revise_round": 1}
[2026-05-20 15:17:09] CH1 data: {"text": "\u3002", "revise_round": 1}
[2026-05-20 15:17:09] CH1 data: {"status": "saved", "chapter_id": "e9d02dad-5778-4d92-a447-6b2dff36ddb4", "word_count": 4259, "revise_round": 1}
[2026-05-20 15:17:09] CH1 data: {"event": "evaluating", "round": 2}
[2026-05-20 15:20:57] CH1 data: {"event": "scored", "round": 2, "overall": 7.24, "issues": 15}
[2026-05-20 15:20:57] CH1 data: {"event": "revising", "round": 2, "overall": 7.24, "threshold": 8.2}
[2026-05-20 15:24:55] CH1 data: {"text": "\u96e8", "revise_round": 2}
[2026-05-20 15:24:55] CH1 data: {"text": "\u4ece", "revise_round": 2}
[2026-05-20 15:24:55] CH1 data: {"text": "\u5317", "revise_round": 2}
[2026-05-20 15:24:55] CH1 data: {"text": "\u57ce", "revise_round": 2}
[2026-05-20 15:24:55] CH1 data: {"text": "\u5c4b", "revise_round": 2}
[2026-05-20 15:24:55] CH1 data: {"text": "\u810a", "revise_round": 2}
[2026-05-20 15:24:55] CH1 data: {"text": "\u4e00", "revise_round": 2}
[2026-05-20 15:24:55] CH1 data: {"text": "\u80a1", "revise_round": 2}
[2026-05-20 15:24:55] CH1 data: {"text": "\u80a1", "revise_round": 2}
[2026-05-20 15:24:55] CH1 data: {"text": "\u6dcc", "revise_round": 2}
[2026-05-20 15:24:55] CH1 data: {"text": "\u4e0b", "revise_round": 2}
[2026-05-20 15:24:55] CH1 data: {"text": "\uff0c", "revise_round": 2}
[2026-05-20 15:24:55] CH1 data: {"text": "\u5df7", "revise_round": 2}
[2026-05-20 15:24:55] CH1 data: {"text": "\u7816", "revise_round": 2}
[2026-05-20 15:24:55] CH1 data: {"text": "\u5168", "revise_round": 2}
[2026-05-20 15:24:55] CH1 data: {"text": "\u9ed1", "revise_round": 2}
[2026-05-20 15:24:55] CH1 data: {"text": "\u4e86", "revise_round": 2}
[2026-05-20 15:24:55] CH1 data: {"text": "\u3002", "revise_round": 2}
[2026-05-20 15:24:55] CH1 data: {"text": "\u5de1", "revise_round": 2}
[2026-05-20 15:24:55] CH1 data: {"text": "\u57ce", "revise_round": 2}
[2026-05-20 15:24:55] CH1 data: {"text": "\u9774", "revise_round": 2}
[2026-05-20 15:24:55] CH1 data: {"text": "\u8e29", "revise_round": 2}
[2026-05-20 15:24:55] CH1 data: {"text": "\u8fc7", "revise_round": 2}
[2026-05-20 15:24:55] CH1 data: {"text": "\u79ef", "revise_round": 2}
[2026-05-20 15:24:55] CH1 data: {"text": "\u6c34", "revise_round": 2}
[2026-05-20 15:24:55] CH1 data: {"text": "\uff0c", "revise_round": 2}
[2026-05-20 15:24:55] CH1 data: {"text": "\u6c34", "revise_round": 2}
[2026-05-20 15:24:55] CH1 data: {"text": "\u82b1", "revise_round": 2}
[2026-05-20 15:24:55] CH1 data: {"text": "\u8d34", "revise_round": 2}
[2026-05-20 15:24:55] CH1 data: {"text": "\u7740", "revise_round": 2}
[2026-05-20 15:24:55] CH1 data: {"text": "\u88e4", "revise_round": 2}
[2026-05-20 15:24:55] CH1 data: {"text": "\u811a", "revise_round": 2}
[2026-05-20 15:24:55] CH1 data: {"text": "\u6563", "revise_round": 2}
[2026-05-20 15:24:55] CH1 data: {"text": "\u5f00", "revise_round": 2}
[2026-05-20 15:24:55] CH1 data: {"text": "\u3002", "revise_round": 2}
[2026-05-20 15:24:55] CH1 data: {"text": "\u5c06", "revise_round": 2}
[2026-05-20 15:24:55] CH1 data: {"text": "\u51fa", "revise_round": 2}
[2026-05-20 15:24:55] CH1 data: {"text": "\u8857", "revise_round": 2}
[2026-05-20 15:24:55] CH1 data: {"text": "\u89d2", "revise_round": 2}
[2026-05-20 15:24:55] CH1 data: {"text": "\u65f6", "revise_round": 2}
[2026-05-20 15:24:55] CH1 data: {"text": "\uff0c", "revise_round": 2}
[2026-05-20 15:24:55] CH1 data: {"text": "\u6a90", "revise_round": 2}
[2026-05-20 15:24:56] CH1 data: {"text": "\u4e0b\u4e00", "revise_round": 2}
[2026-05-20 15:24:56] CH1 data: {"text": "\u70b9", "revise_round": 2}
[2026-05-20 15:24:56] CH1 data: {"text": "\u9752", "revise_round": 2}
[2026-05-20 15:24:56] CH1 data: {"text": "\u9ec4", "revise_round": 2}
[2026-05-20 15:24:56] CH1 data: {"text": "\u706b", "revise_round": 2}
[2026-05-20 15:24:56] CH1 data: {"text": "\u8272", "revise_round": 2}
[2026-05-20 15:24:56] CH1 data: {"text": "\u6a2a", "revise_round": 2}
[2026-05-20 15:24:56] CH1 data: {"text": "\u5728", "revise_round": 2}
[2026-05-20 15:24:56] CH1 data: {"text": "\u96e8", "revise_round": 2}
[2026-05-20 15:24:56] CH1 data: {"text": "\u91cc", "revise_round": 2}
[2026-05-20 15:24:56] CH1 data: {"text": "\uff0c\u4e0d", "revise_round": 2}
[2026-05-20 15:24:56] CH1 data: {"text": "\u5927", "revise_round": 2}
[2026-05-20 15:24:56] CH1 data: {"text": "\uff0c\u5374", "revise_round": 2}
[2026-05-20 15:24:56] CH1 data: {"text": "\u624e", "revise_round": 2}
[2026-05-20 15:24:56] CH1 data: {"text": "\u773c", "revise_round": 2}
[2026-05-20 15:24:56] CH1 data: {"text": "\u3002\n\n", "revise_round": 2}
[2026-05-20 15:24:56] CH1 data: {"text": "\u4e8c", "revise_round": 2}
[2026-05-20 15:24:56] CH1 data: {"text": "\u66f4", "revise_round": 2}
[2026-05-20 15:24:56] CH1 data: {"text": "\u672b", "revise_round": 2}
[2026-05-20 15:24:56] CH1 data: {"text": "\uff0c", "revise_round": 2}
[2026-05-20 15:24:56] CH1 data: {"text": "\u8857", "revise_round": 2}
[2026-05-20 15:24:56] CH1 data: {"text": "\u8fb9", "revise_round": 2}
[2026-05-20 15:24:56] CH1 data: {"text": "\u4e0d", "revise_round": 2}
[2026-05-20 15:24:56] CH1 data: {"text": "\u8be5", "revise_round": 2}
[2026-05-20 15:24:56] CH1 data: {"text": "\u6709", "revise_round": 2}
[2026-05-20 15:24:56] CH1 data: {"text": "\u9b42", "revise_round": 2}
[2026-05-20 15:24:56] CH1 data: {"text": "\u706f", "revise_round": 2}
[2026-05-20 15:24:56] CH1 data: {"text": "\u3002\n\n", "revise_round": 2}
[2026-05-20 15:24:56] CH1 data: {"text": "\u6c88", "revise_round": 2}
[2026-05-20 15:24:56] CH1 data: {"text": "\u7167", "revise_round": 2}
[2026-05-20 15:24:56] CH1 data: {"text": "\u6536", "revise_round": 2}
[2026-05-20 15:24:56] CH1 data: {"text": "\u4f4f", "revise_round": 2}
[2026-05-20 15:24:56] CH1 data: {"text": "\u6b65", "revise_round": 2}
[2026-05-20 15:24:56] CH1 data: {"text": "\uff0c", "revise_round": 2}
[2026-05-20 15:24:56] CH1 data: {"text": "\u624b", "revise_round": 2}
[2026-05-20 15:24:56] CH1 data: {"text": "\u5148", "revise_round": 2}
[2026-05-20 15:24:56] CH1 data: {"text": "\u6309", "revise_round": 2}
[2026-05-20 15:24:56] CH1 data: {"text": "\u4e0a", "revise_round": 2}
[2026-05-20 15:24:56] CH1 data: {"text": "\u5200", "revise_round": 2}
[2026-05-20 15:24:56] CH1 data: {"text": "\u9798", "revise_round": 2}
[2026-05-20 15:24:56] CH1 data: {"text": "\uff0c", "revise_round": 2}
[2026-05-20 15:24:56] CH1 data: {"text": "\u6cbf", "revise_round": 2}
[2026-05-20 15:24:56] CH1 data: {"text": "\u7740", "revise_round": 2}
[2026-05-20 15:24:56] CH1 data: {"text": "\u5899", "revise_round": 2}
[2026-05-20 15:24:56] CH1 data: {"text": "\u6839", "revise_round": 2}
[2026-05-20 15:24:56] CH1 data: {"text": "\u5f80", "revise_round": 2}
[2026-05-20 15:24:56] CH1 data: {"text": "\u524d", "revise_round": 2}
[2026-05-20 15:24:56] CH1 data: {"text": "\u903c", "revise_round": 2}
[2026-05-20 15:24:56] CH1 data: {"text": "\u4e86", "revise_round": 2}
[2026-05-20 15:24:56] CH1 data: {"text": "\u4e24", "revise_round": 2}
[2026-05-20 15:24:56] CH1 data: {"text": "\u6b65", "revise_round": 2}
[2026-05-20 15:24:56] CH1 data: {"text": "\u3002", "revise_round": 2}
[2026-05-20 15:24:56] CH1 data: {"text": "\u90a3", "revise_round": 2}
[2026-05-20 15:24:56] CH1 data: {"text": "\u706b", "revise_round": 2}
[2026-05-20 15:24:56] CH1 data: {"text": "\u6302", "revise_round": 2}
[2026-05-20 15:24:56] CH1 data: {"text": "\u5728", "revise_round": 2}
[2026-05-20 15:24:56] CH1 data: {"text": "\u4e00", "revise_round": 2}
[2026-05-20 15:24:56] CH1 data: {"text": "\u95f4", "revise_round": 2}
[2026-05-20 15:24:56] CH1 data: {"text": "\u5e9f", "revise_round": 2}
[2026-05-20 15:24:56] CH1 data: {"text": "\u706f", "revise_round": 2}
[2026-05-20 15:24:56] CH1 data: {"text": "\u94fa", "revise_round": 2}
[2026-05-20 15:24:56] CH1 data: {"text": "\u7684", "revise_round": 2}
[2026-05-20 15:24:56] CH1 data: {"text": "\u65e7", "revise_round": 2}
[2026-05-20 15:24:56] CH1 data: {"text": "\u6a90", "revise_round": 2}
[2026-05-20 15:24:56] CH1 data: {"text": "\u4e0b", "revise_round": 2}
[2026-05-20 15:24:56] CH1 data: {"text": "\uff0c", "revise_round": 2}
[2026-05-20 15:24:56] CH1 data: {"text": "\u706f", "revise_round": 2}
[2026-05-20 15:24:56] CH1 data: {"text": "\u7eb8", "revise_round": 2}
[2026-05-20 15:24:56] CH1 data: {"text": "\u88ab", "revise_round": 2}
[2026-05-20 15:24:56] CH1 data: {"text": "\u96e8", "revise_round": 2}
[2026-05-20 15:24:56] CH1 data: {"text": "\u98ce", "revise_round": 2}
[2026-05-20 15:24:56] CH1 data: {"text": "\u62cd", "revise_round": 2}
[2026-05-20 15:24:56] CH1 data: {"text": "\u5f97", "revise_round": 2}
[2026-05-20 15:24:56] CH1 data: {"text": "\u5fae", "revise_round": 2}
[2026-05-20 15:24:56] CH1 data: {"text": "\u9f13", "revise_round": 2}
[2026-05-20 15:24:56] CH1 data: {"text": "\uff0c", "revise_round": 2}
[2026-05-20 15:24:56] CH1 data: {"text": "\u706b", "revise_round": 2}
[2026-05-20 15:24:56] CH1 data: {"text": "\u820c", "revise_round": 2}
[2026-05-20 15:24:56] CH1 data: {"text": "\u5374", "revise_round": 2}
[2026-05-20 15:24:56] CH1 data: {"text": "\u7f29", "revise_round": 2}
[2026-05-20 15:24:56] CH1 data: {"text": "\u5728", "revise_round": 2}
[2026-05-20 15:24:56] CH1 data: {"text": "\u7f69", "revise_round": 2}
[2026-05-20 15:24:56] CH1 data: {"text": "\u91cc", "revise_round": 2}
[2026-05-20 15:24:56] CH1 data: {"text": "\uff0c", "revise_round": 2}
[2026-05-20 15:24:56] CH1 data: {"text": "\u7a33", "revise_round": 2}
[2026-05-20 15:24:56] CH1 data: {"text": "\u7a33", "revise_round": 2}
[2026-05-20 15:24:56] CH1 data: {"text": "\u7167", "revise_round": 2}
[2026-05-20 15:24:56] CH1 data: {"text": "\u7740", "revise_round": 2}
[2026-05-20 15:24:56] CH1 data: {"text": "\u6a90", "revise_round": 2}
[2026-05-20 15:24:56] CH1 data: {"text": "\u4e0b\u4e00", "revise_round": 2}
[2026-05-20 15:24:56] CH1 data: {"text": "\u5f20", "revise_round": 2}
[2026-05-20 15:24:56] CH1 data: {"text": "\u8138", "revise_round": 2}
[2026-05-20 15:24:56] CH1 data: {"text": "\u3002", "revise_round": 2}
[2026-05-20 15:24:56] CH1 data: {"text": "\u534a", "revise_round": 2}
[2026-05-20 15:24:56] CH1 data: {"text": "\u5f20", "revise_round": 2}
[2026-05-20 15:24:56] CH1 data: {"text": "\u8138", "revise_round": 2}
[2026-05-20 15:24:56] CH1 data: {"text": "\u9752", "revise_round": 2}
[2026-05-20 15:24:56] CH1 data: {"text": "\u767d", "revise_round": 2}
[2026-05-20 15:24:56] CH1 data: {"text": "\uff0c", "revise_round": 2}
[2026-05-20 15:24:56] CH1 data: {"text": "\u534a", "revise_round": 2}
[2026-05-20 15:24:56] CH1 data: {"text": "\u5f20", "revise_round": 2}
[2026-05-20 15:24:56] CH1 data: {"text": "\u8138", "revise_round": 2}
[2026-05-20 15:24:56] CH1 data: {"text": "\u57cb", "revise_round": 2}
[2026-05-20 15:24:56] CH1 data: {"text": "\u5728", "revise_round": 2}
[2026-05-20 15:24:56] CH1 data: {"text": "\u9634", "revise_round": 2}
[2026-05-20 15:24:56] CH1 data: {"text": "\u91cc", "revise_round": 2}
[2026-05-20 15:24:56] CH1 data: {"text": "\uff1b", "revise_round": 2}
[2026-05-20 15:24:56] CH1 data: {"text": "\u4eba", "revise_round": 2}
[2026-05-20 15:24:56] CH1 data: {"text": "\u5f71", "revise_round": 2}
[2026-05-20 15:24:56] CH1 data: {"text": "\u8dea", "revise_round": 2}
[2026-05-20 15:24:56] CH1 data: {"text": "\u7740", "revise_round": 2}
[2026-05-20 15:24:56] CH1 data: {"text": "\uff0c", "revise_round": 2}
[2026-05-20 15:24:56] CH1 data: {"text": "\u5934", "revise_round": 2}
[2026-05-20 15:24:56] CH1 data: {"text": "\u4f4e", "revise_round": 2}
[2026-05-20 15:24:56] CH1 data: {"text": "\u5782", "revise_round": 2}
[2026-05-20 15:24:56] CH1 data: {"text": "\uff0c", "revise_round": 2}
[2026-05-20 15:24:56] CH1 data: {"text": "\u80a9", "revise_round": 2}
[2026-05-20 15:24:56] CH1 data: {"text": "\u4e0d", "revise_round": 2}
[2026-05-20 15:24:56] CH1 data: {"text": "\u6643", "revise_round": 2}
[2026-05-20 15:24:56] CH1 data: {"text": "\uff0c", "revise_round": 2}
[2026-05-20 15:24:56] CH1 data: {"text": "\u8fde", "revise_round": 2}
[2026-05-20 15:24:56] CH1 data: {"text": "\u4e00", "revise_round": 2}
[2026-05-20 15:24:56] CH1 data: {"text": "\u53e3", "revise_round": 2}
[2026-05-20 15:24:56] CH1 data: {"text": "\u70ed", "revise_round": 2}
[2026-05-20 15:24:56] CH1 data: {"text": "\u6c14", "revise_round": 2}
[2026-05-20 15:24:56] CH1 data: {"text": "\u90fd", "revise_round": 2}
[2026-05-20 15:24:56] CH1 data: {"text": "\u6ca1\u6709", "revise_round": 2}
[2026-05-20 15:24:56] CH1 data: {"text": "\u3002\n\n", "revise_round": 2}
[2026-05-20 15:24:56] CH1 data: {"text": "\u4ed6", "revise_round": 2}
[2026-05-20 15:24:56] CH1 data: {"text": "\u6ca1", "revise_round": 2}
[2026-05-20 15:24:56] CH1 data: {"text": "\u7acb", "revise_round": 2}
[2026-05-20 15:24:56] CH1 data: {"text": "\u523b", "revise_round": 2}
[2026-05-20 15:24:56] CH1 data: {"text": "\u8fdb", "revise_round": 2}
[2026-05-20 15:24:56] CH1 data: {"text": "\u6a90", "revise_round": 2}
[2026-05-20 15:24:56] CH1 data: {"text": "\u3002", "revise_round": 2}
[2026-05-20 15:24:56] CH1 data: {"text": "\u5148", "revise_round": 2}
[2026-05-20 15:24:56] CH1 data: {"text": "\u770b", "revise_round": 2}
[2026-05-20 15:24:56] CH1 data: {"text": "\u706f", "revise_round": 2}
[2026-05-20 15:24:56] CH1 data: {"text": "\u3002", "revise_round": 2}
[2026-05-20 15:24:56] CH1 data: {"text": "\u9b42", "revise_round": 2}
[2026-05-20 15:24:56] CH1 data: {"text": "\u706f", "revise_round": 2}
[2026-05-20 15:24:56] CH1 data: {"text": "\u7ed9", "revise_round": 2}
[2026-05-20 15:24:56] CH1 data: {"text": "\u65b0", "revise_round": 2}
[2026-05-20 15:24:56] CH1 data: {"text": "\u6b7b", "revise_round": 2}
[2026-05-20 15:24:56] CH1 data: {"text": "\u7167", "revise_round": 2}
[2026-05-20 15:24:56] CH1 data: {"text": "\u8def", "revise_round": 2}
[2026-05-20 15:24:56] CH1 data: {"text": "\uff0c", "revise_round": 2}
[2026-05-20 15:24:56] CH1 data: {"text": "\u6302", "revise_round": 2}
[2026-05-20 15:24:56] CH1 data: {"text": "\u4e5f", "revise_round": 2}
[2026-05-20 15:24:56] CH1 data: {"text": "\u8be5", "revise_round": 2}
[2026-05-20 15:24:56] CH1 data: {"text": "\u6302", "revise_round": 2}
[2026-05-20 15:24:56] CH1 data: {"text": "\u5728", "revise_round": 2}
[2026-05-20 15:24:56] CH1 data: {"text": "\u5b88", "revise_round": 2}
[2026-05-20 15:24:56] CH1 data: {"text": "\u7075", "revise_round": 2}
[2026-05-20 15:24:56] CH1 data: {"text": "\u5904", "revise_round": 2}
[2026-05-20 15:24:56] CH1 data: {"text": "\uff0c", "revise_round": 2}
[2026-05-20 15:24:56] CH1 data: {"text": "\u7167", "revise_round": 2}
[2026-05-20 15:24:56] CH1 data: {"text": "\u524d", "revise_round": 2}
[2026-05-20 15:24:56] CH1 data: {"text": "\uff0c\u4e0d", "revise_round": 2}
[2026-05-20 15:24:56] CH1 data: {"text": "\u7167", "revise_round": 2}
[2026-05-20 15:24:56] CH1 data: {"text": "\u9762", "revise_round": 2}
[2026-05-20 15:24:56] CH1 data: {"text": "\u3002", "revise_round": 2}
[2026-05-20 15:24:56] CH1 data: {"text": "\u773c", "revise_round": 2}
[2026-05-20 15:24:56] CH1 data: {"text": "\u524d", "revise_round": 2}
[2026-05-20 15:24:56] CH1 data: {"text": "\u8fd9", "revise_round": 2}
[2026-05-20 15:24:56] CH1 data: {"text": "\u76cf", "revise_round": 2}
[2026-05-20 15:24:56] CH1 data: {"text": "\u504f", "revise_round": 2}
[2026-05-20 15:24:56] CH1 data: {"text": "\u504f", "revise_round": 2}
[2026-05-20 15:24:56] CH1 data: {"text": "\u659c", "revise_round": 2}
[2026-05-20 15:24:56] CH1 data: {"text": "\u7740", "revise_round": 2}
[2026-05-20 15:24:56] CH1 data: {"text": "\uff0c", "revise_round": 2}
[2026-05-20 15:24:56] CH1 data: {"text": "\u6b63", "revise_round": 2}
[2026-05-20 15:24:56] CH1 data: {"text": "\u628a", "revise_round": 2}
[2026-05-20 15:24:56] CH1 data: {"text": "\u5149", "revise_round": 2}
[2026-05-20 15:24:56] CH1 data: {"text": "\u538b", "revise_round": 2}
[2026-05-20 15:24:56] CH1 data: {"text": "\u5728", "revise_round": 2}
[2026-05-20 15:24:56] CH1 data: {"text": "\u90a3", "revise_round": 2}
[2026-05-20 15:24:56] CH1 data: {"text": "\u5f20", "revise_round": 2}
[2026-05-20 15:24:56] CH1 data: {"text": "\u8138", "revise_round": 2}
[2026-05-20 15:24:56] CH1 data: {"text": "\u548c", "revise_round": 2}
[2026-05-20 15:24:56] CH1 data: {"text": "\u80f8", "revise_round": 2}
[2026-05-20 15:24:56] CH1 data: {"text": "\u524d", "revise_round": 2}
[2026-05-20 15:24:56] CH1 data: {"text": "\uff0c", "revise_round": 2}
[2026-05-20 15:24:56] CH1 data: {"text": "\u50cf", "revise_round": 2}
[2026-05-20 15:24:56] CH1 data: {"text": "\u6709\u4eba", "revise_round": 2}
[2026-05-20 15:24:56] CH1 data: {"text": "\u4e13", "revise_round": 2}
[2026-05-20 15:24:56] CH1 data: {"text": "\u610f", "revise_round": 2}
[2026-05-20 15:24:56] CH1 data: {"text": "\u8981", "revise_round": 2}
[2026-05-20 15:24:56] CH1 data: {"text": "\u540e\u6765", "revise_round": 2}
[2026-05-20 15:24:56] CH1 data: {"text": "\u7684\u4eba", "revise_round": 2}
[2026-05-20 15:24:56] CH1 data: {"text": "\u7b2c\u4e00", "revise_round": 2}
[2026-05-20 15:24:56] CH1 data: {"text": "\u773c", "revise_round": 2}
[2026-05-20 15:24:56] CH1 data: {"text": "\u5c31", "revise_round": 2}
[2026-05-20 15:24:56] CH1 data: {"text": "\u77a7", "revise_round": 2}
[2026-05-20 15:24:56] CH1 data: {"text": "\u89c1", "revise_round": 2}
[2026-05-20 15:24:56] CH1 data: {"text": "\u8fd9\u91cc", "revise_round": 2}
[2026-05-20 15:24:56] CH1 data: {"text": "\u3002\n\n", "revise_round": 2}
[2026-05-20 15:24:56] CH1 data: {"text": "\u518d", "revise_round": 2}
[2026-05-20 15:24:56] CH1 data: {"text": "\u770b", "revise_round": 2}
[2026-05-20 15:24:56] CH1 data: {"text": "\u5730", "revise_round": 2}
[2026-05-20 15:24:56] CH1 data: {"text": "\u3002", "revise_round": 2}
[2026-05-20 15:24:56] CH1 data: {"text": "\u96e8", "revise_round": 2}
[2026-05-20 15:24:56] CH1 data: {"text": "\u4ece", "revise_round": 2}
[2026-05-20 15:24:56] CH1 data: {"text": "\u6a90", "revise_round": 2}
[2026-05-20 15:24:56] CH1 data: {"text": "\u89d2", "revise_round": 2}
[2026-05-20 15:24:56] CH1 data: {"text": "\u6210", "revise_round": 2}
[2026-05-20 15:24:56] CH1 data: {"text": "\u7ebf", "revise_round": 2}
[2026-05-20 15:24:56] CH1 data: {"text": "\u843d", "revise_round": 2}
[2026-05-20 15:24:56] CH1 data: {"text": "\u4e0b", "revise_round": 2}
[2026-05-20 15:24:56] CH1 data: {"text": "\uff0c", "revise_round": 2}
[2026-05-20 15:24:56] CH1 data: {"text": "\u6a90", "revise_round": 2}
[2026-05-20 15:24:56] CH1 data: {"text": "\u5916", "revise_round": 2}
[2026-05-20 15:24:56] CH1 data: {"text": "\u6e7f", "revise_round": 2}
[2026-05-20 15:24:56] CH1 data: {"text": "\u6210", "revise_round": 2}
[2026-05-20 15:24:56] CH1 data: {"text": "\u4e00", "revise_round": 2}
[2026-05-20 15:24:56] CH1 data: {"text": "\u7247", "revise_round": 2}
[2026-05-20 15:24:56] CH1 data: {"text": "\uff0c", "revise_round": 2}
[2026-05-20 15:24:56] CH1 data: {"text": "\u6a90", "revise_round": 2}
[2026-05-20 15:24:56] CH1 data: {"text": "\u5185", "revise_round": 2}
[2026-05-20 15:24:56] CH1 data: {"text": "\u5374", "revise_round": 2}
[2026-05-20 15:24:56] CH1 data: {"text": "\u88ab", "revise_round": 2}
[2026-05-20 15:24:56] CH1 data: {"text": "\u90a3", "revise_round": 2}
[2026-05-20 15:24:56] CH1 data: {"text": "\u4e24", "revise_round": 2}
[2026-05-20 15:24:56] CH1 data: {"text": "\u53ea", "revise_round": 2}
[2026-05-20 15:24:56] CH1 data: {"text": "\u819d", "revise_round": 2}
[2026-05-20 15:24:56] CH1 data: {"text": "\u5934", "revise_round": 2}
[2026-05-20 15:24:56] CH1 data: {"text": "\u622a", "revise_round": 2}
[2026-05-20 15:24:56] CH1 data: {"text": "\u51fa", "revise_round": 2}
[2026-05-20 15:24:56] CH1 data: {"text": "\u4e00", "revise_round": 2}
[2026-05-20 15:24:56] CH1 data: {"text": "\u5c0f", "revise_round": 2}
[2026-05-20 15:24:56] CH1 data: {"text": "\u5757", "revise_round": 2}
[2026-05-20 15:24:56] CH1 data: {"text": "\u6697", "revise_round": 2}
[2026-05-20 15:24:56] CH1 data: {"text": "\u5f71", "revise_round": 2}
[2026-05-20 15:24:56] CH1 data: {"text": "\u3002", "revise_round": 2}
[2026-05-20 15:24:56] CH1 data: {"text": "\u4e24", "revise_round": 2}
[2026-05-20 15:24:56] CH1 data: {"text": "\u819d", "revise_round": 2}
[2026-05-20 15:24:56] CH1 data: {"text": "\u5e76", "revise_round": 2}
[2026-05-20 15:24:56] CH1 data: {"text": "\u5f97", "revise_round": 2}
[2026-05-20 15:24:56] CH1 data: {"text": "\u592a", "revise_round": 2}
[2026-05-20 15:24:56] CH1 data: {"text": "\u9f50", "revise_round": 2}
[2026-05-20 15:24:56] CH1 data: {"text": "\uff0c", "revise_round": 2}
[2026-05-20 15:24:56] CH1 data: {"text": "\u8863", "revise_round": 2}
[2026-05-20 15:24:56] CH1 data: {"text": "\u6446", "revise_round": 2}
[2026-05-20 15:24:56] CH1 data: {"text": "\u8d34", "revise_round": 2}
[2026-05-20 15:24:56] CH1 data: {"text": "\u6ce5", "revise_round": 2}
[2026-05-20 15:24:56] CH1 data: {"text": "\uff0c", "revise_round": 2}
[2026-05-20 15:24:56] CH1 data: {"text": "\u8936", "revise_round": 2}
[2026-05-20 15:24:56] CH1 data: {"text": "\u5b50", "revise_round": 2}
[2026-05-20 15:24:56] CH1 data: {"text": "\u987a", "revise_round": 2}
[2026-05-20 15:24:56] CH1 data: {"text": "\u5f97", "revise_round": 2}
[2026-05-20 15:24:56] CH1 data: {"text": "\u8fc7", "revise_round": 2}
[2026-05-20 15:24:56] CH1 data: {"text": "\u5206", "revise_round": 2}
[2026-05-20 15:24:56] CH1 data: {"text": "\uff1b", "revise_round": 2}
[2026-05-20 15:24:56] CH1 data: {"text": "\u819d", "revise_round": 2}
[2026-05-20 15:24:56] CH1 data: {"text": "\u524d", "revise_round": 2}
[2026-05-20 15:24:56] CH1 data: {"text": "\u6709", "revise_round": 2}
[2026-05-20 15:24:56] CH1 data: {"text": "\u4e00\u9053", "revise_round": 2}
[2026-05-20 15:24:56] CH1 data: {"text": "\u88ab", "revise_round": 2}
[2026-05-20 15:24:56] CH1 data: {"text": "\u6c34", "revise_round": 2}
[2026-05-20 15:24:56] CH1 data: {"text": "\u51b2", "revise_round": 2}
[2026-05-20 15:24:56] CH1 data: {"text": "\u6d45", "revise_round": 2}
[2026-05-20 15:24:56] CH1 data: {"text": "\u7684", "revise_round": 2}
[2026-05-20 15:24:56] CH1 data: {"text": "\u62d6", "revise_round": 2}
[2026-05-20 15:24:56] CH1 data: {"text": "\u75d5", "revise_round": 2}
[2026-05-20 15:24:56] CH1 data: {"text": "\uff0c\u4ece", "revise_round": 2}
[2026-05-20 15:24:56] CH1 data: {"text": "\u5df7", "revise_round": 2}
[2026-05-20 15:24:56] CH1 data: {"text": "\u5fc3", "revise_round": 2}
[2026-05-20 15:24:56] CH1 data: {"text": "\u62d6", "revise_round": 2}
[2026-05-20 15:24:56] CH1 data: {"text": "\u5230", "revise_round": 2}
[2026-05-20 15:24:56] CH1 data: {"text": "\u6a90", "revise_round": 2}
[2026-05-20 15:24:56] CH1 data: {"text": "\u4e0b", "revise_round": 2}
[2026-05-20 15:24:56] CH1 data: {"text": "\uff0c", "revise_round": 2}
[2026-05-20 15:24:56] CH1 data: {"text": "\u5230\u4e86", "revise_round": 2}
[2026-05-20 15:24:56] CH1 data: {"text": "\u8eab", "revise_round": 2}
[2026-05-20 15:24:56] CH1 data: {"text": "\u524d", "revise_round": 2}
[2026-05-20 15:24:56] CH1 data: {"text": "\u5ffd", "revise_round": 2}
[2026-05-20 15:24:56] CH1 data: {"text": "\u7136", "revise_round": 2}
[2026-05-20 15:24:56] CH1 data: {"text": "\u65ad", "revise_round": 2}
[2026-05-20 15:24:56] CH1 data: {"text": "\u5f00", "revise_round": 2}
[2026-05-20 15:24:56] CH1 data: {"text": "\u3002", "revise_round": 2}
[2026-05-20 15:24:56] CH1 data: {"text": "\u82e5", "revise_round": 2}
[2026-05-20 15:24:56] CH1 data: {"text": "\u53ea\u662f", "revise_round": 2}
[2026-05-20 15:24:56] CH1 data: {"text": "\u4eba", "revise_round": 2}
[2026-05-20 15:24:56] CH1 data: {"text": "\u5012", "revise_round": 2}
[2026-05-20 15:24:56] CH1 data: {"text": "\u5728", "revise_round": 2}
[2026-05-20 15:24:56] CH1 data: {"text": "\u8fd9\u91cc", "revise_round": 2}
[2026-05-20 15:24:56] CH1 data: {"text": "\uff0c\u4e0d", "revise_round": 2}
[2026-05-20 15:24:56] CH1 data: {"text": "\u4f1a", "revise_round": 2}
[2026-05-20 15:24:56] CH1 data: {"text": "\u8dea", "revise_round": 2}
[2026-05-20 15:24:56] CH1 data: {"text": "\u5f97", "revise_round": 2}
[2026-05-20 15:24:56] CH1 data: {"text": "\u8fd9\u6837", "revise_round": 2}
[2026-05-20 15:24:56] CH1 data: {"text": "\u53d1", "revise_round": 2}
[2026-05-20 15:24:56] CH1 data: {"text": "\u677f", "revise_round": 2}
[2026-05-20 15:24:56] CH1 data: {"text": "\uff0c\u4e5f", "revise_round": 2}
[2026-05-20 15:24:56] CH1 data: {"text": "\u4e0d\u4f1a", "revise_round": 2}
[2026-05-20 15:24:56] CH1 data: {"text": "\u628a", "revise_round": 2}
[2026-05-20 15:24:56] CH1 data: {"text": "\u6c34", "revise_round": 2}
[2026-05-20 15:24:56] CH1 data: {"text": "\u7ebf", "revise_round": 2}
[2026-05-20 15:24:56] CH1 data: {"text": "\u8ba9", "revise_round": 2}
[2026-05-20 15:24:56] CH1 data: {"text": "\u5f97", "revise_round": 2}
[2026-05-20 15:24:56] CH1 data: {"text": "\u8fd9\u6837", "revise_round": 2}
[2026-05-20 15:24:56] CH1 data: {"text": "\u5e72", "revise_round": 2}
[2026-05-20 15:24:56] CH1 data: {"text": "\u51c0", "revise_round": 2}
[2026-05-20 15:24:56] CH1 data: {"text": "\u3002\n\n", "revise_round": 2}
[2026-05-20 15:24:56] CH1 data: {"text": "\u53ea\u662f", "revise_round": 2}
[2026-05-20 15:24:56] CH1 data: {"text": "\u7591", "revise_round": 2}
[2026-05-20 15:24:56] CH1 data: {"text": "\u70b9", "revise_round": 2}
[2026-05-20 15:24:56] CH1 data: {"text": "\u3002", "revise_round": 2}
[2026-05-20 15:24:56] CH1 data: {"text": "\u8fd8", "revise_round": 2}
[2026-05-20 15:24:56] CH1 data: {"text": "\u4e0d\u5230", "revise_round": 2}
[2026-05-20 15:24:56] CH1 data: {"text": "\u843d", "revise_round": 2}
[2026-05-20 15:24:56] CH1 data: {"text": "\u5b57", "revise_round": 2}
[2026-05-20 15:24:56] CH1 data: {"text": "\u7684\u65f6\u5019", "revise_round": 2}
[2026-05-20 15:24:56] CH1 data: {"text": "\u3002\n\n", "revise_round": 2}
[2026-05-20 15:24:56] CH1 data: {"text": "\u6c88", "revise_round": 2}
[2026-05-20 15:24:56] CH1 data: {"text": "\u7167", "revise_round": 2}
[2026-05-20 15:24:56] CH1 data: {"text": "\u4fef", "revise_round": 2}
[2026-05-20 15:24:56] CH1 data: {"text": "\u4f4e", "revise_round": 2}
[2026-05-20 15:24:57] CH1 data: {"text": "\u4e9b", "revise_round": 2}
[2026-05-20 15:24:57] CH1 data: {"text": "\uff0c", "revise_round": 2}
[2026-05-20 15:24:57] CH1 data: {"text": "\u9694", "revise_round": 2}
[2026-05-20 15:24:57] CH1 data: {"text": "\u7740", "revise_round": 2}
[2026-05-20 15:24:57] CH1 data: {"text": "\u4e24", "revise_round": 2}
[2026-05-20 15:24:57] CH1 data: {"text": "\u6b65", "revise_round": 2}
[2026-05-20 15:24:57] CH1 data: {"text": "\u770b", "revise_round": 2}
[2026-05-20 15:24:57] CH1 data: {"text": "\u4e86", "revise_round": 2}
[2026-05-20 15:24:57] CH1 data: {"text": "\u770b", "revise_round": 2}
[2026-05-20 15:24:57] CH1 data: {"text": "\u53e3", "revise_round": 2}
[2026-05-20 15:24:57] CH1 data: {"text": "\u9f3b", "revise_round": 2}
[2026-05-20 15:24:57] CH1 data: {"text": "\u3002", "revise_round": 2}
[2026-05-20 15:24:57] CH1 data: {"text": "\u6ca1\u6709", "revise_round": 2}
[2026-05-20 15:24:57] CH1 data: {"text": "\u96fe", "revise_round": 2}
[2026-05-20 15:24:57] CH1 data: {"text": "\u3002", "revise_round": 2}
[2026-05-20 15:24:57] CH1 data: {"text": "\u96e8", "revise_round": 2}
[2026-05-20 15:24:57] CH1 data: {"text": "\u811a", "revise_round": 2}
[2026-05-20 15:24:57] CH1 data: {"text": "\u6e85", "revise_round": 2}
[2026-05-20 15:24:57] CH1 data: {"text": "\u4e0a", "revise_round": 2}
[2026-05-20 15:24:57] CH1 data: {"text": "\u776b", "revise_round": 2}
[2026-05-20 15:24:57] CH1 data: {"text": "\u6bdb", "revise_round": 2}
[2026-05-20 15:24:57] CH1 data: {"text": "\uff0c\u4eba", "revise_round": 2}
[2026-05-20 15:24:57] CH1 data: {"text": "\u4e5f", "revise_round": 2}
[2026-05-20 15:24:57] CH1 data: {"text": "\u4e0d", "revise_round": 2}
[2026-05-20 15:24:57] CH1 data: {"text": "\u7728", "revise_round": 2}
[2026-05-20 15:24:57] CH1 data: {"text": "\u3002", "revise_round": 2}
[2026-05-20 15:24:57] CH1 data: {"text": "\u8896", "revise_round": 2}
[2026-05-20 15:24:57] CH1 data: {"text": "\u53e3", "revise_round": 2}
[2026-05-20 15:24:57] CH1 data: {"text": "\u8fb9", "revise_round": 2}
[2026-05-20 15:24:57] CH1 data: {"text": "\u7f18", "revise_round": 2}
[2026-05-20 15:24:57] CH1 data: {"text": "\u6cbe", "revise_round": 2}
[2026-05-20 15:24:57] CH1 data: {"text": "\u7740", "revise_round": 2}
[2026-05-20 15:24:57] CH1 data: {"text": "\u6df1", "revise_round": 2}
[2026-05-20 15:24:57] CH1 data: {"text": "\u8272", "revise_round": 2}
[2026-05-20 15:24:57] CH1 data: {"text": "\uff0c", "revise_round": 2}
[2026-05-20 15:24:57] CH1 data: {"text": "\u53eb", "revise_round": 2}
[2026-05-20 15:24:57] CH1 data: {"text": "\u96e8", "revise_round": 2}
[2026-05-20 15:24:57] CH1 data: {"text": "\u6ce1", "revise_round": 2}
[2026-05-20 15:24:57] CH1 data: {"text": "\u5f00", "revise_round": 2}
[2026-05-20 15:24:57] CH1 data: {"text": "\uff0c\u53ea", "revise_round": 2}
[2026-05-20 15:24:57] CH1 data: {"text": "\u5269", "revise_round": 2}
[2026-05-20 15:24:57] CH1 data: {"text": "\u4e00", "revise_round": 2}
[2026-05-20 15:24:57] CH1 data: {"text": "\u5c42", "revise_round": 2}
[2026-05-20 15:24:57] CH1 data: {"text": "\u6de1", "revise_round": 2}
[2026-05-20 15:24:57] CH1 data: {"text": "\u6de1", "revise_round": 2}
[2026-05-20 15:24:57] CH1 data: {"text": "\u8165", "revise_round": 2}
[2026-05-20 15:24:57] CH1 data: {"text": "\u5473", "revise_round": 2}
[2026-05-20 15:24:57] CH1 data: {"text": "\u3002\u4ed6", "revise_round": 2}
[2026-05-20 15:24:57] CH1 data: {"text": "\u628a", "revise_round": 2}
[2026-05-20 15:24:57] CH1 data: {"text": "\u89c6", "revise_round": 2}
[2026-05-20 15:24:57] CH1 data: {"text": "\u7ebf", "revise_round": 2}
[2026-05-20 15:24:57] CH1 data: {"text": "\u4ece", "revise_round": 2}
[2026-05-20 15:24:57] CH1 data: {"text": "\u6a90", "revise_round": 2}
[2026-05-20 15:24:57] CH1 data: {"text": "\u4e0b", "revise_round": 2}
[2026-05-20 15:24:57] CH1 data: {"text": "\u6536", "revise_round": 2}
[2026-05-20 15:24:57] CH1 data: {"text": "\u56de", "revise_round": 2}
[2026-05-20 15:24:57] CH1 data: {"text": "\uff0c", "revise_round": 2}
[2026-05-20 15:24:57] CH1 data: {"text": "\u5148", "revise_round": 2}
[2026-05-20 15:24:57] CH1 data: {"text": "\u671b", "revise_round": 2}
[2026-05-20 15:24:57] CH1 data: {"text": "\u5df7", "revise_round": 2}
[2026-05-20 15:24:57] CH1 data: {"text": "\u53e3", "revise_round": 2}
[2026-05-20 15:24:57] CH1 data: {"text": "\u4e24", "revise_round": 2}
[2026-05-20 15:24:57] CH1 data: {"text": "\u8fb9", "revise_round": 2}
[2026-05-20 15:24:57] CH1 data: {"text": "\u3002", "revise_round": 2}
[2026-05-20 15:24:57] CH1 data: {"text": "\u5de6", "revise_round": 2}
[2026-05-20 15:24:57] CH1 data: {"text": "\u8fb9", "revise_round": 2}
[2026-05-20 15:24:57] CH1 data: {"text": "\u901a", "revise_round": 2}
[2026-05-20 15:24:57] CH1 data: {"text": "\u5de1", "revise_round": 2}
[2026-05-20 15:24:57] CH1 data: {"text": "\u57ce", "revise_round": 2}
[2026-05-20 15:24:57] CH1 data: {"text": "\u9053", "revise_round": 2}
[2026-05-20 15:24:57] CH1 data: {"text": "\uff0c", "revise_round": 2}
[2026-05-20 15:24:57] CH1 data: {"text": "\u53f3", "revise_round": 2}
[2026-05-20 15:24:57] CH1 data: {"text": "\u8fb9", "revise_round": 2}
[2026-05-20 15:24:57] CH1 data: {"text": "\u662f", "revise_round": 2}
[2026-05-20 15:24:57] CH1 data: {"text": "\u4e09", "revise_round": 2}
[2026-05-20 15:24:57] CH1 data: {"text": "\u5bb6", "revise_round": 2}
[2026-05-20 15:24:57] CH1 data: {"text": "\u4f4f", "revise_round": 2}
[2026-05-20 15:24:57] CH1 data: {"text": "\u6237", "revise_round": 2}
[2026-05-20 15:24:57] CH1 data: {"text": "\u7684", "revise_round": 2}
[2026-05-20 15:24:57] CH1 data: {"text": "\u540e", "revise_round": 2}
[2026-05-20 15:24:57] CH1 data: {"text": "\u7a97", "revise_round": 2}
[2026-05-20 15:24:57] CH1 data: {"text": "\uff0c", "revise_round": 2}
[2026-05-20 15:24:57] CH1 data: {"text": "\u7a97", "revise_round": 2}
[2026-05-20 15:24:57] CH1 data: {"text": "\u7eb8", "revise_round": 2}
[2026-05-20 15:24:57] CH1 data: {"text": "\u65e9", "revise_round": 2}
[2026-05-20 15:24:57] CH1 data: {"text": "\u88ab", "revise_round": 2}
[2026-05-20 15:24:57] CH1 data: {"text": "\u706f", "revise_round": 2}
[2026-05-20 15:24:57] CH1 data: {"text": "\u706b", "revise_round": 2}
[2026-05-20 15:24:57] CH1 data: {"text": "\u6620", "revise_round": 2}
[2026-05-20 15:24:57] CH1 data: {"text": "\u51fa", "revise_round": 2}
[2026-05-20 15:24:57] CH1 data: {"text": "\u51e0", "revise_round": 2}
[2026-05-20 15:24:57] CH1 data: {"text": "\u56e2", "revise_round": 2}
[2026-05-20 15:24:58] CH1 data: {"text": "\u4eba", "revise_round": 2}
[2026-05-20 15:24:58] CH1 data: {"text": "\u5f71", "revise_round": 2}
[2026-05-20 15:24:58] CH1 data: {"text": "\uff0c\u6709", "revise_round": 2}
[2026-05-20 15:24:58] CH1 data: {"text": "\u4eba", "revise_round": 2}
[2026-05-20 15:24:58] CH1 data: {"text": "\u6b63", "revise_round": 2}
[2026-05-20 15:24:58] CH1 data: {"text": "\u632a", "revise_round": 2}
[2026-05-20 15:24:58] CH1 data: {"text": "\u7740", "revise_round": 2}
[2026-05-20 15:24:58] CH1 data: {"text": "\u6813", "revise_round": 2}
[2026-05-20 15:24:58] CH1 data: {"text": "\u5b50", "revise_round": 2}
[2026-05-20 15:24:58] CH1 data: {"text": "\u3002\n\n", "revise_round": 2}
[2026-05-20 15:24:58] CH1 data: {"text": "\u201c", "revise_round": 2}
[2026-05-20 15:24:58] CH1 data: {"text": "\u5173", "revise_round": 2}
[2026-05-20 15:24:58] CH1 data: {"text": "\u7a97", "revise_round": 2}
[2026-05-20 15:24:58] CH1 data: {"text": "\u3002", "revise_round": 2}
[2026-05-20 15:24:58] CH1 data: {"text": "\u522b", "revise_round": 2}
[2026-05-20 15:24:58] CH1 data: {"text": "\u51fa\u6765", "revise_round": 2}
[2026-05-20 15:24:58] CH1 data: {"text": "\u3002\u201d\n\n", "revise_round": 2}
[2026-05-20 15:24:58] CH1 data: {"text": "\u58f0\u97f3", "revise_round": 2}
[2026-05-20 15:24:58] CH1 data: {"text": "\u4e0d", "revise_round": 2}
[2026-05-20 15:24:58] CH1 data: {"text": "\u9ad8", "revise_round": 2}
[2026-05-20 15:24:58] CH1 data: {"text": "\uff0c", "revise_round": 2}
[2026-05-20 15:24:58] CH1 data: {"text": "\u538b", "revise_round": 2}
[2026-05-20 15:24:58] CH1 data: {"text": "\u5f97", "revise_round": 2}
[2026-05-20 15:24:58] CH1 data: {"text": "\u5f88", "revise_round": 2}
[2026-05-20 15:24:58] CH1 data: {"text": "\u5b9e", "revise_round": 2}
[2026-05-20 15:24:58] CH1 data: {"text": "\u3002", "revise_round": 2}
[2026-05-20 15:24:58] CH1 data: {"text": "\u7a97", "revise_round": 2}
[2026-05-20 15:24:58] CH1 data: {"text": "\u540e\u7684", "revise_round": 2}
[2026-05-20 15:24:58] CH1 data: {"text": "\u4f4e", "revise_round": 2}
[2026-05-20 15:24:58] CH1 data: {"text": "\u8bed", "revise_round": 2}
[2026-05-20 15:24:58] CH1 data: {"text": "\u5148", "revise_round": 2}
[2026-05-20 15:24:58] CH1 data: {"text": "\u505c", "revise_round": 2}
[2026-05-20 15:24:58] CH1 data: {"text": "\u4e86\u4e00", "revise_round": 2}
[2026-05-20 15:24:58] CH1 data: {"text": "\u505c", "revise_round": 2}
[2026-05-20 15:24:58] CH1 data: {"text": "\uff0c", "revise_round": 2}
[2026-05-20 15:24:58] CH1 data: {"text": "\u968f", "revise_round": 2}
[2026-05-20 15:24:58] CH1 data: {"text": "\u5373", "revise_round": 2}
[2026-05-20 15:24:58] CH1 data: {"text": "\u66f4", "revise_round": 2}
[2026-05-20 15:24:58] CH1 data: {"text": "\u7ec6", "revise_round": 2}
[2026-05-20 15:24:58] CH1 data: {"text": "\u788e", "revise_round": 2}
[2026-05-20 15:24:58] CH1 data: {"text": "\u5730", "revise_round": 2}
[2026-05-20 15:24:58] CH1 data: {"text": "\u94bb", "revise_round": 2}
[2026-05-20 15:24:58] CH1 data: {"text": "\u51fa\u6765", "revise_round": 2}
[2026-05-20 15:24:58] CH1 data: {"text": "\uff1a\u201c", "revise_round": 2}
[2026-05-20 15:24:58] CH1 data: {"text": "\u9b42", "revise_round": 2}
[2026-05-20 15:24:58] CH1 data: {"text": "\u706f", "revise_round": 2}
[2026-05-20 15:24:58] CH1 data: {"text": "\u2026\u2026", "revise_round": 2}
[2026-05-20 15:24:58] CH1 data: {"text": "\u201d\u201c", "revise_round": 2}
[2026-05-20 15:24:58] CH1 data: {"text": "\u5e9f", "revise_round": 2}
[2026-05-20 15:24:58] CH1 data: {"text": "\u94fa", "revise_round": 2}
[2026-05-20 15:24:58] CH1 data: {"text": "\u95e8", "revise_round": 2}
[2026-05-20 15:24:58] CH1 data: {"text": "\u53e3", "revise_round": 2}
[2026-05-20 15:24:58] CH1 data: {"text": "\u600e\u4e48", "revise_round": 2}
[2026-05-20 15:24:58] CH1 data: {"text": "\u4f1a", "revise_round": 2}
[2026-05-20 15:24:58] CH1 data: {"text": "\u2026\u2026\u201d", "revise_round": 2}
[2026-05-20 15:24:58] CH1 data: {"text": "\u6709\u4eba", "revise_round": 2}
[2026-05-20 15:24:58] CH1 data: {"text": "\u8fd8", "revise_round": 2}
[2026-05-20 15:24:58] CH1 data: {"text": "\u60f3", "revise_round": 2}
[2026-05-20 15:24:58] CH1 data: {"text": "\u63a2", "revise_round": 2}
[2026-05-20 15:24:58] CH1 data: {"text": "\u5934", "revise_round": 2}
[2026-05-20 15:24:58] CH1 data: {"text": "\uff0c\u88ab", "revise_round": 2}
[2026-05-20 15:24:58] CH1 data: {"text": "\u4ed6", "revise_round": 2}
[2026-05-20 15:24:58] CH1 data: {"text": "\u7ffb", "revise_round": 2}
[2026-05-20 15:24:58] CH1 data: {"text": "\u51fa\u7684", "revise_round": 2}
[2026-05-20 15:24:58] CH1 data: {"text": "\u8170", "revise_round": 2}
[2026-05-20 15:24:58] CH1 data: {"text": "\u724c", "revise_round": 2}
[2026-05-20 15:24:58] CH1 data: {"text": "\u4e00", "revise_round": 2}
[2026-05-20 15:24:58] CH1 data: {"text": "\u6643", "revise_round": 2}
[2026-05-20 15:24:58] CH1 data: {"text": "\uff0c", "revise_round": 2}
[2026-05-20 15:24:58] CH1 data: {"text": "\u7acb", "revise_round": 2}
[2026-05-20 15:24:58] CH1 data: {"text": "\u523b", "revise_round": 2}
[2026-05-20 15:24:58] CH1 data: {"text": "\u7f29", "revise_round": 2}
[2026-05-20 15:24:58] CH1 data: {"text": "\u56de", "revise_round": 2}
[2026-05-20 15:24:58] CH1 data: {"text": "\u53bb", "revise_round": 2}
[2026-05-20 15:24:58] CH1 data: {"text": "\u534a", "revise_round": 2}
[2026-05-20 15:24:58] CH1 data: {"text": "\u4e2a", "revise_round": 2}
[2026-05-20 15:24:58] CH1 data: {"text": "\u3002\n\n", "revise_round": 2}
[2026-05-20 15:24:58] CH1 data: {"text": "\u4ed6", "revise_round": 2}
[2026-05-20 15:24:58] CH1 data: {"text": "\u9000", "revise_round": 2}
[2026-05-20 15:24:58] CH1 data: {"text": "\u5230", "revise_round": 2}
[2026-05-20 15:24:58] CH1 data: {"text": "\u5df7", "revise_round": 2}
[2026-05-20 15:24:58] CH1 data: {"text": "\u53e3", "revise_round": 2}
[2026-05-20 15:24:58] CH1 data: {"text": "\u4e0e", "revise_round": 2}
[2026-05-20 15:24:58] CH1 data: {"text": "\u6a90", "revise_round": 2}
[2026-05-20 15:24:58] CH1 data: {"text": "\u4e0b", "revise_round": 2}
[2026-05-20 15:24:58] CH1 data: {"text": "\u4e4b\u95f4", "revise_round": 2}
[2026-05-20 15:24:58] CH1 data: {"text": "\uff0c", "revise_round": 2}
[2026-05-20 15:24:58] CH1 data: {"text": "\u89e3", "revise_round": 2}
[2026-05-20 15:24:58] CH1 data: {"text": "\u4e0b", "revise_round": 2}
[2026-05-20 15:24:58] CH1 data: {"text": "\u8170", "revise_round": 2}
[2026-05-20 15:24:58] CH1 data: {"text": "\u95f4", "revise_round": 2}
[2026-05-20 15:24:58] CH1 data: {"text": "\u77ed", "revise_round": 2}
[2026-05-20 15:24:58] CH1 data: {"text": "\u7ef3", "revise_round": 2}
[2026-05-20 15:24:58] CH1 data: {"text": "\uff0c\u4e00", "revise_round": 2}
[2026-05-20 15:24:58] CH1 data: {"text": "\u7aef", "revise_round": 2}
[2026-05-20 15:24:58] CH1 data: {"text": "\u6263", "revise_round": 2}
[2026-05-20 15:24:59] CH1 data: {"text": "\u4f4f", "revise_round": 2}
[2026-05-20 15:24:59] CH1 data: {"text": "\u6392", "revise_round": 2}
[2026-05-20 15:24:59] CH1 data: {"text": "\u6c34", "revise_round": 2}
[2026-05-20 15:24:59] CH1 data: {"text": "\u77f3", "revise_round": 2}
[2026-05-20 15:24:59] CH1 data: {"text": "\u6869", "revise_round": 2}
[2026-05-20 15:24:59] CH1 data: {"text": "\uff0c\u4e00", "revise_round": 2}
[2026-05-20 15:24:59] CH1 data: {"text": "\u7aef", "revise_round": 2}
[2026-05-20 15:24:59] CH1 data: {"text": "\u62f4", "revise_round": 2}
[2026-05-20 15:24:59] CH1 data: {"text": "\u4e0a", "revise_round": 2}
[2026-05-20 15:24:59] CH1 data: {"text": "\u5e9f", "revise_round": 2}
[2026-05-20 15:24:59] CH1 data: {"text": "\u94fa", "revise_round": 2}
[2026-05-20 15:24:59] CH1 data: {"text": "\u95e8", "revise_round": 2}
[2026-05-20 15:24:59] CH1 data: {"text": "\u8fb9", "revise_round": 2}
[2026-05-20 15:24:59] CH1 data: {"text": "\u6b8b", "revise_round": 2}
[2026-05-20 15:24:59] CH1 data: {"text": "\u5b58", "revise_round": 2}
[2026-05-20 15:24:59] CH1 data: {"text": "\u7684", "revise_round": 2}
[2026-05-20 15:24:59] CH1 data: {"text": "\u94dc", "revise_round": 2}
[2026-05-20 15:24:59] CH1 data: {"text": "\u73af", "revise_round": 2}
[2026-05-20 15:24:59] CH1 data: {"text": "\u3002", "revise_round": 2}
[2026-05-20 15:24:59] CH1 data: {"text": "\u7ef3", "revise_round": 2}
[2026-05-20 15:24:59] CH1 data: {"text": "\u5b50", "revise_round": 2}
[2026-05-20 15:24:59] CH1 data: {"text": "\u4e0d", "revise_round": 2}
[2026-05-20 15:24:59] CH1 data: {"text": "\u957f", "revise_round": 2}
[2026-05-20 15:24:59] CH1 data: {"text": "\uff0c\u53ea", "revise_round": 2}
[2026-05-20 15:24:59] CH1 data: {"text": "\u591f", "revise_round": 2}
[2026-05-20 15:24:59] CH1 data: {"text": "\u62e6", "revise_round": 2}
[2026-05-20 15:24:59] CH1 data: {"text": "\u4f4f", "revise_round": 2}
[2026-05-20 15:24:59] CH1 data: {"text": "\u6b63", "revise_round": 2}
[2026-05-20 15:24:59] CH1 data: {"text": "\u4e2d\u8fc7", "revise_round": 2}
[2026-05-20 15:24:59] CH1 data: {"text": "\u8def", "revise_round": 2}
[2026-05-20 15:24:59] CH1 data: {"text": "\u7684\u4e00", "revise_round": 2}
[2026-05-20 15:24:59] CH1 data: {"text": "\u622a", "revise_round": 2}
[2026-05-20 15:24:59] CH1 data: {"text": "\uff0c", "revise_round": 2}
[2026-05-20 15:24:59] CH1 data: {"text": "\u4f59", "revise_round": 2}
[2026-05-20 15:24:59] CH1 data: {"text": "\u4e0b", "revise_round": 2}
[2026-05-20 15:24:59] CH1 data: {"text": "\u7684", "revise_round": 2}
[2026-05-20 15:24:59] CH1 data: {"text": "\u53e3", "revise_round": 2}
[2026-05-20 15:24:59] CH1 data: {"text": "\u5b50", "revise_round": 2}
[2026-05-20 15:24:59] CH1 data: {"text": "\uff0c\u4ed6", "revise_round": 2}
[2026-05-20 15:24:59] CH1 data: {"text": "\u7528", "revise_round": 2}
[2026-05-20 15:24:59] CH1 data: {"text": "\u5200", "revise_round": 2}
[2026-05-20 15:24:59] CH1 data: {"text": "\u9798", "revise_round": 2}
[2026-05-20 15:24:59] CH1 data: {"text": "\u5c16", "revise_round": 2}
[2026-05-20 15:24:59] CH1 data: {"text": "\u5728", "revise_round": 2}
[2026-05-20 15:24:59] CH1 data: {"text": "\u6ce5", "revise_round": 2}
[2026-05-20 15:24:59] CH1 data: {"text": "\u6c34", "revise_round": 2}
[2026-05-20 15:24:59] CH1 data: {"text": "\u91cc", "revise_round": 2}
[2026-05-20 15:24:59] CH1 data: {"text": "\u5212", "revise_round": 2}
[2026-05-20 15:24:59] CH1 data: {"text": "\u51fa", "revise_round": 2}
[2026-05-20 15:24:59] CH1 data: {"text": "\u4e00\u9053", "revise_round": 2}
[2026-05-20 15:24:59] CH1 data: {"text": "\u5f27", "revise_round": 2}
[2026-05-20 15:24:59] CH1 data: {"text": "\u7ebf", "revise_round": 2}
[2026-05-20 15:24:59] CH1 data: {"text": "\u3002", "revise_round": 2}
[2026-05-20 15:24:59] CH1 data: {"text": "\u9ed1", "revise_round": 2}
[2026-05-20 15:24:59] CH1 data: {"text": "\u6c34", "revise_round": 2}
[2026-05-20 15:24:59] CH1 data: {"text": "\u7acb", "revise_round": 2}
[2026-05-20 15:24:59] CH1 data: {"text": "\u523b", "revise_round": 2}
[2026-05-20 15:24:59] CH1 data: {"text": "\u5f80", "revise_round": 2}
[2026-05-20 15:24:59] CH1 data: {"text": "\u91cc", "revise_round": 2}
[2026-05-20 15:24:59] CH1 data: {"text": "\u6f2b", "revise_round": 2}
[2026-05-20 15:24:59] CH1 data: {"text": "\uff0c", "revise_round": 2}
[2026-05-20 15:24:59] CH1 data: {"text": "\u7ebf", "revise_round": 2}
[2026-05-20 15:24:59] CH1 data: {"text": "\u75d5", "revise_round": 2}
[2026-05-20 15:24:59] CH1 data: {"text": "\u5f88", "revise_round": 2}
[2026-05-20 15:24:59] CH1 data: {"text": "\u5feb", "revise_round": 2}
[2026-05-20 15:24:59] CH1 data: {"text": "\u53d1", "revise_round": 2}
[2026-05-20 15:24:59] CH1 data: {"text": "\u865a", "revise_round": 2}
[2026-05-20 15:24:59] CH1 data: {"text": "\uff0c\u4f46", "revise_round": 2}
[2026-05-20 15:24:59] CH1 data: {"text": "\u4eba", "revise_round": 2}
[2026-05-20 15:24:59] CH1 data: {"text": "\u90fd", "revise_round": 2}
[2026-05-20 15:24:59] CH1 data: {"text": "\u770b", "revise_round": 2}
[2026-05-20 15:24:59] CH1 data: {"text": "\u5f97", "revise_round": 2}
[2026-05-20 15:24:59] CH1 data: {"text": "\u61c2", "revise_round": 2}
[2026-05-20 15:24:59] CH1 data: {"text": "\u3002\n\n", "revise_round": 2}
[2026-05-20 15:24:59] CH1 data: {"text": "\u201c", "revise_round": 2}
[2026-05-20 15:24:59] CH1 data: {"text": "\u7ebf", "revise_round": 2}
[2026-05-20 15:24:59] CH1 data: {"text": "\u91cc", "revise_round": 2}
[2026-05-20 15:24:59] CH1 data: {"text": "\u4e0d", "revise_round": 2}
[2026-05-20 15:24:59] CH1 data: {"text": "\u8bb8", "revise_round": 2}
[2026-05-20 15:24:59] CH1 data: {"text": "\u8fdb", "revise_round": 2}
[2026-05-20 15:24:59] CH1 data: {"text": "\u3002\u201d", "revise_round": 2}
[2026-05-20 15:24:59] CH1 data: {"text": "\u4ed6\u8bf4", "revise_round": 2}
[2026-05-20 15:24:59] CH1 data: {"text": "\uff0c\u201c", "revise_round": 2}
[2026-05-20 15:24:59] CH1 data: {"text": "\u8c01", "revise_round": 2}
[2026-05-20 15:24:59] CH1 data: {"text": "\u8e29", "revise_round": 2}
[2026-05-20 15:24:59] CH1 data: {"text": "\u4e71", "revise_round": 2}
[2026-05-20 15:24:59] CH1 data: {"text": "\u4e86", "revise_round": 2}
[2026-05-20 15:24:59] CH1 data: {"text": "\uff0c", "revise_round": 2}
[2026-05-20 15:24:59] CH1 data: {"text": "\u8c01", "revise_round": 2}
[2026-05-20 15:24:59] CH1 data: {"text": "\u8ddf", "revise_round": 2}
[2026-05-20 15:24:59] CH1 data: {"text": "\u6211", "revise_round": 2}
[2026-05-20 15:24:59] CH1 data: {"text": "\u53bb", "revise_round": 2}
[2026-05-20 15:25:00] CH1 data: {"text": "\u56de", "revise_round": 2}
[2026-05-20 15:25:00] CH1 data: {"text": "\u8bdd", "revise_round": 2}
[2026-05-20 15:25:00] CH1 data: {"text": "\u3002\u201d\n\n", "revise_round": 2}
[2026-05-20 15:25:00] CH1 data: {"text": "\u8fd9", "revise_round": 2}
[2026-05-20 15:25:00] CH1 data: {"text": "\u4e0d\u662f", "revise_round": 2}
[2026-05-20 15:25:00] CH1 data: {"text": "\u5c01", "revise_round": 2}
[2026-05-20 15:25:00] CH1 data: {"text": "\u6848", "revise_round": 2}
[2026-05-20 15:25:00] CH1 data: {"text": "\uff0c\u53ea", "revise_round": 2}
[2026-05-20 15:25:00] CH1 data: {"text": "\u662f", "revise_round": 2}
[2026-05-20 15:25:00] CH1 data: {"text": "\u5148", "revise_round": 2}
[2026-05-20 15:25:00] CH1 data: {"text": "\u5360", "revise_round": 2}
[2026-05-20 15:25:00] CH1 data: {"text": "\u4e2a", "revise_round": 2}
[2026-05-20 15:25:00] CH1 data: {"text": "\u8fb9", "revise_round": 2}
[2026-05-20 15:25:00] CH1 data: {"text": "\u3002", "revise_round": 2}
[2026-05-20 15:25:00] CH1 data: {"text": "\u771f", "revise_round": 2}
[2026-05-20 15:25:00] CH1 data: {"text": "\u8981", "revise_round": 2}
[2026-05-20 15:25:00] CH1 data: {"text": "\u79fb", "revise_round": 2}
[2026-05-20 15:25:00] CH1 data: {"text": "\u5c38", "revise_round": 2}
[2026-05-20 15:25:00] CH1 data: {"text": "\u3001", "revise_round": 2}
[2026-05-20 15:25:00] CH1 data: {"text": "\u5c01", "revise_round": 2}
[2026-05-20 15:25:00] CH1 data: {"text": "\u706f", "revise_round": 2}
[2026-05-20 15:25:00] CH1 data: {"text": "\u3001", "revise_round": 2}
[2026-05-20 15:25:00] CH1 data: {"text": "\u9a8c", "revise_round": 2}
[2026-05-20 15:25:00] CH1 data: {"text": "\u4f24", "revise_round": 2}
[2026-05-20 15:25:00] CH1 data: {"text": "\uff0c\u90fd", "revise_round": 2}
[2026-05-20 15:25:00] CH1 data: {"text": "\u5f97", "revise_round": 2}
[2026-05-20 15:25:00] CH1 data: {"text": "\u7b49", "revise_round": 2}
[2026-05-20 15:25:00] CH1 data: {"text": "\u4e0a", "revise_round": 2}
[2026-05-20 15:25:00] CH1 data: {"text": "\u5934", "revise_round": 2}
[2026-05-20 15:25:00] CH1 data: {"text": "\u6765", "revise_round": 2}
[2026-05-20 15:25:00] CH1 data: {"text": "\u4eba", "revise_round": 2}
[2026-05-20 15:25:00] CH1 data: {"text": "\u3002", "revise_round": 2}
[2026-05-20 15:25:00] CH1 data: {"text": "\u53ef", "revise_round": 2}
[2026-05-20 15:25:00] CH1 data: {"text": "\u96e8", "revise_round": 2}
[2026-05-20 15:25:00] CH1 data: {"text": "\u6c34", "revise_round": 2}
[2026-05-20 15:25:00] CH1 data: {"text": "\u4e0d", "revise_round": 2}
[2026-05-20 15:25:00] CH1 data: {"text": "\u7b49", "revise_round": 2}
[2026-05-20 15:25:00] CH1 data: {"text": "\u4eba", "revise_round": 2}
[2026-05-20 15:25:00] CH1 data: {"text": "\uff0c", "revise_round": 2}
[2026-05-20 15:25:00] CH1 data: {"text": "\u7a97", "revise_round": 2}
[2026-05-20 15:25:00] CH1 data: {"text": "\u540e", "revise_round": 2}
[2026-05-20 15:25:00] CH1 data: {"text": "\u90a3\u4e9b", "revise_round": 2}
[2026-05-20 15:25:00] CH1 data: {"text": "\u597d", "revise_round": 2}
[2026-05-20 15:25:00] CH1 data: {"text": "\u5947", "revise_round": 2}
[2026-05-20 15:25:00] CH1 data: {"text": "\u5fc3", "revise_round": 2}
[2026-05-20 15:25:00] CH1 data: {"text": "\u66f4", "revise_round": 2}
[2026-05-20 15:25:00] CH1 data: {"text": "\u4e0d", "revise_round": 2}
[2026-05-20 15:25:00] CH1 data: {"text": "\u7b49", "revise_round": 2}
[2026-05-20 15:25:00] CH1 data: {"text": "\u3002", "revise_round": 2}
[2026-05-20 15:25:00] CH1 data: {"text": "\u82e5", "revise_round": 2}
[2026-05-20 15:25:00] CH1 data: {"text": "\u8ba9", "revise_round": 2}
[2026-05-20 15:25:00] CH1 data: {"text": "\u8c01", "revise_round": 2}
[2026-05-20 15:25:00] CH1 data: {"text": "\u4e00\u6b65", "revise_round": 2}
[2026-05-20 15:25:00] CH1 data: {"text": "\u8e0f", "revise_round": 2}
[2026-05-20 15:25:00] CH1 data: {"text": "\u8fdb", "revise_round": 2}
[2026-05-20 15:25:00] CH1 data: {"text": "\u6765", "revise_round": 2}
[2026-05-20 15:25:00] CH1 data: {"text": "\uff0c", "revise_round": 2}
[2026-05-20 15:25:00] CH1 data: {"text": "\u819d", "revise_round": 2}
[2026-05-20 15:25:00] CH1 data: {"text": "\u524d", "revise_round": 2}
[2026-05-20 15:25:00] CH1 data: {"text": "\u6c34", "revise_round": 2}
[2026-05-20 15:25:00] CH1 data: {"text": "\u7ebf", "revise_round": 2}
[2026-05-20 15:25:00] CH1 data: {"text": "\u3001", "revise_round": 2}
[2026-05-20 15:25:00] CH1 data: {"text": "\u5730", "revise_round": 2}
[2026-05-20 15:25:00] CH1 data: {"text": "\u4e0a", "revise_round": 2}
[2026-05-20 15:25:00] CH1 data: {"text": "\u62d6", "revise_round": 2}
[2026-05-20 15:25:00] CH1 data: {"text": "\u6c9f", "revise_round": 2}
[2026-05-20 15:25:00] CH1 data: {"text": "\u3001", "revise_round": 2}
[2026-05-20 15:25:00] CH1 data: {"text": "\u706f", "revise_round": 2}
[2026-05-20 15:25:00] CH1 data: {"text": "\u4e0b", "revise_round": 2}
[2026-05-20 15:25:00] CH1 data: {"text": "\u843d", "revise_round": 2}
[2026-05-20 15:25:00] CH1 data: {"text": "\u70b9", "revise_round": 2}
[2026-05-20 15:25:00] CH1 data: {"text": "\uff0c\u90fd", "revise_round": 2}
[2026-05-20 15:25:00] CH1 data: {"text": "\u8981", "revise_round": 2}
[2026-05-20 15:25:00] CH1 data: {"text": "\u7cca", "revise_round": 2}
[2026-05-20 15:25:00] CH1 data: {"text": "\u6210", "revise_round": 2}
[2026-05-20 15:25:00] CH1 data: {"text": "\u4e00", "revise_round": 2}
[2026-05-20 15:25:00] CH1 data: {"text": "\u56e2", "revise_round": 2}
[2026-05-20 15:25:00] CH1 data: {"text": "\u3002\n\n", "revise_round": 2}
[2026-05-20 15:25:00] CH1 data: {"text": "\u706f", "revise_round": 2}
[2026-05-20 15:25:00] CH1 data: {"text": "\u7eb8", "revise_round": 2}
[2026-05-20 15:25:00] CH1 data: {"text": "\u556a", "revise_round": 2}
[2026-05-20 15:25:00] CH1 data: {"text": "\u5730", "revise_round": 2}
[2026-05-20 15:25:00] CH1 data: {"text": "\u54cd", "revise_round": 2}
[2026-05-20 15:25:00] CH1 data: {"text": "\u4e86\u4e00", "revise_round": 2}
[2026-05-20 15:25:00] CH1 data: {"text": "\u4e0b", "revise_round": 2}
[2026-05-20 15:25:00] CH1 data: {"text": "\u3002\n\n", "revise_round": 2}
[2026-05-20 15:25:00] CH1 data: {"text": "\u6c88", "revise_round": 2}
[2026-05-20 15:25:00] CH1 data: {"text": "\u7167", "revise_round": 2}
[2026-05-20 15:25:00] CH1 data: {"text": "\u4fa7", "revise_round": 2}
[2026-05-20 15:25:00] CH1 data: {"text": "\u8fc7", "revise_round": 2}
[2026-05-20 15:25:00] CH1 data: {"text": "\u8eab", "revise_round": 2}
[2026-05-20 15:25:00] CH1 data: {"text": "\uff0c\u628a", "revise_round": 2}
[2026-05-20 15:25:00] CH1 data: {"text": "\u81ea\u5df1", "revise_round": 2}
[2026-05-20 15:25:00] CH1 data: {"text": "\u5361", "revise_round": 2}
[2026-05-20 15:25:00] CH1 data: {"text": "\u5728", "revise_round": 2}
[2026-05-20 15:25:00] CH1 data: {"text": "\u5df7", "revise_round": 2}
[2026-05-20 15:25:00] CH1 data: {"text": "\u53e3", "revise_round": 2}
[2026-05-20 15:25:00] CH1 data: {"text": "\u6700", "revise_round": 2}
[2026-05-20 15:25:00] CH1 data: {"text": "\u7a84", "revise_round": 2}
[2026-05-20 15:25:00] CH1 data: {"text": "\u5904", "revise_round": 2}
[2026-05-20 15:25:00] CH1 data: {"text": "\uff0c", "revise_round": 2}
[2026-05-20 15:25:00] CH1 data: {"text": "\u65e2", "revise_round": 2}
[2026-05-20 15:25:01] CH1 data: {"text": "\u770b", "revise_round": 2}
[2026-05-20 15:25:01] CH1 data: {"text": "\u5f97", "revise_round": 2}
[2026-05-20 15:25:01] CH1 data: {"text": "\u4f4f", "revise_round": 2}
[2026-05-20 15:25:01] CH1 data: {"text": "\u5df7", "revise_round": 2}
[2026-05-20 15:25:01] CH1 data: {"text": "\u5916", "revise_round": 2}
[2026-05-20 15:25:01] CH1 data: {"text": "\uff0c\u4e5f", "revise_round": 2}
[2026-05-20 15:25:01] CH1 data: {"text": "\u76ef", "revise_round": 2}
[2026-05-20 15:25:01] CH1 data: {"text": "\u5f97", "revise_round": 2}
[2026-05-20 15:25:01] CH1 data: {"text": "\u89c1", "revise_round": 2}
[2026-05-20 15:25:01] CH1 data: {"text": "\u6a90", "revise_round": 2}
[2026-05-20 15:25:01] CH1 data: {"text": "\u4e0b", "revise_round": 2}
[2026-05-20 15:25:01] CH1 data: {"text": "\u90a3", "revise_round": 2}
[2026-05-20 15:25:01] CH1 data: {"text": "\u76cf", "revise_round": 2}
[2026-05-20 15:25:01] CH1 data: {"text": "\u706f", "revise_round": 2}
[2026-05-20 15:25:01] CH1 data: {"text": "\u3002", "revise_round": 2}
[2026-05-20 15:25:01] CH1 data: {"text": "\u6cb9", "revise_round": 2}
[2026-05-20 15:25:01] CH1 data: {"text": "\u8165", "revise_round": 2}
[2026-05-20 15:25:01] CH1 data: {"text": "\u6c14", "revise_round": 2}
[2026-05-20 15:25:01] CH1 data: {"text": "\u4e00", "revise_round": 2}
[2026-05-20 15:25:01] CH1 data: {"text": "\u9635", "revise_round": 2}
[2026-05-20 15:25:01] CH1 data: {"text": "\u9635", "revise_round": 2}
[2026-05-20 15:25:01] CH1 data: {"text": "\u4ece", "revise_round": 2}
[2026-05-20 15:25:01] CH1 data: {"text": "\u96e8", "revise_round": 2}
[2026-05-20 15:25:01] CH1 data: {"text": "\u91cc", "revise_round": 2}
[2026-05-20 15:25:01] CH1 data: {"text": "\u5f80", "revise_round": 2}
[2026-05-20 15:25:01] CH1 data: {"text": "\u5916", "revise_round": 2}
[2026-05-20 15:25:01] CH1 data: {"text": "\u5192", "revise_round": 2}
[2026-05-20 15:25:01] CH1 data: {"text": "\uff0c", "revise_round": 2}
[2026-05-20 15:25:01] CH1 data: {"text": "\u6df7", "revise_round": 2}
[2026-05-20 15:25:01] CH1 data: {"text": "\u7740", "revise_round": 2}
[2026-05-20 15:25:01] CH1 data: {"text": "\u65e7", "revise_round": 2}
[2026-05-20 15:25:01] CH1 data: {"text": "\u6728", "revise_round": 2}
[2026-05-20 15:25:01] CH1 data: {"text": "\u673d", "revise_round": 2}
[2026-05-20 15:25:01] CH1 data: {"text": "\u5473", "revise_round": 2}
[2026-05-20 15:25:01] CH1 data: {"text": "\uff0c", "revise_round": 2}
[2026-05-20 15:25:01] CH1 data: {"text": "\u94bb", "revise_round": 2}
[2026-05-20 15:25:01] CH1 data: {"text": "\u5f97", "revise_round": 2}
[2026-05-20 15:25:01] CH1 data: {"text": "\u4eba", "revise_round": 2}
[2026-05-20 15:25:01] CH1 data: {"text": "\u5589", "revise_round": 2}
[2026-05-20 15:25:01] CH1 data: {"text": "\u5934", "revise_round": 2}
[2026-05-20 15:25:01] CH1 data: {"text": "\u53d1", "revise_round": 2}
[2026-05-20 15:25:01] CH1 data: {"text": "\u6da9", "revise_round": 2}
[2026-05-20 15:25:01] CH1 data: {"text": "\u3002", "revise_round": 2}
[2026-05-20 15:25:01] CH1 data: {"text": "\u5e9f", "revise_round": 2}
[2026-05-20 15:25:01] CH1 data: {"text": "\u706f", "revise_round": 2}
[2026-05-20 15:25:01] CH1 data: {"text": "\u94fa", "revise_round": 2}
[2026-05-20 15:25:01] CH1 data: {"text": "\u7684", "revise_round": 2}
[2026-05-20 15:25:01] CH1 data: {"text": "\u7834", "revise_round": 2}
[2026-05-20 15:25:01] CH1 data: {"text": "\u533e", "revise_round": 2}
[2026-05-20 15:25:01] CH1 data: {"text": "\u8fd8", "revise_round": 2}
[2026-05-20 15:25:01] CH1 data: {"text": "\u659c", "revise_round": 2}
[2026-05-20 15:25:01] CH1 data: {"text": "\u6302", "revise_round": 2}
[2026-05-20 15:25:01] CH1 data: {"text": "\u5728", "revise_round": 2}
[2026-05-20 15:25:01] CH1 data: {"text": "\u4e0a", "revise_round": 2}
[2026-05-20 15:25:01] CH1 data: {"text": "\u5934", "revise_round": 2}
[2026-05-20 15:25:01] CH1 data: {"text": "\uff0c", "revise_round": 2}
[2026-05-20 15:25:01] CH1 data: {"text": "\u8fb9", "revise_round": 2}
[2026-05-20 15:25:01] CH1 data: {"text": "\u89d2", "revise_round": 2}
[2026-05-20 15:25:01] CH1 data: {"text": "\u70c2", "revise_round": 2}
[2026-05-20 15:25:01] CH1 data: {"text": "\u900f", "revise_round": 2}
[2026-05-20 15:25:01] CH1 data: {"text": "\uff0c", "revise_round": 2}
[2026-05-20 15:25:01] CH1 data: {"text": "\u5b57", "revise_round": 2}
[2026-05-20 15:25:01] CH1 data: {"text": "\u8ff9", "revise_round": 2}
[2026-05-20 15:25:01] CH1 data: {"text": "\u53ea", "revise_round": 2}
[2026-05-20 15:25:01] CH1 data: {"text": "\u5269", "revise_round": 2}
[2026-05-20 15:25:01] CH1 data: {"text": "\u534a", "revise_round": 2}
[2026-05-20 15:25:01] CH1 data: {"text": "\u622a", "revise_round": 2}
[2026-05-20 15:25:01] CH1 data: {"text": "\u3002", "revise_round": 2}
[2026-05-20 15:25:01] CH1 data: {"text": "\u96e8", "revise_round": 2}
[2026-05-20 15:25:01] CH1 data: {"text": "\u6cbf", "revise_round": 2}
[2026-05-20 15:25:01] CH1 data: {"text": "\u7740", "revise_round": 2}
[2026-05-20 15:25:01] CH1 data: {"text": "\u533e", "revise_round": 2}
[2026-05-20 15:25:01] CH1 data: {"text": "\u989d", "revise_round": 2}
[2026-05-20 15:25:01] CH1 data: {"text": "\u5f80", "revise_round": 2}
[2026-05-20 15:25:01] CH1 data: {"text": "\u4e0b", "revise_round": 2}
[2026-05-20 15:25:01] CH1 data: {"text": "\u6ef4", "revise_round": 2}
[2026-05-20 15:25:01] CH1 data: {"text": "\uff0c", "revise_round": 2}
[2026-05-20 15:25:01] CH1 data: {"text": "\u504f", "revise_round": 2}
[2026-05-20 15:25:01] CH1 data: {"text": "\u6ca1", "revise_round": 2}
[2026-05-20 15:25:01] CH1 data: {"text": "\u80fd", "revise_round": 2}
[2026-05-20 15:25:01] CH1 data: {"text": "\u538b", "revise_round": 2}
[2026-05-20 15:25:01] CH1 data: {"text": "\u706d", "revise_round": 2}
[2026-05-20 15:25:01] CH1 data: {"text": "\u90a3", "revise_round": 2}
[2026-05-20 15:25:01] CH1 data: {"text": "\u70b9", "revise_round": 2}
[2026-05-20 15:25:01] CH1 data: {"text": "\u706b", "revise_round": 2}
[2026-05-20 15:25:01] CH1 data: {"text": "\u3002\n\n", "revise_round": 2}
[2026-05-20 15:25:01] CH1 data: {"text": "\u4e0d", "revise_round": 2}
[2026-05-20 15:25:01] CH1 data: {"text": "\u987a", "revise_round": 2}
[2026-05-20 15:25:01] CH1 data: {"text": "\u7684", "revise_round": 2}
[2026-05-20 15:25:01] CH1 data: {"text": "\u5730\u65b9", "revise_round": 2}
[2026-05-20 15:25:01] CH1 data: {"text": "\uff0c\u53c8", "revise_round": 2}
[2026-05-20 15:25:01] CH1 data: {"text": "\u591a", "revise_round": 2}
[2026-05-20 15:25:01] CH1 data: {"text": "\u4e86\u4e00", "revise_round": 2}
[2026-05-20 15:25:01] CH1 data: {"text": "\u6837", "revise_round": 2}
[2026-05-20 15:25:02] CH1 data: {"text": "\u3002\n\n", "revise_round": 2}
[2026-05-20 15:25:02] CH1 data: {"text": "\u4ed6", "revise_round": 2}
[2026-05-20 15:25:02] CH1 data: {"text": "\u628a", "revise_round": 2}
[2026-05-20 15:25:02] CH1 data: {"text": "\u6bcf", "revise_round": 2}
[2026-05-20 15:25:02] CH1 data: {"text": "\u4e00", "revise_round": 2}
[2026-05-20 15:25:02] CH1 data: {"text": "\u5904", "revise_round": 2}
[2026-05-20 15:25:02] CH1 data: {"text": "\u4f4d\u7f6e", "revise_round": 2}
[2026-05-20 15:25:02] CH1 data: {"text": "\u90fd", "revise_round": 2}
[2026-05-20 15:25:02] CH1 data: {"text": "\u8bb0", "revise_round": 2}
[2026-05-20 15:25:02] CH1 data: {"text": "\u8fdb", "revise_round": 2}
[2026-05-20 15:25:02] CH1 data: {"text": "\u773c", "revise_round": 2}
[2026-05-20 15:25:02] CH1 data: {"text": "\u91cc", "revise_round": 2}
[2026-05-20 15:25:02] CH1 data: {"text": "\uff1a", "revise_round": 2}
[2026-05-20 15:25:02] CH1 data: {"text": "\u706f", "revise_round": 2}
[2026-05-20 15:25:02] CH1 data: {"text": "\u79bb", "revise_round": 2}
[2026-05-20 15:25:02] CH1 data: {"text": "\u5730", "revise_round": 2}
[2026-05-20 15:25:02] CH1 data: {"text": "\u51e0", "revise_round": 2}
[2026-05-20 15:25:02] CH1 data: {"text": "\u5c3a", "revise_round": 2}
[2026-05-20 15:25:02] CH1 data: {"text": "\uff0c", "revise_round": 2}
[2026-05-20 15:25:02] CH1 data: {"text": "\u8eab", "revise_round": 2}
[2026-05-20 15:25:02] CH1 data: {"text": "\u5b50", "revise_round": 2}
[2026-05-20 15:25:02] CH1 data: {"text": "\u79bb", "revise_round": 2}
[2026-05-20 15:25:02] CH1 data: {"text": "\u6a90", "revise_round": 2}
[2026-05-20 15:25:02] CH1 data: {"text": "\u67f1", "revise_round": 2}
[2026-05-20 15:25:02] CH1 data: {"text": "\u51e0", "revise_round": 2}
[2026-05-20 15:25:02] CH1 data: {"text": "\u5bf8", "revise_round": 2}
[2026-05-20 15:25:02] CH1 data: {"text": "\uff0c", "revise_round": 2}
[2026-05-20 15:25:02] CH1 data: {"text": "\u62d6", "revise_round": 2}
[2026-05-20 15:25:02] CH1 data: {"text": "\u75d5", "revise_round": 2}
[2026-05-20 15:25:02] CH1 data: {"text": "\u4ece", "revise_round": 2}
[2026-05-20 15:25:02] CH1 data: {"text": "\u54ea", "revise_round": 2}
[2026-05-20 15:25:02] CH1 data: {"text": "\u5757", "revise_round": 2}
[2026-05-20 15:25:02] CH1 data: {"text": "\u7816", "revise_round": 2}
[2026-05-20 15:25:02] CH1 data: {"text": "\u8d77", "revise_round": 2}
[2026-05-20 15:25:02] CH1 data: {"text": "\uff0c", "revise_round": 2}
[2026-05-20 15:25:02] CH1 data: {"text": "\u54ea", "revise_round": 2}
[2026-05-20 15:25:02] CH1 data: {"text": "\u5757", "revise_round": 2}
[2026-05-20 15:25:02] CH1 data: {"text": "\u7816", "revise_round": 2}
[2026-05-20 15:25:02] CH1 data: {"text": "\u9762", "revise_round": 2}
[2026-05-20 15:25:02] CH1 data: {"text": "\u88ab", "revise_round": 2}
[2026-05-20 15:25:02] CH1 data: {"text": "\u978b", "revise_round": 2}
[2026-05-20 15:25:02] CH1 data: {"text": "\u5e95", "revise_round": 2}
[2026-05-20 15:25:02] CH1 data: {"text": "\u78e8", "revise_round": 2}
[2026-05-20 15:25:02] CH1 data: {"text": "\u5f97", "revise_round": 2}
[2026-05-20 15:25:02] CH1 data: {"text": "\u66f4", "revise_round": 2}
[2026-05-20 15:25:02] CH1 data: {"text": "\u4eae", "revise_round": 2}
[2026-05-20 15:25:02] CH1 data: {"text": "\u3002", "revise_round": 2}
[2026-05-20 15:25:02] CH1 data: {"text": "\u811a", "revise_round": 2}
[2026-05-20 15:25:02] CH1 data: {"text": "\u4e0b", "revise_round": 2}
[2026-05-20 15:25:02] CH1 data: {"text": "\u6ca1", "revise_round": 2}
[2026-05-20 15:25:02] CH1 data: {"text": "\u52a8", "revise_round": 2}
[2026-05-20 15:25:02] CH1 data: {"text": "\u7b2c\u4e8c", "revise_round": 2}
[2026-05-20 15:25:02] CH1 data: {"text": "\u6b65", "revise_round": 2}
[2026-05-20 15:25:02] CH1 data: {"text": "\u3002", "revise_round": 2}
[2026-05-20 15:25:02] CH1 data: {"text": "\u624b", "revise_round": 2}
[2026-05-20 15:25:02] CH1 data: {"text": "\u4e5f", "revise_round": 2}
[2026-05-20 15:25:02] CH1 data: {"text": "\u6ca1", "revise_round": 2}
[2026-05-20 15:25:02] CH1 data: {"text": "\u53bb", "revise_round": 2}
[2026-05-20 15:25:02] CH1 data: {"text": "\u78b0", "revise_round": 2}
[2026-05-20 15:25:02] CH1 data: {"text": "\u706f", "revise_round": 2}
[2026-05-20 15:25:02] CH1 data: {"text": "\uff0c\u66f4", "revise_round": 2}
[2026-05-20 15:25:02] CH1 data: {"text": "\u6ca1", "revise_round": 2}
[2026-05-20 15:25:02] CH1 data: {"text": "\u53bb", "revise_round": 2}
[2026-05-20 15:25:02] CH1 data: {"text": "\u6276", "revise_round": 2}
[2026-05-20 15:25:02] CH1 data: {"text": "\u4eba", "revise_round": 2}
[2026-05-20 15:25:02] CH1 data: {"text": "\u3002", "revise_round": 2}
[2026-05-20 15:25:02] CH1 data: {"text": "\u5148", "revise_round": 2}
[2026-05-20 15:25:02] CH1 data: {"text": "\u5b88", "revise_round": 2}
[2026-05-20 15:25:02] CH1 data: {"text": "\u4f4f", "revise_round": 2}
[2026-05-20 15:25:02] CH1 data: {"text": "\u3002", "revise_round": 2}
[2026-05-20 15:25:02] CH1 data: {"text": "\u5148", "revise_round": 2}
[2026-05-20 15:25:02] CH1 data: {"text": "\u7b49", "revise_round": 2}
[2026-05-20 15:25:02] CH1 data: {"text": "\u89c1", "revise_round": 2}
[2026-05-20 15:25:02] CH1 data: {"text": "\u8bc1", "revise_round": 2}
[2026-05-20 15:25:02] CH1 data: {"text": "\u3002", "revise_round": 2}
[2026-05-20 15:25:02] CH1 data: {"text": "\u5148", "revise_round": 2}
[2026-05-20 15:25:02] CH1 data: {"text": "\u8ba9", "revise_round": 2}
[2026-05-20 15:25:02] CH1 data: {"text": "\u6765", "revise_round": 2}
[2026-05-20 15:25:02] CH1 data: {"text": "\u7684\u4eba", "revise_round": 2}
[2026-05-20 15:25:02] CH1 data: {"text": "\u505c", "revise_round": 2}
[2026-05-20 15:25:02] CH1 data: {"text": "\u5728\u7ebf", "revise_round": 2}
[2026-05-20 15:25:02] CH1 data: {"text": "\u5916", "revise_round": 2}
[2026-05-20 15:25:02] CH1 data: {"text": "\u3002\n\n", "revise_round": 2}
[2026-05-20 15:25:02] CH1 data: {"text": "\u5df7", "revise_round": 2}
[2026-05-20 15:25:02] CH1 data: {"text": "\u5916", "revise_round": 2}
[2026-05-20 15:25:02] CH1 data: {"text": "\u5ffd", "revise_round": 2}
[2026-05-20 15:25:02] CH1 data: {"text": "\u6709", "revise_round": 2}
[2026-05-20 15:25:02] CH1 data: {"text": "\u6728", "revise_round": 2}
[2026-05-20 15:25:02] CH1 data: {"text": "\u6886", "revise_round": 2}
[2026-05-20 15:25:02] CH1 data: {"text": "\u4e00", "revise_round": 2}
[2026-05-20 15:25:02] CH1 data: {"text": "\u54cd", "revise_round": 2}
[2026-05-20 15:25:03] CH1 data: {"text": "\u3002\n\n", "revise_round": 2}
[2026-05-20 15:25:03] CH1 data: {"text": "\u7b03", "revise_round": 2}
[2026-05-20 15:25:03] CH1 data: {"text": "\u3002\n\n", "revise_round": 2}
[2026-05-20 15:25:03] CH1 data: {"text": "\u58f0", "revise_round": 2}
[2026-05-20 15:25:03] CH1 data: {"text": "\u4e0d", "revise_round": 2}
[2026-05-20 15:25:03] CH1 data: {"text": "\u8fdc", "revise_round": 2}
[2026-05-20 15:25:03] CH1 data: {"text": "\uff0c", "revise_round": 2}
[2026-05-20 15:25:03] CH1 data: {"text": "\u8d34", "revise_round": 2}
[2026-05-20 15:25:03] CH1 data: {"text": "\u7740", "revise_round": 2}
[2026-05-20 15:25:03] CH1 data: {"text": "\u6e7f", "revise_round": 2}
[2026-05-20 15:25:03] CH1 data: {"text": "\u5899", "revise_round": 2}
[2026-05-20 15:25:03] CH1 data: {"text": "\u6298", "revise_round": 2}
[2026-05-20 15:25:03] CH1 data: {"text": "\u8fdb", "revise_round": 2}
[2026-05-20 15:25:03] CH1 data: {"text": "\u6765", "revise_round": 2}
[2026-05-20 15:25:03] CH1 data: {"text": "\uff0c\u53c8", "revise_round": 2}
[2026-05-20 15:25:03] CH1 data: {"text": "\u662f\u4e00", "revise_round": 2}
[2026-05-20 15:25:03] CH1 data: {"text": "\u8bb0", "revise_round": 2}
[2026-05-20 15:25:03] CH1 data: {"text": "\u3002", "revise_round": 2}
[2026-05-20 15:25:03] CH1 data: {"text": "\u5de1", "revise_round": 2}
[2026-05-20 15:25:03] CH1 data: {"text": "\u66f4", "revise_round": 2}
[2026-05-20 15:25:03] CH1 data: {"text": "\u7684", "revise_round": 2}
[2026-05-20 15:25:03] CH1 data: {"text": "\u8def", "revise_round": 2}
[2026-05-20 15:25:03] CH1 data: {"text": "\u6570", "revise_round": 2}
[2026-05-20 15:25:03] CH1 data: {"text": "\u6b63", "revise_round": 2}
[2026-05-20 15:25:03] CH1 data: {"text": "\u5f80", "revise_round": 2}
[2026-05-20 15:25:03] CH1 data: {"text": "\u8fd9", "revise_round": 2}
[2026-05-20 15:25:03] CH1 data: {"text": "\u8fb9", "revise_round": 2}
[2026-05-20 15:25:03] CH1 data: {"text": "\u538b", "revise_round": 2}
[2026-05-20 15:25:03] CH1 data: {"text": "\u3002", "revise_round": 2}
[2026-05-20 15:25:03] CH1 data: {"text": "\u6c88", "revise_round": 2}
[2026-05-20 15:25:03] CH1 data: {"text": "\u7167", "revise_round": 2}
[2026-05-20 15:25:03] CH1 data: {"text": "\u62ac", "revise_round": 2}
[2026-05-20 15:25:03] CH1 data: {"text": "\u773c", "revise_round": 2}
[2026-05-20 15:25:03] CH1 data: {"text": "\u770b", "revise_round": 2}
[2026-05-20 15:25:03] CH1 data: {"text": "\u5411", "revise_round": 2}
[2026-05-20 15:25:03] CH1 data: {"text": "\u96e8", "revise_round": 2}
[2026-05-20 15:25:03] CH1 data: {"text": "\u5e55", "revise_round": 2}
[2026-05-20 15:25:03] CH1 data: {"text": "\uff0c\u628a", "revise_round": 2}
[2026-05-20 15:25:03] CH1 data: {"text": "\u80a9", "revise_round": 2}
[2026-05-20 15:25:03] CH1 data: {"text": "\u80cc", "revise_round": 2}
[2026-05-20 15:25:03] CH1 data: {"text": "\u538b", "revise_round": 2}
[2026-05-20 15:25:03] CH1 data: {"text": "\u5f97", "revise_round": 2}
[2026-05-20 15:25:03] CH1 data: {"text": "\u66f4", "revise_round": 2}
[2026-05-20 15:25:03] CH1 data: {"text": "\u76f4", "revise_round": 2}
[2026-05-20 15:25:03] CH1 data: {"text": "\u4e86", "revise_round": 2}
[2026-05-20 15:25:03] CH1 data: {"text": "\u4e9b", "revise_round": 2}
[2026-05-20 15:25:03] CH1 data: {"text": "\u3002", "revise_round": 2}
[2026-05-20 15:25:03] CH1 data: {"text": "\u6765", "revise_round": 2}
[2026-05-20 15:25:03] CH1 data: {"text": "\u7684\u4eba", "revise_round": 2}
[2026-05-20 15:25:03] CH1 data: {"text": "\uff0c", "revise_round": 2}
[2026-05-20 15:25:03] CH1 data: {"text": "\u6b63", "revise_round": 2}
[2026-05-20 15:25:03] CH1 data: {"text": "\u8be5", "revise_round": 2}
[2026-05-20 15:25:03] CH1 data: {"text": "\u7ecf\u8fc7", "revise_round": 2}
[2026-05-20 15:25:03] CH1 data: {"text": "\u8fd9\u91cc", "revise_round": 2}
[2026-05-20 15:25:03] CH1 data: {"text": "\u3002", "revise_round": 2}
[2026-05-20 15:25:03] CH1 data: {"text": "\n\n", "revise_round": 2}
[2026-05-20 15:28:58] CH1 data: {"text": "\u201c", "revise_round": 2}
[2026-05-20 15:28:58] CH1 data: {"text": "\u7b03", "revise_round": 2}
[2026-05-20 15:28:58] CH1 data: {"text": "\u3002\u201d\n\n", "revise_round": 2}
[2026-05-20 15:28:58] CH1 data: {"text": "\u6728", "revise_round": 2}
[2026-05-20 15:28:58] CH1 data: {"text": "\u6886", "revise_round": 2}
[2026-05-20 15:28:58] CH1 data: {"text": "\u58f0", "revise_round": 2}
[2026-05-20 15:28:58] CH1 data: {"text": "\u8d34", "revise_round": 2}
[2026-05-20 15:28:58] CH1 data: {"text": "\u7740", "revise_round": 2}
[2026-05-20 15:28:58] CH1 data: {"text": "\u6e7f", "revise_round": 2}
[2026-05-20 15:28:58] CH1 data: {"text": "\u5899", "revise_round": 2}
[2026-05-20 15:28:58] CH1 data: {"text": "\u6eda", "revise_round": 2}
[2026-05-20 15:28:58] CH1 data: {"text": "\u8fdb", "revise_round": 2}
[2026-05-20 15:28:58] CH1 data: {"text": "\u6765", "revise_round": 2}
[2026-05-20 15:28:58] CH1 data: {"text": "\uff0c", "revise_round": 2}
[2026-05-20 15:28:58] CH1 data: {"text": "\u8001", "revise_round": 2}
[2026-05-20 15:28:58] CH1 data: {"text": "\u66f4", "revise_round": 2}
[2026-05-20 15:28:58] CH1 data: {"text": "\u592b", "revise_round": 2}
[2026-05-20 15:28:58] CH1 data: {"text": "\u7ec8\u4e8e", "revise_round": 2}
[2026-05-20 15:28:58] CH1 data: {"text": "\u6536", "revise_round": 2}
[2026-05-20 15:28:58] CH1 data: {"text": "\u4f4f", "revise_round": 2}
[2026-05-20 15:28:58] CH1 data: {"text": "\u811a", "revise_round": 2}
[2026-05-20 15:28:58] CH1 data: {"text": "\u3002\u4ed6", "revise_round": 2}
[2026-05-20 15:28:59] CH1 data: {"text": "\u7ad9", "revise_round": 2}
[2026-05-20 15:28:59] CH1 data: {"text": "\u5728", "revise_round": 2}
[2026-05-20 15:28:59] CH1 data: {"text": "\u77ed", "revise_round": 2}
[2026-05-20 15:28:59] CH1 data: {"text": "\u7ef3", "revise_round": 2}
[2026-05-20 15:28:59] CH1 data: {"text": "\u5916", "revise_round": 2}
[2026-05-20 15:28:59] CH1 data: {"text": "\uff0c", "revise_round": 2}
[2026-05-20 15:28:59] CH1 data: {"text": "\u6886", "revise_round": 2}
[2026-05-20 15:28:59] CH1 data: {"text": "\u5b50", "revise_round": 2}
[2026-05-20 15:28:59] CH1 data: {"text": "\u8fd8", "revise_round": 2}
[2026-05-20 15:28:59] CH1 data: {"text": "\u6525", "revise_round": 2}
[2026-05-20 15:28:59] CH1 data: {"text": "\u5728", "revise_round": 2}
[2026-05-20 15:28:59] CH1 data: {"text": "\u624b", "revise_round": 2}
[2026-05-20 15:28:59] CH1 data: {"text": "\u91cc", "revise_round": 2}
[2026-05-20 15:28:59] CH1 data: {"text": "\uff0c", "revise_round": 2}
[2026-05-20 15:28:59] CH1 data: {"text": "\u55d3", "revise_round": 2}
[2026-05-20 15:28:59] CH1 data: {"text": "\u5b50", "revise_round": 2}
[2026-05-20 15:28:59] CH1 data: {"text": "\u53d1", "revise_round": 2}
[2026-05-20 15:28:59] CH1 data: {"text": "\u54d1", "revise_round": 2}
[2026-05-20 15:28:59] CH1 data: {"text": "\uff1a\u201c", "revise_round": 2}
[2026-05-20 15:28:59] CH1 data: {"text": "\u6211", "revise_round": 2}
[2026-05-20 15:28:59] CH1 data: {"text": "\u6309", "revise_round": 2}
[2026-05-20 15:28:59] CH1 data: {"text": "\u70b9", "revise_round": 2}
[2026-05-20 15:28:59] CH1 data: {"text": "\u6765\u7684", "revise_round": 2}
[2026-05-20 15:28:59] CH1 data: {"text": "\uff0c", "revise_round": 2}
[2026-05-20 15:28:59] CH1 data: {"text": "\u6ca1", "revise_round": 2}
[2026-05-20 15:28:59] CH1 data: {"text": "\u78b0", "revise_round": 2}
[2026-05-20 15:28:59] CH1 data: {"text": "\u706f", "revise_round": 2}
[2026-05-20 15:28:59] CH1 data: {"text": "\uff0c\u66f4", "revise_round": 2}
[2026-05-20 15:28:59] CH1 data: {"text": "\u6ca1", "revise_round": 2}
[2026-05-20 15:28:59] CH1 data: {"text": "\u78b0", "revise_round": 2}
[2026-05-20 15:28:59] CH1 data: {"text": "\u5c38", "revise_round": 2}
[2026-05-20 15:28:59] CH1 data: {"text": "\u3002\u201d\n\n", "revise_round": 2}
[2026-05-20 15:28:59] CH1 data: {"text": "\u6c88", "revise_round": 2}
[2026-05-20 15:28:59] CH1 data: {"text": "\u7167", "revise_round": 2}
[2026-05-20 15:28:59] CH1 data: {"text": "\u6ca1", "revise_round": 2}
[2026-05-20 15:28:59] CH1 data: {"text": "\u653e", "revise_round": 2}
[2026-05-20 15:28:59] CH1 data: {"text": "\u4ed6", "revise_round": 2}
[2026-05-20 15:28:59] CH1 data: {"text": "\u8fd1", "revise_round": 2}
[2026-05-20 15:28:59] CH1 data: {"text": "\u524d", "revise_round": 2}
[2026-05-20 15:28:59] CH1 data: {"text": "\u3002\n\n", "revise_round": 2}
[2026-05-20 15:28:59] CH1 data: {"text": "\u201c", "revise_round": 2}
[2026-05-20 15:28:59] CH1 data: {"text": "\u7ad9", "revise_round": 2}
[2026-05-20 15:28:59] CH1 data: {"text": "\u7ebf", "revise_round": 2}
[2026-05-20 15:28:59] CH1 data: {"text": "\u5916", "revise_round": 2}
[2026-05-20 15:28:59] CH1 data: {"text": "\u3002", "revise_round": 2}
[2026-05-20 15:28:59] CH1 data: {"text": "\u624b", "revise_round": 2}
[2026-05-20 15:28:59] CH1 data: {"text": "\u4e3e", "revise_round": 2}
[2026-05-20 15:28:59] CH1 data: {"text": "\u8d77\u6765", "revise_round": 2}
[2026-05-20 15:28:59] CH1 data: {"text": "\u3002\u201d\n\n", "revise_round": 2}
[2026-05-20 15:28:59] CH1 data: {"text": "\u66f4", "revise_round": 2}
[2026-05-20 15:28:59] CH1 data: {"text": "\u592b", "revise_round": 2}
[2026-05-20 15:29:00] CH1 data: {"text": "\u7167", "revise_round": 2}
[2026-05-20 15:29:00] CH1 data: {"text": "\u505a", "revise_round": 2}
[2026-05-20 15:29:00] CH1 data: {"text": "\u4e86", "revise_round": 2}
[2026-05-20 15:29:00] CH1 data: {"text": "\uff0c", "revise_round": 2}
[2026-05-20 15:29:00] CH1 data: {"text": "\u8896", "revise_round": 2}
[2026-05-20 15:29:00] CH1 data: {"text": "\u53e3", "revise_round": 2}
[2026-05-20 15:29:00] CH1 data: {"text": "\u6ef4", "revise_round": 2}
[2026-05-20 15:29:00] CH1 data: {"text": "\u7740", "revise_round": 2}
[2026-05-20 15:29:00] CH1 data: {"text": "\u6c34", "revise_round": 2}
[2026-05-20 15:29:00] CH1 data: {"text": "\uff0c", "revise_round": 2}
[2026-05-20 15:29:00] CH1 data: {"text": "\u6307", "revise_round": 2}
[2026-05-20 15:29:00] CH1 data: {"text": "\u8282", "revise_round": 2}
[2026-05-20 15:29:00] CH1 data: {"text": "\u6296", "revise_round": 2}
[2026-05-20 15:29:00] CH1 data: {"text": "\u5f97", "revise_round": 2}
[2026-05-20 15:29:00] CH1 data: {"text": "\u5389", "revise_round": 2}
[2026-05-20 15:29:00] CH1 data: {"text": "\u5bb3", "revise_round": 2}
[2026-05-20 15:29:00] CH1 data: {"text": "\u3002", "revise_round": 2}
[2026-05-20 15:29:00] CH1 data: {"text": "\u6c88", "revise_round": 2}
[2026-05-20 15:29:00] CH1 data: {"text": "\u7167", "revise_round": 2}
[2026-05-20 15:29:00] CH1 data: {"text": "\u626b", "revise_round": 2}
[2026-05-20 15:29:00] CH1 data: {"text": "\u4e86\u4e00", "revise_round": 2}
[2026-05-20 15:29:00] CH1 data: {"text": "\u773c", "revise_round": 2}
[2026-05-20 15:29:00] CH1 data: {"text": "\u4ed6", "revise_round": 2}
[2026-05-20 15:29:00] CH1 data: {"text": "\u978b", "revise_round": 2}
[2026-05-20 15:29:00] CH1 data: {"text": "\u5e95", "revise_round": 2}
[2026-05-20 15:29:00] CH1 data: {"text": "\uff0c", "revise_round": 2}
[2026-05-20 15:29:00] CH1 data: {"text": "\u6ce5", "revise_round": 2}
[2026-05-20 15:29:00] CH1 data: {"text": "\u8fd8", "revise_round": 2}
[2026-05-20 15:29:00] CH1 data: {"text": "\u9ecf", "revise_round": 2}
[2026-05-20 15:29:00] CH1 data: {"text": "\u5728", "revise_round": 2}
[2026-05-20 15:29:00] CH1 data: {"text": "\u66f4", "revise_round": 2}
[2026-05-20 15:29:00] CH1 data: {"text": "\u5916", "revise_round": 2}
[2026-05-20 15:29:00] CH1 data: {"text": "\u5708", "revise_round": 2}
[2026-05-20 15:29:00] CH1 data: {"text": "\uff0c", "revise_round": 2}
[2026-05-20 15:29:00] CH1 data: {"text": "\u6ca1", "revise_round": 2}
[2026-05-20 15:29:00] CH1 data: {"text": "\u8e29", "revise_round": 2}
[2026-05-20 15:29:00] CH1 data: {"text": "\u8fdb", "revise_round": 2}
[2026-05-20 15:29:00] CH1 data: {"text": "\u7ebf", "revise_round": 2}
[2026-05-20 15:29:00] CH1 data: {"text": "\u3002", "revise_round": 2}
[2026-05-20 15:29:00] CH1 data: {"text": "\u591f", "revise_round": 2}
[2026-05-20 15:29:00] CH1 data: {"text": "\u4e86", "revise_round": 2}
[2026-05-20 15:29:00] CH1 data: {"text": "\u3002", "revise_round": 2}
[2026-05-20 15:29:00] CH1 data: {"text": "\u5148", "revise_round": 2}
[2026-05-20 15:29:00] CH1 data: {"text": "\u7559", "revise_round": 2}
[2026-05-20 15:29:00] CH1 data: {"text": "\u4eba", "revise_round": 2}
[2026-05-20 15:29:00] CH1 data: {"text": "\uff0c", "revise_round": 2}
[2026-05-20 15:29:00] CH1 data: {"text": "\u522b", "revise_round": 2}
[2026-05-20 15:29:00] CH1 data: {"text": "\u8ba9", "revise_round": 2}
[2026-05-20 15:29:00] CH1 data: {"text": "\u96e8", "revise_round": 2}
[2026-05-20 15:29:00] CH1 data: {"text": "\u628a", "revise_round": 2}
[2026-05-20 15:29:00] CH1 data: {"text": "\u53e3", "revise_round": 2}
[2026-05-20 15:29:00] CH1 data: {"text": "\u4f9b", "revise_round": 2}
[2026-05-20 15:29:00] CH1 data: {"text": "\u548c", "revise_round": 2}
[2026-05-20 15:29:01] CH1 data: {"text": "\u811a", "revise_round": 2}
[2026-05-20 15:29:01] CH1 data: {"text": "\u5370", "revise_round": 2}
[2026-05-20 15:29:01] CH1 data: {"text": "\u4e00", "revise_round": 2}
[2026-05-20 15:29:01] CH1 data: {"text": "\u5e76", "revise_round": 2}
[2026-05-20 15:29:01] CH1 data: {"text": "\u51b2", "revise_round": 2}
[2026-05-20 15:29:01] CH1 data: {"text": "\u6563", "revise_round": 2}
[2026-05-20 15:29:01] CH1 data: {"text": "\u3002\n\n", "revise_round": 2}
[2026-05-20 15:29:01] CH1 data: {"text": "\u5df7", "revise_round": 2}
[2026-05-20 15:29:01] CH1 data: {"text": "\u53e3", "revise_round": 2}
[2026-05-20 15:29:01] CH1 data: {"text": "\u53c8", "revise_round": 2}
[2026-05-20 15:29:01] CH1 data: {"text": "\u54cd", "revise_round": 2}
[2026-05-20 15:29:01] CH1 data: {"text": "\u8d77", "revise_round": 2}
[2026-05-20 15:29:01] CH1 data: {"text": "\u4e24", "revise_round": 2}
[2026-05-20 15:29:01] CH1 data: {"text": "\u4e32", "revise_round": 2}
[2026-05-20 15:29:01] CH1 data: {"text": "\u6025", "revise_round": 2}
[2026-05-20 15:29:01] CH1 data: {"text": "\u811a", "revise_round": 2}
[2026-05-20 15:29:01] CH1 data: {"text": "\u3002", "revise_round": 2}
[2026-05-20 15:29:01] CH1 data: {"text": "\u4e24", "revise_round": 2}
[2026-05-20 15:29:01] CH1 data: {"text": "\u540d", "revise_round": 2}
[2026-05-20 15:29:01] CH1 data: {"text": "\u5de1", "revise_round": 2}
[2026-05-20 15:29:01] CH1 data: {"text": "\u5352", "revise_round": 2}
[2026-05-20 15:29:01] CH1 data: {"text": "\u5faa", "revise_round": 2}
[2026-05-20 15:29:01] CH1 data: {"text": "\u58f0", "revise_round": 2}
[2026-05-20 15:29:01] CH1 data: {"text": "\u8d76", "revise_round": 2}
[2026-05-20 15:29:01] CH1 data: {"text": "\u5230", "revise_round": 2}
[2026-05-20 15:29:01] CH1 data: {"text": "\uff0c", "revise_round": 2}
[2026-05-20 15:29:01] CH1 data: {"text": "\u5e74\u8f7b", "revise_round": 2}
[2026-05-20 15:29:01] CH1 data: {"text": "\u7684", "revise_round": 2}
[2026-05-20 15:29:01] CH1 data: {"text": "\u5148", "revise_round": 2}
[2026-05-20 15:29:01] CH1 data: {"text": "\u63a2", "revise_round": 2}
[2026-05-20 15:29:01] CH1 data: {"text": "\u5934", "revise_round": 2}
[2026-05-20 15:29:01] CH1 data: {"text": "\uff0c", "revise_round": 2}
[2026-05-20 15:29:01] CH1 data: {"text": "\u8138", "revise_round": 2}
[2026-05-20 15:29:01] CH1 data: {"text": "\u8272", "revise_round": 2}
[2026-05-20 15:29:01] CH1 data: {"text": "\u53d1", "revise_round": 2}
[2026-05-20 15:29:01] CH1 data: {"text": "\u767d", "revise_round": 2}
[2026-05-20 15:29:01] CH1 data: {"text": "\uff1b", "revise_round": 2}
[2026-05-20 15:29:01] CH1 data: {"text": "\u5e74", "revise_round": 2}
[2026-05-20 15:29:01] CH1 data: {"text": "\u957f", "revise_round": 2}
[2026-05-20 15:29:01] CH1 data: {"text": "\u7684", "revise_round": 2}
[2026-05-20 15:29:01] CH1 data: {"text": "\u843d", "revise_round": 2}
[2026-05-20 15:29:01] CH1 data: {"text": "\u540e", "revise_round": 2}
[2026-05-20 15:29:01] CH1 data: {"text": "\u534a", "revise_round": 2}
[2026-05-20 15:29:01] CH1 data: {"text": "\u6b65", "revise_round": 2}
[2026-05-20 15:29:01] CH1 data: {"text": "\uff0c", "revise_round": 2}
[2026-05-20 15:29:01] CH1 data: {"text": "\u624b", "revise_round": 2}
[2026-05-20 15:29:01] CH1 data: {"text": "\u538b", "revise_round": 2}
[2026-05-20 15:29:01] CH1 data: {"text": "\u7740", "revise_round": 2}
[2026-05-20 15:29:01] CH1 data: {"text": "\u5200", "revise_round": 2}
[2026-05-20 15:29:01] CH1 data: {"text": "\u67c4", "revise_round": 2}
[2026-05-20 15:29:01] CH1 data: {"text": "\uff0c", "revise_round": 2}
[2026-05-20 15:29:01] CH1 data: {"text": "\u5148", "revise_round": 2}
[2026-05-20 15:29:01] CH1 data: {"text": "\u770b", "revise_round": 2}
[2026-05-20 15:29:01] CH1 data: {"text": "\u7ebf", "revise_round": 2}
[2026-05-20 15:29:01] CH1 data: {"text": "\uff0c\u518d", "revise_round": 2}
[2026-05-20 15:29:02] CH1 data: {"text": "\u770b", "revise_round": 2}
[2026-05-20 15:29:02] CH1 data: {"text": "\u5c38", "revise_round": 2}
[2026-05-20 15:29:02] CH1 data: {"text": "\u3002", "revise_round": 2}
[2026-05-20 15:29:02] CH1 data: {"text": "\u6c88", "revise_round": 2}
[2026-05-20 15:29:02] CH1 data: {"text": "\u7167", "revise_round": 2}
[2026-05-20 15:29:02] CH1 data: {"text": "\u62ac", "revise_round": 2}
[2026-05-20 15:29:02] CH1 data: {"text": "\u624b", "revise_round": 2}
[2026-05-20 15:29:02] CH1 data: {"text": "\u4e00", "revise_round": 2}
[2026-05-20 15:29:02] CH1 data: {"text": "\u6307", "revise_round": 2}
[2026-05-20 15:29:02] CH1 data: {"text": "\u3002\n\n", "revise_round": 2}
[2026-05-20 15:29:02] CH1 data: {"text": "\u201c", "revise_round": 2}
[2026-05-20 15:29:02] CH1 data: {"text": "\u4e00\u4e2a", "revise_round": 2}
[2026-05-20 15:29:02] CH1 data: {"text": "\u7ad9", "revise_round": 2}
[2026-05-20 15:29:02] CH1 data: {"text": "\u91cc", "revise_round": 2}
[2026-05-20 15:29:02] CH1 data: {"text": "\uff0c\u4e00\u4e2a", "revise_round": 2}
[2026-05-20 15:29:02] CH1 data: {"text": "\u7ad9", "revise_round": 2}
[2026-05-20 15:29:02] CH1 data: {"text": "\u5916", "revise_round": 2}
[2026-05-20 15:29:02] CH1 data: {"text": "\u3002", "revise_round": 2}
[2026-05-20 15:29:02] CH1 data: {"text": "\u770b", "revise_round": 2}
[2026-05-20 15:29:02] CH1 data: {"text": "\u6e05", "revise_round": 2}
[2026-05-20 15:29:02] CH1 data: {"text": "\u695a", "revise_round": 2}
[2026-05-20 15:29:02] CH1 data: {"text": "\uff0c\u6211", "revise_round": 2}
[2026-05-20 15:29:02] CH1 data: {"text": "\u53ea", "revise_round": 2}
[2026-05-20 15:29:02] CH1 data: {"text": "\u505a", "revise_round": 2}
[2026-05-20 15:29:02] CH1 data: {"text": "\u6700\u4f4e", "revise_round": 2}
[2026-05-20 15:29:02] CH1 data: {"text": "\u9650", "revise_round": 2}
[2026-05-20 15:29:02] CH1 data: {"text": "\u5ea6", "revise_round": 2}
[2026-05-20 15:29:02] CH1 data: {"text": "\u521d", "revise_round": 2}
[2026-05-20 15:29:02] CH1 data: {"text": "\u52d8", "revise_round": 2}
[2026-05-20 15:29:02] CH1 data: {"text": "\u3002\u201d\n\n", "revise_round": 2}
[2026-05-20 15:29:02] CH1 data: {"text": "\u5e74\u8f7b", "revise_round": 2}
[2026-05-20 15:29:02] CH1 data: {"text": "\u5de1", "revise_round": 2}
[2026-05-20 15:29:02] CH1 data: {"text": "\u5352", "revise_round": 2}
[2026-05-20 15:29:02] CH1 data: {"text": "\u54bd", "revise_round": 2}
[2026-05-20 15:29:02] CH1 data: {"text": "\u4e86", "revise_round": 2}
[2026-05-20 15:29:02] CH1 data: {"text": "\u53e3", "revise_round": 2}
[2026-05-20 15:29:02] CH1 data: {"text": "\u553e", "revise_round": 2}
[2026-05-20 15:29:02] CH1 data: {"text": "\u6cab", "revise_round": 2}
[2026-05-20 15:29:02] CH1 data: {"text": "\uff0c", "revise_round": 2}
[2026-05-20 15:29:02] CH1 data: {"text": "\u8fd8\u662f", "revise_round": 2}
[2026-05-20 15:29:02] CH1 data: {"text": "\u8de8", "revise_round": 2}
[2026-05-20 15:29:02] CH1 data: {"text": "\u8fdb", "revise_round": 2}
[2026-05-20 15:29:02] CH1 data: {"text": "\u7ebf", "revise_round": 2}
[2026-05-20 15:29:02] CH1 data: {"text": "\u5185", "revise_round": 2}
[2026-05-20 15:29:02] CH1 data: {"text": "\uff0c", "revise_round": 2}
[2026-05-20 15:29:02] CH1 data: {"text": "\u8d34", "revise_round": 2}
[2026-05-20 15:29:02] CH1 data: {"text": "\u7740", "revise_round": 2}
[2026-05-20 15:29:02] CH1 data: {"text": "\u6a90", "revise_round": 2}
[2026-05-20 15:29:02] CH1 data: {"text": "\u8fb9", "revise_round": 2}
[2026-05-20 15:29:03] CH1 data: {"text": "\u7ad9", "revise_round": 2}
[2026-05-20 15:29:03] CH1 data: {"text": "\u4f4f", "revise_round": 2}
[2026-05-20 15:29:03] CH1 data: {"text": "\u3002", "revise_round": 2}
[2026-05-20 15:29:03] CH1 data: {"text": "\u5e74", "revise_round": 2}
[2026-05-20 15:29:03] CH1 data: {"text": "\u957f", "revise_round": 2}
[2026-05-20 15:29:03] CH1 data: {"text": "\u5de1", "revise_round": 2}
[2026-05-20 15:29:03] CH1 data: {"text": "\u5352", "revise_round": 2}
[2026-05-20 15:29:03] CH1 data: {"text": "\u7559", "revise_round": 2}
[2026-05-20 15:29:03] CH1 data: {"text": "\u5728", "revise_round": 2}
[2026-05-20 15:29:03] CH1 data: {"text": "\u7ef3", "revise_round": 2}
[2026-05-20 15:29:03] CH1 data: {"text": "\u5916", "revise_round": 2}
[2026-05-20 15:29:03] CH1 data: {"text": "\uff0c\u628a", "revise_round": 2}
[2026-05-20 15:29:03] CH1 data: {"text": "\u8001", "revise_round": 2}
[2026-05-20 15:29:03] CH1 data: {"text": "\u66f4", "revise_round": 2}
[2026-05-20 15:29:03] CH1 data: {"text": "\u592b", "revise_round": 2}
[2026-05-20 15:29:03] CH1 data: {"text": "\u4e5f", "revise_round": 2}
[2026-05-20 15:29:03] CH1 data: {"text": "\u76ef", "revise_round": 2}
[2026-05-20 15:29:03] CH1 data: {"text": "\u4f4f", "revise_round": 2}
[2026-05-20 15:29:03] CH1 data: {"text": "\u3002", "revise_round": 2}
[2026-05-20 15:29:03] CH1 data: {"text": "\u56db", "revise_round": 2}
[2026-05-20 15:29:03] CH1 data: {"text": "\u4e2a\u4eba", "revise_round": 2}
[2026-05-20 15:29:03] CH1 data: {"text": "\u5206", "revise_round": 2}
[2026-05-20 15:29:03] CH1 data: {"text": "\u6210", "revise_round": 2}
[2026-05-20 15:29:03] CH1 data: {"text": "\u4e24", "revise_round": 2}
[2026-05-20 15:29:03] CH1 data: {"text": "\u8fb9", "revise_round": 2}
[2026-05-20 15:29:03] CH1 data: {"text": "\uff0c", "revise_round": 2}
[2026-05-20 15:29:03] CH1 data: {"text": "\u8c01", "revise_round": 2}
[2026-05-20 15:29:03] CH1 data: {"text": "\u4e5f", "revise_round": 2}
[2026-05-20 15:29:03] CH1 data: {"text": "\u522b", "revise_round": 2}
[2026-05-20 15:29:03] CH1 data: {"text": "\u60f3", "revise_round": 2}
[2026-05-20 15:29:03] CH1 data: {"text": "\u4e71", "revise_round": 2}
[2026-05-20 15:29:03] CH1 data: {"text": "\u632a", "revise_round": 2}
[2026-05-20 15:29:03] CH1 data: {"text": "\u4e00\u6b65", "revise_round": 2}
[2026-05-20 15:29:03] CH1 data: {"text": "\u3002\n\n", "revise_round": 2}
[2026-05-20 15:29:03] CH1 data: {"text": "\u6c88", "revise_round": 2}
[2026-05-20 15:29:03] CH1 data: {"text": "\u7167", "revise_round": 2}
[2026-05-20 15:29:03] CH1 data: {"text": "\u62bd", "revise_round": 2}
[2026-05-20 15:29:03] CH1 data: {"text": "\u51fa", "revise_round": 2}
[2026-05-20 15:29:03] CH1 data: {"text": "\u5200", "revise_round": 2}
[2026-05-20 15:29:03] CH1 data: {"text": "\uff0c\u5374", "revise_round": 2}
[2026-05-20 15:29:03] CH1 data: {"text": "\u6ca1", "revise_round": 2}
[2026-05-20 15:29:03] CH1 data: {"text": "\u62d4", "revise_round": 2}
[2026-05-20 15:29:03] CH1 data: {"text": "\u5203", "revise_round": 2}
[2026-05-20 15:29:03] CH1 data: {"text": "\u3002", "revise_round": 2}
[2026-05-20 15:29:03] CH1 data: {"text": "\u5200", "revise_round": 2}
[2026-05-20 15:29:03] CH1 data: {"text": "\u9798", "revise_round": 2}
[2026-05-20 15:29:04] CH1 data: {"text": "\u5916", "revise_round": 2}
[2026-05-20 15:29:04] CH1 data: {"text": "\u7f20", "revise_round": 2}
[2026-05-20 15:29:04] CH1 data: {"text": "\u7740", "revise_round": 2}
[2026-05-20 15:29:04] CH1 data: {"text": "\u7c97", "revise_round": 2}
[2026-05-20 15:29:04] CH1 data: {"text": "\u5e03", "revise_round": 2}
[2026-05-20 15:29:04] CH1 data: {"text": "\uff0c", "revise_round": 2}
[2026-05-20 15:29:04] CH1 data: {"text": "\u5e03", "revise_round": 2}
[2026-05-20 15:29:04] CH1 data: {"text": "\u89d2", "revise_round": 2}
[2026-05-20 15:29:04] CH1 data: {"text": "\u65e9", "revise_round": 2}
[2026-05-20 15:29:04] CH1 data: {"text": "\u88ab", "revise_round": 2}
[2026-05-20 15:29:04] CH1 data: {"text": "\u96e8", "revise_round": 2}
[2026-05-20 15:29:04] CH1 data: {"text": "\u6253", "revise_round": 2}
[2026-05-20 15:29:04] CH1 data: {"text": "\u9ed1", "revise_round": 2}
[2026-05-20 15:29:04] CH1 data: {"text": "\u3002\u4ed6", "revise_round": 2}
[2026-05-20 15:29:04] CH1 data: {"text": "\u628a", "revise_round": 2}
[2026-05-20 15:29:04] CH1 data: {"text": "\u88f9", "revise_round": 2}
[2026-05-20 15:29:04] CH1 data: {"text": "\u5e03", "revise_round": 2}
[2026-05-20 15:29:04] CH1 data: {"text": "\u7684", "revise_round": 2}
[2026-05-20 15:29:04] CH1 data: {"text": "\u9798", "revise_round": 2}
[2026-05-20 15:29:04] CH1 data: {"text": "\u5c16", "revise_round": 2}
[2026-05-20 15:29:04] CH1 data: {"text": "\u4f38", "revise_round": 2}
[2026-05-20 15:29:04] CH1 data: {"text": "\u5230", "revise_round": 2}
[2026-05-20 15:29:04] CH1 data: {"text": "\u5c38", "revise_round": 2}
[2026-05-20 15:29:04] CH1 data: {"text": "\u638c", "revise_round": 2}
[2026-05-20 15:29:04] CH1 data: {"text": "\u524d", "revise_round": 2}
[2026-05-20 15:29:04] CH1 data: {"text": "\uff0c", "revise_round": 2}
[2026-05-20 15:29:04] CH1 data: {"text": "\u987a", "revise_round": 2}
[2026-05-20 15:29:04] CH1 data: {"text": "\u7740", "revise_round": 2}
[2026-05-20 15:29:04] CH1 data: {"text": "\u6307", "revise_round": 2}
[2026-05-20 15:29:04] CH1 data: {"text": "\u8282", "revise_round": 2}
[2026-05-20 15:29:04] CH1 data: {"text": "\u8f7b", "revise_round": 2}
[2026-05-20 15:29:04] CH1 data: {"text": "\u8f7b", "revise_round": 2}
[2026-05-20 15:29:04] CH1 data: {"text": "\u4e00", "revise_round": 2}
[2026-05-20 15:29:04] CH1 data: {"text": "\u9876", "revise_round": 2}
[2026-05-20 15:29:04] CH1 data: {"text": "\uff0c\u53ea", "revise_round": 2}
[2026-05-20 15:29:04] CH1 data: {"text": "\u5f00", "revise_round": 2}
[2026-05-20 15:29:04] CH1 data: {"text": "\u534a", "revise_round": 2}
[2026-05-20 15:29:04] CH1 data: {"text": "\u5bf8", "revise_round": 2}
[2026-05-20 15:29:04] CH1 data: {"text": "\u3002\n\n", "revise_round": 2}
[2026-05-20 15:29:04] CH1 data: {"text": "\u7070", "revise_round": 2}
[2026-05-20 15:29:04] CH1 data: {"text": "\u9732", "revise_round": 2}
[2026-05-20 15:29:04] CH1 data: {"text": "\u51fa\u6765", "revise_round": 2}
[2026-05-20 15:29:04] CH1 data: {"text": "\u4e86", "revise_round": 2}
[2026-05-20 15:29:04] CH1 data: {"text": "\u3002\n\n", "revise_round": 2}
[2026-05-20 15:29:04] CH1 data: {"text": "\u4e0d\u662f", "revise_round": 2}
[2026-05-20 15:29:04] CH1 data: {"text": "\u4e00", "revise_round": 2}
[2026-05-20 15:29:04] CH1 data: {"text": "\u56e2", "revise_round": 2}
[2026-05-20 15:29:04] CH1 data: {"text": "\u4e71", "revise_round": 2}
[2026-05-20 15:29:04] CH1 data: {"text": "\u7070", "revise_round": 2}
[2026-05-20 15:29:04] CH1 data: {"text": "\u3002", "revise_round": 2}
[2026-05-20 15:29:04] CH1 data: {"text": "\u7070", "revise_round": 2}
[2026-05-20 15:29:04] CH1 data: {"text": "\u5fc3", "revise_round": 2}
[2026-05-20 15:29:04] CH1 data: {"text": "\u91cc", "revise_round": 2}
[2026-05-20 15:29:04] CH1 data: {"text": "\u538b", "revise_round": 2}
[2026-05-20 15:29:04] CH1 data: {"text": "\u7740", "revise_round": 2}
[2026-05-20 15:29:05] CH1 data: {"text": "\u4e00\u9053", "revise_round": 2}
[2026-05-20 15:29:05] CH1 data: {"text": "\u6781", "revise_round": 2}
[2026-05-20 15:29:05] CH1 data: {"text": "\u6d45", "revise_round": 2}
[2026-05-20 15:29:05] CH1 data: {"text": "\u7684", "revise_round": 2}
[2026-05-20 15:29:05] CH1 data: {"text": "\u56de", "revise_round": 2}
[2026-05-20 15:29:05] CH1 data: {"text": "\u52fe", "revise_round": 2}
[2026-05-20 15:29:05] CH1 data: {"text": "\uff0c", "revise_round": 2}
[2026-05-20 15:29:05] CH1 data: {"text": "\u50cf", "revise_round": 2}
[2026-05-20 15:29:05] CH1 data: {"text": "\u628a", "revise_round": 2}
[2026-05-20 15:29:05] CH1 data: {"text": "\u706b", "revise_round": 2}
[2026-05-20 15:29:05] CH1 data: {"text": "\u820c", "revise_round": 2}
[2026-05-20 15:29:05] CH1 data: {"text": "\u6298", "revise_round": 2}
[2026-05-20 15:29:05] CH1 data: {"text": "\u56de", "revise_round": 2}
[2026-05-20 15:29:05] CH1 data: {"text": "\u53bb", "revise_round": 2}
[2026-05-20 15:29:05] CH1 data: {"text": "\uff0c", "revise_round": 2}
[2026-05-20 15:29:05] CH1 data: {"text": "\u8fb9", "revise_round": 2}
[2026-05-20 15:29:05] CH1 data: {"text": "\u7f18", "revise_round": 2}
[2026-05-20 15:29:05] CH1 data: {"text": "\u6536", "revise_round": 2}
[2026-05-20 15:29:05] CH1 data: {"text": "\u5f97", "revise_round": 2}
[2026-05-20 15:29:05] CH1 data: {"text": "\u5f88", "revise_round": 2}
[2026-05-20 15:29:05] CH1 data: {"text": "\u7d27", "revise_round": 2}
[2026-05-20 15:29:05] CH1 data: {"text": "\u3002\n\n", "revise_round": 2}
[2026-05-20 15:29:05] CH1 data: {"text": "\u6c88", "revise_round": 2}
[2026-05-20 15:29:05] CH1 data: {"text": "\u7167", "revise_round": 2}
[2026-05-20 15:29:05] CH1 data: {"text": "\u7684", "revise_round": 2}
[2026-05-20 15:29:05] CH1 data: {"text": "\u76ee", "revise_round": 2}
[2026-05-20 15:29:05] CH1 data: {"text": "\u5149", "revise_round": 2}
[2026-05-20 15:29:05] CH1 data: {"text": "\u505c", "revise_round": 2}
[2026-05-20 15:29:05] CH1 data: {"text": "\u4e86\u4e00", "revise_round": 2}
[2026-05-20 15:29:05] CH1 data: {"text": "\u606f", "revise_round": 2}
[2026-05-20 15:29:05] CH1 data: {"text": "\u3002\n\n", "revise_round": 2}
[2026-05-20 15:29:05] CH1 data: {"text": "\u56de", "revise_round": 2}
[2026-05-20 15:29:05] CH1 data: {"text": "\u7167", "revise_round": 2}
[2026-05-20 15:29:05] CH1 data: {"text": "\u5370", "revise_round": 2}
[2026-05-20 15:29:05] CH1 data: {"text": "\u3002\n\n", "revise_round": 2}
[2026-05-20 15:29:05] CH1 data: {"text": "\u5e08", "revise_round": 2}
[2026-05-20 15:29:05] CH1 data: {"text": "\u7236", "revise_round": 2}
[2026-05-20 15:29:05] CH1 data: {"text": "\u6559", "revise_round": 2}
[2026-05-20 15:29:05] CH1 data: {"text": "\u8fc7", "revise_round": 2}
[2026-05-20 15:29:05] CH1 data: {"text": "\u4ed6", "revise_round": 2}
[2026-05-20 15:29:05] CH1 data: {"text": "\u3002", "revise_round": 2}
[2026-05-20 15:29:05] CH1 data: {"text": "\u53ea", "revise_round": 2}
[2026-05-20 15:29:05] CH1 data: {"text": "\u8ba4", "revise_round": 2}
[2026-05-20 15:29:05] CH1 data: {"text": "\u6b8b", "revise_round": 2}
[2026-05-20 15:29:05] CH1 data: {"text": "\u706b", "revise_round": 2}
[2026-05-20 15:29:05] CH1 data: {"text": "\uff0c\u4e0d", "revise_round": 2}
[2026-05-20 15:29:05] CH1 data: {"text": "\u8ba4", "revise_round": 2}
[2026-05-20 15:29:05] CH1 data: {"text": "\u6d3b", "revise_round": 2}
[2026-05-20 15:29:05] CH1 data: {"text": "\u638c", "revise_round": 2}
[2026-05-20 15:29:05] CH1 data: {"text": "\u3002", "revise_round": 2}
[2026-05-20 15:29:05] CH1 data: {"text": "\u65e7", "revise_round": 2}
[2026-05-20 15:29:05] CH1 data: {"text": "\u706f", "revise_round": 2}
[2026-05-20 15:29:05] CH1 data: {"text": "\u94fa", "revise_round": 2}
[2026-05-20 15:29:05] CH1 data: {"text": "\u6536", "revise_round": 2}
[2026-05-20 15:29:06] CH1 data: {"text": "\u4f59", "revise_round": 2}
[2026-05-20 15:29:06] CH1 data: {"text": "\u706b", "revise_round": 2}
[2026-05-20 15:29:06] CH1 data: {"text": "\u65f6", "revise_round": 2}
[2026-05-20 15:29:06] CH1 data: {"text": "\uff0c", "revise_round": 2}
[2026-05-20 15:29:06] CH1 data: {"text": "\u4fbf", "revise_round": 2}
[2026-05-20 15:29:06] CH1 data: {"text": "\u62ff", "revise_round": 2}
[2026-05-20 15:29:06] CH1 data: {"text": "\u8fd9", "revise_round": 2}
[2026-05-20 15:29:06] CH1 data: {"text": "\u624b", "revise_round": 2}
[2026-05-20 15:29:06] CH1 data: {"text": "\u6cd5", "revise_round": 2}
[2026-05-20 15:29:06] CH1 data: {"text": "\u538b", "revise_round": 2}
[2026-05-20 15:29:06] CH1 data: {"text": "\u7070", "revise_round": 2}
[2026-05-20 15:29:06] CH1 data: {"text": "\u6210", "revise_round": 2}
[2026-05-20 15:29:06] CH1 data: {"text": "\u7eb9", "revise_round": 2}
[2026-05-20 15:29:06] CH1 data: {"text": "\u3002", "revise_round": 2}
[2026-05-20 15:29:06] CH1 data: {"text": "\u7eb9", "revise_round": 2}
[2026-05-20 15:29:06] CH1 data: {"text": "\u5728", "revise_round": 2}
[2026-05-20 15:29:06] CH1 data: {"text": "\u6d3b", "revise_round": 2}
[2026-05-20 15:29:06] CH1 data: {"text": "\u4eba", "revise_round": 2}
[2026-05-20 15:29:06] CH1 data: {"text": "\u638c", "revise_round": 2}
[2026-05-20 15:29:06] CH1 data: {"text": "\u91cc", "revise_round": 2}
[2026-05-20 15:29:06] CH1 data: {"text": "\u4e0d", "revise_round": 2}
[2026-05-20 15:29:06] CH1 data: {"text": "\u8be5", "revise_round": 2}
[2026-05-20 15:29:06] CH1 data: {"text": "\u6709", "revise_round": 2}
[2026-05-20 15:29:06] CH1 data: {"text": "\uff0c", "revise_round": 2}
[2026-05-20 15:29:06] CH1 data: {"text": "\u843d", "revise_round": 2}
[2026-05-20 15:29:06] CH1 data: {"text": "\u5728", "revise_round": 2}
[2026-05-20 15:29:06] CH1 data: {"text": "\u6b7b\u4eba", "revise_round": 2}
[2026-05-20 15:29:06] CH1 data: {"text": "\u624b", "revise_round": 2}
[2026-05-20 15:29:06] CH1 data: {"text": "\u4e0a", "revise_round": 2}
[2026-05-20 15:29:06] CH1 data: {"text": "\uff0c\u66f4", "revise_round": 2}
[2026-05-20 15:29:06] CH1 data: {"text": "\u4e0d", "revise_round": 2}
[2026-05-20 15:29:06] CH1 data: {"text": "\u8be5", "revise_round": 2}
[2026-05-20 15:29:06] CH1 data: {"text": "\u5728", "revise_round": 2}
[2026-05-20 15:29:06] CH1 data: {"text": "\u96e8", "revise_round": 2}
[2026-05-20 15:29:06] CH1 data: {"text": "\u91cc", "revise_round": 2}
[2026-05-20 15:29:06] CH1 data: {"text": "\u73b0", "revise_round": 2}
[2026-05-20 15:29:06] CH1 data: {"text": "\u6210", "revise_round": 2}
[2026-05-20 15:29:06] CH1 data: {"text": "\u8fd9\u6837", "revise_round": 2}
[2026-05-20 15:29:06] CH1 data: {"text": "\u3002", "revise_round": 2}
[2026-05-20 15:29:06] CH1 data: {"text": "\u6709\u4eba", "revise_round": 2}
[2026-05-20 15:29:06] CH1 data: {"text": "\u4f1a", "revise_round": 2}
[2026-05-20 15:29:06] CH1 data: {"text": "\u8fd9", "revise_round": 2}
[2026-05-20 15:29:06] CH1 data: {"text": "\u624b", "revise_round": 2}
[2026-05-20 15:29:06] CH1 data: {"text": "\uff0c", "revise_round": 2}
[2026-05-20 15:29:06] CH1 data: {"text": "\u6216\u8005", "revise_round": 2}
[2026-05-20 15:29:06] CH1 data: {"text": "\u89c1", "revise_round": 2}
[2026-05-20 15:29:06] CH1 data: {"text": "\u8fc7", "revise_round": 2}
[2026-05-20 15:29:06] CH1 data: {"text": "\u8fd9", "revise_round": 2}
[2026-05-20 15:29:06] CH1 data: {"text": "\u624b", "revise_round": 2}
[2026-05-20 15:29:06] CH1 data: {"text": "\uff0c", "revise_round": 2}
[2026-05-20 15:29:06] CH1 data: {"text": "\u6216\u8005", "revise_round": 2}
[2026-05-20 15:29:06] CH1 data: {"text": "\u62ff", "revise_round": 2}
[2026-05-20 15:29:06] CH1 data: {"text": "\u8fd9", "revise_round": 2}
[2026-05-20 15:29:06] CH1 data: {"text": "\u624b", "revise_round": 2}
[2026-05-20 15:29:06] CH1 data: {"text": "\u6765", "revise_round": 2}
[2026-05-20 15:29:06] CH1 data: {"text": "\u6446", "revise_round": 2}
[2026-05-20 15:29:07] CH1 data: {"text": "\u5c40", "revise_round": 2}
[2026-05-20 15:29:07] CH1 data: {"text": "\u3002", "revise_round": 2}
[2026-05-20 15:29:07] CH1 data: {"text": "\u53ef", "revise_round": 2}
[2026-05-20 15:29:07] CH1 data: {"text": "\u8fd9", "revise_round": 2}
[2026-05-20 15:29:07] CH1 data: {"text": "\u8fd8", "revise_round": 2}
[2026-05-20 15:29:07] CH1 data: {"text": "\u591f", "revise_round": 2}
[2026-05-20 15:29:07] CH1 data: {"text": "\u4e0d\u4e0a", "revise_round": 2}
[2026-05-20 15:29:07] CH1 data: {"text": "\u5b9a", "revise_round": 2}
[2026-05-20 15:29:07] CH1 data: {"text": "\u8c01", "revise_round": 2}
[2026-05-20 15:29:07] CH1 data: {"text": "\u3002\n\n", "revise_round": 2}
[2026-05-20 15:29:07] CH1 data: {"text": "\u4ed6", "revise_round": 2}
[2026-05-20 15:29:07] CH1 data: {"text": "\u6ca1", "revise_round": 2}
[2026-05-20 15:29:07] CH1 data: {"text": "\u8bf4", "revise_round": 2}
[2026-05-20 15:29:07] CH1 data: {"text": "\u51fa\u53e3", "revise_round": 2}
[2026-05-20 15:29:07] CH1 data: {"text": "\uff0c\u53ea", "revise_round": 2}
[2026-05-20 15:29:07] CH1 data: {"text": "\u628a", "revise_round": 2}
[2026-05-20 15:29:07] CH1 data: {"text": "\u5c38", "revise_round": 2}
[2026-05-20 15:29:07] CH1 data: {"text": "\u6307", "revise_round": 2}
[2026-05-20 15:29:07] CH1 data: {"text": "\u6162", "revise_round": 2}
[2026-05-20 15:29:07] CH1 data: {"text": "\u6162", "revise_round": 2}
[2026-05-20 15:29:07] CH1 data: {"text": "\u63a8", "revise_round": 2}
[2026-05-20 15:29:07] CH1 data: {"text": "\u56de", "revise_round": 2}
[2026-05-20 15:29:07] CH1 data: {"text": "\u539f", "revise_round": 2}
[2026-05-20 15:29:07] CH1 data: {"text": "\u4f4d", "revise_round": 2}
[2026-05-20 15:29:07] CH1 data: {"text": "\u3002", "revise_round": 2}
[2026-05-20 15:29:07] CH1 data: {"text": "\u96e8", "revise_round": 2}
[2026-05-20 15:29:07] CH1 data: {"text": "\u6c7d", "revise_round": 2}
[2026-05-20 15:29:07] CH1 data: {"text": "\u8d34", "revise_round": 2}
[2026-05-20 15:29:07] CH1 data: {"text": "\u7740", "revise_round": 2}
[2026-05-20 15:29:07] CH1 data: {"text": "\u638c", "revise_round": 2}
[2026-05-20 15:29:07] CH1 data: {"text": "\u7f1d", "revise_round": 2}
[2026-05-20 15:29:07] CH1 data: {"text": "\u94bb", "revise_round": 2}
[2026-05-20 15:29:07] CH1 data: {"text": "\uff0c", "revise_round": 2}
[2026-05-20 15:29:07] CH1 data: {"text": "\u7070", "revise_round": 2}
[2026-05-20 15:29:07] CH1 data: {"text": "\u75d5", "revise_round": 2}
[2026-05-20 15:29:07] CH1 data: {"text": "\u5df2\u7ecf", "revise_round": 2}
[2026-05-20 15:29:07] CH1 data: {"text": "\u6709", "revise_round": 2}
[2026-05-20 15:29:07] CH1 data: {"text": "\u4e9b", "revise_round": 2}
[2026-05-20 15:29:07] CH1 data: {"text": "\u53d1", "revise_round": 2}
[2026-05-20 15:29:07] CH1 data: {"text": "\u865a", "revise_round": 2}
[2026-05-20 15:29:07] CH1 data: {"text": "\uff0c", "revise_round": 2}
[2026-05-20 15:29:07] CH1 data: {"text": "\u4e0d\u80fd", "revise_round": 2}
[2026-05-20 15:29:07] CH1 data: {"text": "\u518d", "revise_round": 2}
[2026-05-20 15:29:07] CH1 data: {"text": "\u62d6", "revise_round": 2}
[2026-05-20 15:29:07] CH1 data: {"text": "\u3002\n\n", "revise_round": 2}
[2026-05-20 15:29:07] CH1 data: {"text": "\u201c", "revise_round": 2}
[2026-05-20 15:29:07] CH1 data: {"text": "\u591f", "revise_round": 2}
[2026-05-20 15:29:07] CH1 data: {"text": "\u4e86", "revise_round": 2}
[2026-05-20 15:29:07] CH1 data: {"text": "\u3002\u201d", "revise_round": 2}
[2026-05-20 15:29:07] CH1 data: {"text": "\u4ed6", "revise_round": 2}
[2026-05-20 15:29:07] CH1 data: {"text": "\u4f4e", "revise_round": 2}
[2026-05-20 15:29:07] CH1 data: {"text": "\u58f0", "revise_round": 2}
[2026-05-20 15:29:07] CH1 data: {"text": "\u9053", "revise_round": 2}
[2026-05-20 15:29:08] CH1 data: {"text": "\u3002\n\n", "revise_round": 2}
[2026-05-20 15:29:08] CH1 data: {"text": "\u968f", "revise_round": 2}
[2026-05-20 15:29:08] CH1 data: {"text": "\u5373", "revise_round": 2}
[2026-05-20 15:29:08] CH1 data: {"text": "\u628a", "revise_round": 2}
[2026-05-20 15:29:08] CH1 data: {"text": "\u5200", "revise_round": 2}
[2026-05-20 15:29:08] CH1 data: {"text": "\u9798", "revise_round": 2}
[2026-05-20 15:29:08] CH1 data: {"text": "\u5916", "revise_round": 2}
[2026-05-20 15:29:08] CH1 data: {"text": "\u7684", "revise_round": 2}
[2026-05-20 15:29:08] CH1 data: {"text": "\u5e03", "revise_round": 2}
[2026-05-20 15:29:08] CH1 data: {"text": "\u4e00", "revise_round": 2}
[2026-05-20 15:29:08] CH1 data: {"text": "\u5708", "revise_round": 2}
[2026-05-20 15:29:08] CH1 data: {"text": "\u5708", "revise_round": 2}
[2026-05-20 15:29:08] CH1 data: {"text": "\u7f20", "revise_round": 2}
[2026-05-20 15:29:08] CH1 data: {"text": "\u6b7b", "revise_round": 2}
[2026-05-20 15:29:08] CH1 data: {"text": "\uff0c", "revise_round": 2}
[2026-05-20 15:29:08] CH1 data: {"text": "\u6253", "revise_round": 2}
[2026-05-20 15:29:08] CH1 data: {"text": "\u4e86", "revise_round": 2}
[2026-05-20 15:29:08] CH1 data: {"text": "\u4e2a", "revise_round": 2}
[2026-05-20 15:29:08] CH1 data: {"text": "\u7d27", "revise_round": 2}
[2026-05-20 15:29:08] CH1 data: {"text": "\u7ed3", "revise_round": 2}
[2026-05-20 15:29:08] CH1 data: {"text": "\u3002", "revise_round": 2}
[2026-05-20 15:29:08] CH1 data: {"text": "\u5e03", "revise_round": 2}
[2026-05-20 15:29:08] CH1 data: {"text": "\u9762", "revise_round": 2}
[2026-05-20 15:29:08] CH1 data: {"text": "\u6cbe", "revise_round": 2}
[2026-05-20 15:29:08] CH1 data: {"text": "\u4e86", "revise_round": 2}
[2026-05-20 15:29:08] CH1 data: {"text": "\u7070", "revise_round": 2}
[2026-05-20 15:29:08] CH1 data: {"text": "\uff0c", "revise_round": 2}
[2026-05-20 15:29:08] CH1 data: {"text": "\u989c\u8272", "revise_round": 2}
[2026-05-20 15:29:08] CH1 data: {"text": "\u6c89", "revise_round": 2}
[2026-05-20 15:29:08] CH1 data: {"text": "\u4e0b", "revise_round": 2}
[2026-05-20 15:29:08] CH1 data: {"text": "\u53bb", "revise_round": 2}
[2026-05-20 15:29:08] CH1 data: {"text": "\uff0c", "revise_round": 2}
[2026-05-20 15:29:08] CH1 data: {"text": "\u50cf", "revise_round": 2}
[2026-05-20 15:29:08] CH1 data: {"text": "\u4e00", "revise_round": 2}
[2026-05-20 15:29:08] CH1 data: {"text": "\u622a", "revise_round": 2}
[2026-05-20 15:29:08] CH1 data: {"text": "\u6e7f", "revise_round": 2}
[2026-05-20 15:29:08] CH1 data: {"text": "\u6728", "revise_round": 2}
[2026-05-20 15:29:08] CH1 data: {"text": "\u3002\n\n", "revise_round": 2}
[2026-05-20 15:29:08] CH1 data: {"text": "\u201c", "revise_round": 2}
[2026-05-20 15:29:08] CH1 data: {"text": "\u8fd9", "revise_round": 2}
[2026-05-20 15:29:08] CH1 data: {"text": "\u5e03", "revise_round": 2}
[2026-05-20 15:29:08] CH1 data: {"text": "\u8c01", "revise_round": 2}
[2026-05-20 15:29:08] CH1 data: {"text": "\u4e5f", "revise_round": 2}
[2026-05-20 15:29:08] CH1 data: {"text": "\u522b", "revise_round": 2}
[2026-05-20 15:29:08] CH1 data: {"text": "\u62c6", "revise_round": 2}
[2026-05-20 15:29:08] CH1 data: {"text": "\u3002\u201d", "revise_round": 2}
[2026-05-20 15:29:08] CH1 data: {"text": "\u6c88", "revise_round": 2}
[2026-05-20 15:29:08] CH1 data: {"text": "\u7167", "revise_round": 2}
[2026-05-20 15:29:08] CH1 data: {"text": "\u628a", "revise_round": 2}
[2026-05-20 15:29:09] CH1 data: {"text": "\u5200", "revise_round": 2}
[2026-05-20 15:29:09] CH1 data: {"text": "\u9798", "revise_round": 2}
[2026-05-20 15:29:09] CH1 data: {"text": "\u9012", "revise_round": 2}
[2026-05-20 15:29:09] CH1 data: {"text": "\u7ed9", "revise_round": 2}
[2026-05-20 15:29:09] CH1 data: {"text": "\u5e74", "revise_round": 2}
[2026-05-20 15:29:09] CH1 data: {"text": "\u957f", "revise_round": 2}
[2026-05-20 15:29:09] CH1 data: {"text": "\u5de1", "revise_round": 2}
[2026-05-20 15:29:09] CH1 data: {"text": "\u5352", "revise_round": 2}
[2026-05-20 15:29:09] CH1 data: {"text": "\uff0c\u201c", "revise_round": 2}
[2026-05-20 15:29:09] CH1 data: {"text": "\u4f60", "revise_round": 2}
[2026-05-20 15:29:09] CH1 data: {"text": "\u62ff", "revise_round": 2}
[2026-05-20 15:29:09] CH1 data: {"text": "\u7740", "revise_round": 2}
[2026-05-20 15:29:09] CH1 data: {"text": "\u3002", "revise_round": 2}
[2026-05-20 15:29:09] CH1 data: {"text": "\u6709\u4eba", "revise_round": 2}
[2026-05-20 15:29:09] CH1 data: {"text": "\u8981", "revise_round": 2}
[2026-05-20 15:29:09] CH1 data: {"text": "\u62c6", "revise_round": 2}
[2026-05-20 15:29:09] CH1 data: {"text": "\uff0c", "revise_round": 2}
[2026-05-20 15:29:09] CH1 data: {"text": "\u5148", "revise_round": 2}
[2026-05-20 15:29:09] CH1 data: {"text": "\u6765", "revise_round": 2}
[2026-05-20 15:29:09] CH1 data: {"text": "\u627e", "revise_round": 2}
[2026-05-20 15:29:09] CH1 data: {"text": "\u6211", "revise_round": 2}
[2026-05-20 15:29:09] CH1 data: {"text": "\u3002\u201d\n\n", "revise_round": 2}
[2026-05-20 15:29:09] CH1 data: {"text": "\u5e74", "revise_round": 2}
[2026-05-20 15:29:09] CH1 data: {"text": "\u957f", "revise_round": 2}
[2026-05-20 15:29:09] CH1 data: {"text": "\u5de1", "revise_round": 2}
[2026-05-20 15:29:09] CH1 data: {"text": "\u5352", "revise_round": 2}
[2026-05-20 15:29:09] CH1 data: {"text": "\u63a5", "revise_round": 2}
[2026-05-20 15:29:09] CH1 data: {"text": "\u8fc7", "revise_round": 2}
[2026-05-20 15:29:09] CH1 data: {"text": "\uff0c", "revise_round": 2}
[2026-05-20 15:29:09] CH1 data: {"text": "\u624b", "revise_round": 2}
[2026-05-20 15:29:09] CH1 data: {"text": "\u5fc3", "revise_round": 2}
[2026-05-20 15:29:09] CH1 data: {"text": "\u4e00", "revise_round": 2}
[2026-05-20 15:29:09] CH1 data: {"text": "\u6c89", "revise_round": 2}
[2026-05-20 15:29:09] CH1 data: {"text": "\uff0c", "revise_round": 2}
[2026-05-20 15:29:09] CH1 data: {"text": "\u6ca1", "revise_round": 2}
[2026-05-20 15:29:09] CH1 data: {"text": "\u6562", "revise_round": 2}
[2026-05-20 15:29:09] CH1 data: {"text": "\u591a", "revise_round": 2}
[2026-05-20 15:29:09] CH1 data: {"text": "\u95ee", "revise_round": 2}
[2026-05-20 15:29:09] CH1 data: {"text": "\uff0c\u53ea", "revise_round": 2}
[2026-05-20 15:29:09] CH1 data: {"text": "\u70b9", "revise_round": 2}
[2026-05-20 15:29:09] CH1 data: {"text": "\u4e86", "revise_round": 2}
[2026-05-20 15:29:09] CH1 data: {"text": "\u70b9", "revise_round": 2}
[2026-05-20 15:29:09] CH1 data: {"text": "\u5934", "revise_round": 2}
[2026-05-20 15:29:09] CH1 data: {"text": "\uff1a\u201c", "revise_round": 2}
[2026-05-20 15:29:09] CH1 data: {"text": "\u8bb0", "revise_round": 2}
[2026-05-20 15:29:09] CH1 data: {"text": "\u4e0b", "revise_round": 2}
[2026-05-20 15:29:09] CH1 data: {"text": "\u3002\u201d\n\n", "revise_round": 2}
[2026-05-20 15:29:09] CH1 data: {"text": "\u6c88", "revise_round": 2}
[2026-05-20 15:29:09] CH1 data: {"text": "\u7167", "revise_round": 2}
[2026-05-20 15:29:09] CH1 data: {"text": "\u8f6c", "revise_round": 2}
[2026-05-20 15:29:09] CH1 data: {"text": "\u5411", "revise_round": 2}
[2026-05-20 15:29:09] CH1 data: {"text": "\u5e74\u8f7b", "revise_round": 2}
[2026-05-20 15:29:09] CH1 data: {"text": "\u5de1", "revise_round": 2}
[2026-05-20 15:29:09] CH1 data: {"text": "\u5352", "revise_round": 2}
[2026-05-20 15:29:09] CH1 data: {"text": "\u3002\n\n", "revise_round": 2}
[2026-05-20 15:29:09] CH1 data: {"text": "\u201c", "revise_round": 2}
[2026-05-20 15:29:09] CH1 data: {"text": "\u4f60", "revise_round": 2}
[2026-05-20 15:29:10] CH1 data: {"text": "\u53bb", "revise_round": 2}
[2026-05-20 15:29:10] CH1 data: {"text": "\u62a5", "revise_round": 2}
[2026-05-20 15:29:10] CH1 data: {"text": "\u3002", "revise_round": 2}
[2026-05-20 15:29:10] CH1 data: {"text": "\u4e00\u4e2a", "revise_round": 2}
[2026-05-20 15:29:10] CH1 data: {"text": "\u5b57", "revise_round": 2}
[2026-05-20 15:29:10] CH1 data: {"text": "\u522b", "revise_round": 2}
[2026-05-20 15:29:10] CH1 data: {"text": "\u9519", "revise_round": 2}
[2026-05-20 15:29:10] CH1 data: {"text": "\u3002\u201d\n\n", "revise_round": 2}
[2026-05-20 15:29:10] CH1 data: {"text": "\u5e74\u8f7b", "revise_round": 2}
[2026-05-20 15:29:10] CH1 data: {"text": "\u5de1", "revise_round": 2}
[2026-05-20 15:29:10] CH1 data: {"text": "\u5352", "revise_round": 2}
[2026-05-20 15:29:10] CH1 data: {"text": "\u6123", "revise_round": 2}
[2026-05-20 15:29:10] CH1 data: {"text": "\u4e86\u4e00", "revise_round": 2}
[2026-05-20 15:29:10] CH1 data: {"text": "\u4e0b", "revise_round": 2}
[2026-05-20 15:29:10] CH1 data: {"text": "\uff1a\u201c", "revise_round": 2}
[2026-05-20 15:29:10] CH1 data: {"text": "\u600e\u4e48", "revise_round": 2}
[2026-05-20 15:29:10] CH1 data: {"text": "\u62a5", "revise_round": 2}
[2026-05-20 15:29:10] CH1 data: {"text": "\uff1f\u201d\n\n", "revise_round": 2}
[2026-05-20 15:29:10] CH1 data: {"text": "\u201c", "revise_round": 2}
[2026-05-20 15:29:10] CH1 data: {"text": "\u5df7", "revise_round": 2}
[2026-05-20 15:29:10] CH1 data: {"text": "\u53e3", "revise_round": 2}
[2026-05-20 15:29:10] CH1 data: {"text": "\u5e9f", "revise_round": 2}
[2026-05-20 15:29:10] CH1 data: {"text": "\u706f", "revise_round": 2}
[2026-05-20 15:29:10] CH1 data: {"text": "\u94fa", "revise_round": 2}
[2026-05-20 15:29:10] CH1 data: {"text": "\uff0c", "revise_round": 2}
[2026-05-20 15:29:10] CH1 data: {"text": "\u5c38", "revise_round": 2}
[2026-05-20 15:29:10] CH1 data: {"text": "\u706f", "revise_round": 2}
[2026-05-20 15:29:10] CH1 data: {"text": "\u672a", "revise_round": 2}
[2026-05-20 15:29:10] CH1 data: {"text": "\u79fb", "revise_round": 2}
[2026-05-20 15:29:10] CH1 data: {"text": "\uff0c", "revise_round": 2}
[2026-05-20 15:29:10] CH1 data: {"text": "\u5916", "revise_round": 2}
[2026-05-20 15:29:10] CH1 data: {"text": "\u4eba", "revise_round": 2}
[2026-05-20 15:29:10] CH1 data: {"text": "\u672a", "revise_round": 2}
[2026-05-20 15:29:10] CH1 data: {"text": "\u5165", "revise_round": 2}
[2026-05-20 15:29:10] CH1 data: {"text": "\u3002\u6211", "revise_round": 2}
[2026-05-20 15:29:10] CH1 data: {"text": "\u9996", "revise_round": 2}
[2026-05-20 15:29:10] CH1 data: {"text": "\u52d8", "revise_round": 2}
[2026-05-20 15:29:10] CH1 data: {"text": "\u53ea", "revise_round": 2}
[2026-05-20 15:29:10] CH1 data: {"text": "\u4ee5", "revise_round": 2}
[2026-05-20 15:29:10] CH1 data: {"text": "\u88f9", "revise_round": 2}
[2026-05-20 15:29:10] CH1 data: {"text": "\u5e03", "revise_round": 2}
[2026-05-20 15:29:10] CH1 data: {"text": "\u9798", "revise_round": 2}
[2026-05-20 15:29:10] CH1 data: {"text": "\u5f00", "revise_round": 2}
[2026-05-20 15:29:10] CH1 data: {"text": "\u5c38", "revise_round": 2}
[2026-05-20 15:29:10] CH1 data: {"text": "\u6307", "revise_round": 2}
[2026-05-20 15:29:10] CH1 data: {"text": "\u534a", "revise_round": 2}
[2026-05-20 15:29:10] CH1 data: {"text": "\u5bf8", "revise_round": 2}
[2026-05-20 15:29:10] CH1 data: {"text": "\u62a4", "revise_round": 2}
[2026-05-20 15:29:11] CH1 data: {"text": "\u7070", "revise_round": 2}
[2026-05-20 15:29:11] CH1 data: {"text": "\uff0c", "revise_round": 2}
[2026-05-20 15:29:11] CH1 data: {"text": "\u672a", "revise_round": 2}
[2026-05-20 15:29:11] CH1 data: {"text": "\u79fb", "revise_round": 2}
[2026-05-20 15:29:11] CH1 data: {"text": "\u5c38", "revise_round": 2}
[2026-05-20 15:29:11] CH1 data: {"text": "\uff0c", "revise_round": 2}
[2026-05-20 15:29:11] CH1 data: {"text": "\u672a", "revise_round": 2}
[2026-05-20 15:29:11] CH1 data: {"text": "\u78b0", "revise_round": 2}
[2026-05-20 15:29:11] CH1 data: {"text": "\u706f", "revise_round": 2}
[2026-05-20 15:29:11] CH1 data: {"text": "\uff0c", "revise_round": 2}
[2026-05-20 15:29:11] CH1 data: {"text": "\u7f20", "revise_round": 2}
[2026-05-20 15:29:11] CH1 data: {"text": "\u5e03", "revise_round": 2}
[2026-05-20 15:29:11] CH1 data: {"text": "\u5df2", "revise_round": 2}
[2026-05-20 15:29:11] CH1 data: {"text": "\u5c01", "revise_round": 2}
[2026-05-20 15:29:11] CH1 data: {"text": "\uff0c", "revise_round": 2}
[2026-05-20 15:29:11] CH1 data: {"text": "\u5e74", "revise_round": 2}
[2026-05-20 15:29:11] CH1 data: {"text": "\u957f", "revise_round": 2}
[2026-05-20 15:29:11] CH1 data: {"text": "\u5de1", "revise_round": 2}
[2026-05-20 15:29:11] CH1 data: {"text": "\u5352", "revise_round": 2}
[2026-05-20 15:29:11] CH1 data: {"text": "\u4f5c", "revise_round": 2}
[2026-05-20 15:29:11] CH1 data: {"text": "\u8bc1", "revise_round": 2}
[2026-05-20 15:29:11] CH1 data: {"text": "\u3002", "revise_round": 2}
[2026-05-20 15:29:11] CH1 data: {"text": "\u66f4", "revise_round": 2}
[2026-05-20 15:29:11] CH1 data: {"text": "\u592b", "revise_round": 2}
[2026-05-20 15:29:11] CH1 data: {"text": "\u5728", "revise_round": 2}
[2026-05-20 15:29:11] CH1 data: {"text": "\u7ef3", "revise_round": 2}
[2026-05-20 15:29:11] CH1 data: {"text": "\u5916", "revise_round": 2}
[2026-05-20 15:29:11] CH1 data: {"text": "\u5f85", "revise_round": 2}
[2026-05-20 15:29:11] CH1 data: {"text": "\u95ee", "revise_round": 2}
[2026-05-20 15:29:11] CH1 data: {"text": "\uff0c\u8bf7", "revise_round": 2}
[2026-05-20 15:29:11] CH1 data: {"text": "\u4ef5", "revise_round": 2}
[2026-05-20 15:29:11] CH1 data: {"text": "\u4f5c", "revise_round": 2}
[2026-05-20 15:29:11] CH1 data: {"text": "\u6765", "revise_round": 2}
[2026-05-20 15:29:11] CH1 data: {"text": "\u3002\u201d\n\n", "revise_round": 2}
[2026-05-20 15:29:11] CH1 data: {"text": "\u5e74\u8f7b", "revise_round": 2}
[2026-05-20 15:29:11] CH1 data: {"text": "\u5de1", "revise_round": 2}
[2026-05-20 15:29:11] CH1 data: {"text": "\u5352", "revise_round": 2}
[2026-05-20 15:29:11] CH1 data: {"text": "\u4e00", "revise_round": 2}
[2026-05-20 15:29:11] CH1 data: {"text": "\u5b57", "revise_round": 2}
[2026-05-20 15:29:11] CH1 data: {"text": "\u4e00", "revise_round": 2}
[2026-05-20 15:29:11] CH1 data: {"text": "\u987f", "revise_round": 2}
[2026-05-20 15:29:11] CH1 data: {"text": "\u8ddf", "revise_round": 2}
[2026-05-20 15:29:11] CH1 data: {"text": "\u7740", "revise_round": 2}
[2026-05-20 15:29:11] CH1 data: {"text": "\u5ff5", "revise_round": 2}
[2026-05-20 15:29:11] CH1 data: {"text": "\uff0c", "revise_round": 2}
[2026-05-20 15:29:11] CH1 data: {"text": "\u8fde", "revise_round": 2}
[2026-05-20 15:29:11] CH1 data: {"text": "\u6c14", "revise_round": 2}
[2026-05-20 15:29:11] CH1 data: {"text": "\u53e3", "revise_round": 2}
[2026-05-20 15:29:11] CH1 data: {"text": "\u90fd", "revise_round": 2}
[2026-05-20 15:29:11] CH1 data: {"text": "\u4e0d", "revise_round": 2}
[2026-05-20 15:29:11] CH1 data: {"text": "\u6562", "revise_round": 2}
[2026-05-20 15:29:11] CH1 data: {"text": "\u4e71", "revise_round": 2}
[2026-05-20 15:29:11] CH1 data: {"text": "\u3002\n\n", "revise_round": 2}
[2026-05-20 15:29:12] CH1 data: {"text": "\u201c", "revise_round": 2}
[2026-05-20 15:29:12] CH1 data: {"text": "\u5c38", "revise_round": 2}
[2026-05-20 15:29:12] CH1 data: {"text": "\u706f", "revise_round": 2}
[2026-05-20 15:29:12] CH1 data: {"text": "\u672a", "revise_round": 2}
[2026-05-20 15:29:12] CH1 data: {"text": "\u79fb", "revise_round": 2}
[2026-05-20 15:29:12] CH1 data: {"text": "\uff0c", "revise_round": 2}
[2026-05-20 15:29:12] CH1 data: {"text": "\u5916", "revise_round": 2}
[2026-05-20 15:29:12] CH1 data: {"text": "\u4eba", "revise_round": 2}
[2026-05-20 15:29:12] CH1 data: {"text": "\u672a", "revise_round": 2}
[2026-05-20 15:29:12] CH1 data: {"text": "\u5165", "revise_round": 2}
[2026-05-20 15:29:12] CH1 data: {"text": "\u3002", "revise_round": 2}
[2026-05-20 15:29:12] CH1 data: {"text": "\u9996", "revise_round": 2}
[2026-05-20 15:29:12] CH1 data: {"text": "\u52d8", "revise_round": 2}
[2026-05-20 15:29:12] CH1 data: {"text": "\u53ea", "revise_round": 2}
[2026-05-20 15:29:12] CH1 data: {"text": "\u4ee5", "revise_round": 2}
[2026-05-20 15:29:12] CH1 data: {"text": "\u88f9", "revise_round": 2}
[2026-05-20 15:29:12] CH1 data: {"text": "\u5e03", "revise_round": 2}
[2026-05-20 15:29:12] CH1 data: {"text": "\u9798", "revise_round": 2}
[2026-05-20 15:29:12] CH1 data: {"text": "\u5f00", "revise_round": 2}
[2026-05-20 15:29:12] CH1 data: {"text": "\u5c38", "revise_round": 2}
[2026-05-20 15:29:12] CH1 data: {"text": "\u6307", "revise_round": 2}
[2026-05-20 15:29:12] CH1 data: {"text": "\u534a", "revise_round": 2}
[2026-05-20 15:29:12] CH1 data: {"text": "\u5bf8", "revise_round": 2}
[2026-05-20 15:29:12] CH1 data: {"text": "\u62a4", "revise_round": 2}
[2026-05-20 15:29:12] CH1 data: {"text": "\u7070", "revise_round": 2}
[2026-05-20 15:29:12] CH1 data: {"text": "\uff0c", "revise_round": 2}
[2026-05-20 15:29:12] CH1 data: {"text": "\u672a", "revise_round": 2}
[2026-05-20 15:29:12] CH1 data: {"text": "\u79fb", "revise_round": 2}
[2026-05-20 15:29:12] CH1 data: {"text": "\u5c38", "revise_round": 2}
[2026-05-20 15:29:12] CH1 data: {"text": "\uff0c", "revise_round": 2}
[2026-05-20 15:29:12] CH1 data: {"text": "\u672a", "revise_round": 2}
[2026-05-20 15:29:12] CH1 data: {"text": "\u78b0", "revise_round": 2}
[2026-05-20 15:29:12] CH1 data: {"text": "\u706f", "revise_round": 2}
[2026-05-20 15:29:12] CH1 data: {"text": "\uff0c", "revise_round": 2}
[2026-05-20 15:29:12] CH1 data: {"text": "\u7f20", "revise_round": 2}
[2026-05-20 15:29:12] CH1 data: {"text": "\u5e03", "revise_round": 2}
[2026-05-20 15:29:12] CH1 data: {"text": "\u5df2", "revise_round": 2}
[2026-05-20 15:29:12] CH1 data: {"text": "\u5c01", "revise_round": 2}
[2026-05-20 15:29:12] CH1 data: {"text": "\uff0c", "revise_round": 2}
[2026-05-20 15:29:12] CH1 data: {"text": "\u5e74", "revise_round": 2}
[2026-05-20 15:29:12] CH1 data: {"text": "\u957f", "revise_round": 2}
[2026-05-20 15:29:12] CH1 data: {"text": "\u5de1", "revise_round": 2}
[2026-05-20 15:29:12] CH1 data: {"text": "\u5352", "revise_round": 2}
[2026-05-20 15:29:12] CH1 data: {"text": "\u4f5c", "revise_round": 2}
[2026-05-20 15:29:12] CH1 data: {"text": "\u8bc1", "revise_round": 2}
[2026-05-20 15:29:12] CH1 data: {"text": "\u3002", "revise_round": 2}
[2026-05-20 15:29:12] CH1 data: {"text": "\u66f4", "revise_round": 2}
[2026-05-20 15:29:12] CH1 data: {"text": "\u592b", "revise_round": 2}
[2026-05-20 15:29:12] CH1 data: {"text": "\u5728", "revise_round": 2}
[2026-05-20 15:29:12] CH1 data: {"text": "\u7ef3", "revise_round": 2}
[2026-05-20 15:29:13] CH1 data: {"text": "\u5916", "revise_round": 2}
[2026-05-20 15:29:13] CH1 data: {"text": "\u5f85", "revise_round": 2}
[2026-05-20 15:29:13] CH1 data: {"text": "\u95ee", "revise_round": 2}
[2026-05-20 15:29:13] CH1 data: {"text": "\uff0c\u8bf7", "revise_round": 2}
[2026-05-20 15:29:13] CH1 data: {"text": "\u4ef5", "revise_round": 2}
[2026-05-20 15:29:13] CH1 data: {"text": "\u4f5c", "revise_round": 2}
[2026-05-20 15:29:13] CH1 data: {"text": "\u6765", "revise_round": 2}
[2026-05-20 15:29:13] CH1 data: {"text": "\u3002\u201d\n\n", "revise_round": 2}
[2026-05-20 15:29:13] CH1 data: {"text": "\u6c88", "revise_round": 2}
[2026-05-20 15:29:13] CH1 data: {"text": "\u7167", "revise_round": 2}
[2026-05-20 15:29:13] CH1 data: {"text": "\u542c", "revise_round": 2}
[2026-05-20 15:29:13] CH1 data: {"text": "\u5b8c", "revise_round": 2}
[2026-05-20 15:29:13] CH1 data: {"text": "\uff0c", "revise_round": 2}
[2026-05-20 15:29:13] CH1 data: {"text": "\u624d", "revise_round": 2}
[2026-05-20 15:29:13] CH1 data: {"text": "\u70b9", "revise_round": 2}
[2026-05-20 15:29:13] CH1 data: {"text": "\u5934", "revise_round": 2}
[2026-05-20 15:29:13] CH1 data: {"text": "\u3002\n\n", "revise_round": 2}
[2026-05-20 15:29:13] CH1 data: {"text": "\u201c", "revise_round": 2}
[2026-05-20 15:29:13] CH1 data: {"text": "\u5c11", "revise_round": 2}
[2026-05-20 15:29:13] CH1 data: {"text": "\u4e00\u4e2a", "revise_round": 2}
[2026-05-20 15:29:13] CH1 data: {"text": "\u5b57", "revise_round": 2}
[2026-05-20 15:29:13] CH1 data: {"text": "\u90fd", "revise_round": 2}
[2026-05-20 15:29:13] CH1 data: {"text": "\u4e0d", "revise_round": 2}
[2026-05-20 15:29:13] CH1 data: {"text": "\u6210", "revise_round": 2}
[2026-05-20 15:29:13] CH1 data: {"text": "\u3002", "revise_round": 2}
[2026-05-20 15:29:13] CH1 data: {"text": "\u66f4", "revise_round": 2}
[2026-05-20 15:29:13] CH1 data: {"text": "\u4e0d\u80fd", "revise_round": 2}
[2026-05-20 15:29:13] CH1 data: {"text": "\u6dfb", "revise_round": 2}
[2026-05-20 15:29:13] CH1 data: {"text": "\u5996", "revise_round": 2}
[2026-05-20 15:29:13] CH1 data: {"text": "\u5b57", "revise_round": 2}
[2026-05-20 15:29:13] CH1 data: {"text": "\u3002\u201d\n\n", "revise_round": 2}
[2026-05-20 15:29:13] CH1 data: {"text": "\u201c", "revise_round": 2}
[2026-05-20 15:29:13] CH1 data: {"text": "\u660e", "revise_round": 2}
[2026-05-20 15:29:13] CH1 data: {"text": "\u767d", "revise_round": 2}
[2026-05-20 15:29:13] CH1 data: {"text": "\u3002\u201d", "revise_round": 2}
[2026-05-20 15:29:13] CH1 data: {"text": "\u5e74\u8f7b", "revise_round": 2}
[2026-05-20 15:29:13] CH1 data: {"text": "\u5de1", "revise_round": 2}
[2026-05-20 15:29:13] CH1 data: {"text": "\u5352", "revise_round": 2}
[2026-05-20 15:29:13] CH1 data: {"text": "\u5589", "revise_round": 2}
[2026-05-20 15:29:13] CH1 data: {"text": "\u5934", "revise_round": 2}
[2026-05-20 15:29:13] CH1 data: {"text": "\u53d1", "revise_round": 2}
[2026-05-20 15:29:13] CH1 data: {"text": "\u7d27", "revise_round": 2}
[2026-05-20 15:29:13] CH1 data: {"text": "\uff0c", "revise_round": 2}
[2026-05-20 15:29:13] CH1 data: {"text": "\u8f6c", "revise_round": 2}
[2026-05-20 15:29:13] CH1 data: {"text": "\u8eab", "revise_round": 2}
[2026-05-20 15:29:13] CH1 data: {"text": "\u4fbf", "revise_round": 2}
[2026-05-20 15:29:13] CH1 data: {"text": "\u8dd1", "revise_round": 2}
[2026-05-20 15:29:13] CH1 data: {"text": "\u3002\n\n", "revise_round": 2}
[2026-05-20 15:29:13] CH1 data: {"text": "\u66f4", "revise_round": 2}
[2026-05-20 15:29:13] CH1 data: {"text": "\u592b", "revise_round": 2}
[2026-05-20 15:29:13] CH1 data: {"text": "\u7ad9", "revise_round": 2}
[2026-05-20 15:29:13] CH1 data: {"text": "\u5728", "revise_round": 2}
[2026-05-20 15:29:14] CH1 data: {"text": "\u7ef3", "revise_round": 2}
[2026-05-20 15:29:14] CH1 data: {"text": "\u5916", "revise_round": 2}
[2026-05-20 15:29:14] CH1 data: {"text": "\uff0c", "revise_round": 2}
[2026-05-20 15:29:14] CH1 data: {"text": "\u8138", "revise_round": 2}
[2026-05-20 15:29:14] CH1 data: {"text": "\u767d", "revise_round": 2}
[2026-05-20 15:29:14] CH1 data: {"text": "\u5f97", "revise_round": 2}
[2026-05-20 15:29:14] CH1 data: {"text": "\u5389", "revise_round": 2}
[2026-05-20 15:29:14] CH1 data: {"text": "\u5bb3", "revise_round": 2}
[2026-05-20 15:29:14] CH1 data: {"text": "\uff0c", "revise_round": 2}
[2026-05-20 15:29:14] CH1 data: {"text": "\u7ec8\u4e8e", "revise_round": 2}
[2026-05-20 15:29:14] CH1 data: {"text": "\u5fcd", "revise_round": 2}
[2026-05-20 15:29:14] CH1 data: {"text": "\u4e0d", "revise_round": 2}
[2026-05-20 15:29:14] CH1 data: {"text": "\u4f4f", "revise_round": 2}
[2026-05-20 15:29:14] CH1 data: {"text": "\u5f00", "revise_round": 2}
[2026-05-20 15:29:14] CH1 data: {"text": "\u53e3", "revise_round": 2}
[2026-05-20 15:29:14] CH1 data: {"text": "\uff1a\u201c", "revise_round": 2}
[2026-05-20 15:29:14] CH1 data: {"text": "\u6211", "revise_round": 2}
[2026-05-20 15:29:14] CH1 data: {"text": "\u771f", "revise_round": 2}
[2026-05-20 15:29:14] CH1 data: {"text": "\u6ca1", "revise_round": 2}
[2026-05-20 15:29:14] CH1 data: {"text": "\u78b0", "revise_round": 2}
[2026-05-20 15:29:14] CH1 data: {"text": "\u3002", "revise_round": 2}
[2026-05-20 15:29:14] CH1 data: {"text": "\u4f60", "revise_round": 2}
[2026-05-20 15:29:14] CH1 data: {"text": "\u95ee", "revise_round": 2}
[2026-05-20 15:29:14] CH1 data: {"text": "\u6211", "revise_round": 2}
[2026-05-20 15:29:14] CH1 data: {"text": "\u8def", "revise_round": 2}
[2026-05-20 15:29:14] CH1 data: {"text": "\u6570", "revise_round": 2}
[2026-05-20 15:29:14] CH1 data: {"text": "\uff0c\u6211", "revise_round": 2}
[2026-05-20 15:29:14] CH1 data: {"text": "\u6309", "revise_round": 2}
[2026-05-20 15:29:14] CH1 data: {"text": "\u66f4", "revise_round": 2}
[2026-05-20 15:29:14] CH1 data: {"text": "\u8def", "revise_round": 2}
[2026-05-20 15:29:14] CH1 data: {"text": "\u8d70", "revise_round": 2}
[2026-05-20 15:29:14] CH1 data: {"text": "\u7684", "revise_round": 2}
[2026-05-20 15:29:14] CH1 data: {"text": "\u3002", "revise_round": 2}
[2026-05-20 15:29:14] CH1 data: {"text": "\u5230", "revise_round": 2}
[2026-05-20 15:29:14] CH1 data: {"text": "\u524d", "revise_round": 2}
[2026-05-20 15:29:14] CH1 data: {"text": "\u8857", "revise_round": 2}
[2026-05-20 15:29:14] CH1 data: {"text": "\u90a3", "revise_round": 2}
[2026-05-20 15:29:14] CH1 data: {"text": "\u6bb5", "revise_round": 2}
[2026-05-20 15:29:14] CH1 data: {"text": "\uff0c", "revise_round": 2}
[2026-05-20 15:29:14] CH1 data: {"text": "\u624d", "revise_round": 2}
[2026-05-20 15:29:14] CH1 data: {"text": "\u542c", "revise_round": 2}
[2026-05-20 15:29:14] CH1 data: {"text": "\u89c1", "revise_round": 2}
[2026-05-20 15:29:14] CH1 data: {"text": "\u8fd9", "revise_round": 2}
[2026-05-20 15:29:14] CH1 data: {"text": "\u8fb9", "revise_round": 2}
[2026-05-20 15:29:14] CH1 data: {"text": "\u6709", "revise_round": 2}
[2026-05-20 15:29:14] CH1 data: {"text": "\u54cd", "revise_round": 2}
[2026-05-20 15:29:14] CH1 data: {"text": "\uff0c", "revise_round": 2}
[2026-05-20 15:29:14] CH1 data: {"text": "\u62d0", "revise_round": 2}
[2026-05-20 15:29:14] CH1 data: {"text": "\u8fc7", "revise_round": 2}
[2026-05-20 15:29:14] CH1 data: {"text": "\u6765\u7684", "revise_round": 2}
[2026-05-20 15:29:14] CH1 data: {"text": "\u65f6\u5019", "revise_round": 2}
[2026-05-20 15:29:14] CH1 data: {"text": "\uff0c", "revise_round": 2}
[2026-05-20 15:29:14] CH1 data: {"text": "\u706f", "revise_round": 2}
[2026-05-20 15:29:14] CH1 data: {"text": "\u5c31", "revise_round": 2}
[2026-05-20 15:29:14] CH1 data: {"text": "\u5df2\u7ecf", "revise_round": 2}
[2026-05-20 15:29:14] CH1 data: {"text": "\u4eae", "revise_round": 2}
[2026-05-20 15:29:15] CH1 data: {"text": "\u7740", "revise_round": 2}
[2026-05-20 15:29:15] CH1 data: {"text": "\u4e86", "revise_round": 2}
[2026-05-20 15:29:15] CH1 data: {"text": "\u3002\u201d\n\n", "revise_round": 2}
[2026-05-20 15:29:15] CH1 data: {"text": "\u201c", "revise_round": 2}
[2026-05-20 15:29:15] CH1 data: {"text": "\u54ea", "revise_round": 2}
[2026-05-20 15:29:15] CH1 data: {"text": "\u4e00", "revise_round": 2}
[2026-05-20 15:29:15] CH1 data: {"text": "\u6bb5", "revise_round": 2}
[2026-05-20 15:29:15] CH1 data: {"text": "\uff1f\u201d", "revise_round": 2}
[2026-05-20 15:29:15] CH1 data: {"text": "\u6c88", "revise_round": 2}
[2026-05-20 15:29:15] CH1 data: {"text": "\u7167", "revise_round": 2}
[2026-05-20 15:29:15] CH1 data: {"text": "\u95ee", "revise_round": 2}
[2026-05-20 15:29:15] CH1 data: {"text": "\u3002\n\n", "revise_round": 2}
[2026-05-20 15:29:15] CH1 data: {"text": "\u201c", "revise_round": 2}
[2026-05-20 15:29:15] CH1 data: {"text": "\u5317", "revise_round": 2}
[2026-05-20 15:29:15] CH1 data: {"text": "\u6e20", "revise_round": 2}
[2026-05-20 15:29:15] CH1 data: {"text": "\u53e3", "revise_round": 2}
[2026-05-20 15:29:15] CH1 data: {"text": "\u524d", "revise_round": 2}
[2026-05-20 15:29:15] CH1 data: {"text": "\u7b2c\u4e09", "revise_round": 2}
[2026-05-20 15:29:15] CH1 data: {"text": "\u6886", "revise_round": 2}
[2026-05-20 15:29:15] CH1 data: {"text": "\u3002\u201d", "revise_round": 2}
[2026-05-20 15:29:15] CH1 data: {"text": "\u66f4", "revise_round": 2}
[2026-05-20 15:29:15] CH1 data: {"text": "\u592b", "revise_round": 2}
[2026-05-20 15:29:15] CH1 data: {"text": "\u5598", "revise_round": 2}
[2026-05-20 15:29:15] CH1 data: {"text": "\u7740", "revise_round": 2}
[2026-05-20 15:29:15] CH1 data: {"text": "\u6c14", "revise_round": 2}
[2026-05-20 15:29:15] CH1 data: {"text": "\uff0c\u201c", "revise_round": 2}
[2026-05-20 15:29:15] CH1 data: {"text": "\u6211", "revise_round": 2}
[2026-05-20 15:29:15] CH1 data: {"text": "\u6ca1", "revise_round": 2}
[2026-05-20 15:29:15] CH1 data: {"text": "\u8fdb", "revise_round": 2}
[2026-05-20 15:29:15] CH1 data: {"text": "\u6765", "revise_round": 2}
[2026-05-20 15:29:15] CH1 data: {"text": "\uff0c", "revise_round": 2}
[2026-05-20 15:29:15] CH1 data: {"text": "\u771f", "revise_round": 2}
[2026-05-20 15:29:15] CH1 data: {"text": "\u6ca1", "revise_round": 2}
[2026-05-20 15:29:15] CH1 data: {"text": "\u8fdb", "revise_round": 2}
[2026-05-20 15:29:15] CH1 data: {"text": "\u6765", "revise_round": 2}
[2026-05-20 15:29:15] CH1 data: {"text": "\u3002\u201d\n\n", "revise_round": 2}
[2026-05-20 15:29:15] CH1 data: {"text": "\u201c", "revise_round": 2}
[2026-05-20 15:29:15] CH1 data: {"text": "\u5148", "revise_round": 2}
[2026-05-20 15:29:15] CH1 data: {"text": "\u522b", "revise_round": 2}
[2026-05-20 15:29:15] CH1 data: {"text": "\u6025", "revise_round": 2}
[2026-05-20 15:29:15] CH1 data: {"text": "\u7740", "revise_round": 2}
[2026-05-20 15:29:15] CH1 data: {"text": "\u8fa9", "revise_round": 2}
[2026-05-20 15:29:15] CH1 data: {"text": "\u3002\u201d", "revise_round": 2}
[2026-05-20 15:29:15] CH1 data: {"text": "\u6c88", "revise_round": 2}
[2026-05-20 15:29:15] CH1 data: {"text": "\u7167", "revise_round": 2}
[2026-05-20 15:29:15] CH1 data: {"text": "\u770b", "revise_round": 2}
[2026-05-20 15:29:15] CH1 data: {"text": "\u4e86", "revise_round": 2}
[2026-05-20 15:29:15] CH1 data: {"text": "\u4ed6", "revise_round": 2}
[2026-05-20 15:29:15] CH1 data: {"text": "\u4e00", "revise_round": 2}
[2026-05-20 15:29:15] CH1 data: {"text": "\u773c", "revise_round": 2}
[2026-05-20 15:29:15] CH1 data: {"text": "\uff0c\u201c", "revise_round": 2}
[2026-05-20 15:29:16] CH1 data: {"text": "\u4f60", "revise_round": 2}
[2026-05-20 15:29:16] CH1 data: {"text": "\u7ad9", "revise_round": 2}
[2026-05-20 15:29:16] CH1 data: {"text": "\u4f4f", "revise_round": 2}
[2026-05-20 15:29:16] CH1 data: {"text": "\uff0c", "revise_round": 2}
[2026-05-20 15:29:16] CH1 data: {"text": "\u7b49", "revise_round": 2}
[2026-05-20 15:29:16] CH1 data: {"text": "\u95ee", "revise_round": 2}
[2026-05-20 15:29:16] CH1 data: {"text": "\u3002\u201d\n\n", "revise_round": 2}
[2026-05-20 15:29:16] CH1 data: {"text": "\u66f4", "revise_round": 2}
[2026-05-20 15:29:16] CH1 data: {"text": "\u592b", "revise_round": 2}
[2026-05-20 15:29:16] CH1 data: {"text": "\u628a", "revise_round": 2}
[2026-05-20 15:29:16] CH1 data: {"text": "\u8bdd", "revise_round": 2}
[2026-05-20 15:29:16] CH1 data: {"text": "\u54bd", "revise_round": 2}
[2026-05-20 15:29:16] CH1 data: {"text": "\u56de", "revise_round": 2}
[2026-05-20 15:29:16] CH1 data: {"text": "\u53bb", "revise_round": 2}
[2026-05-20 15:29:16] CH1 data: {"text": "\uff0c", "revise_round": 2}
[2026-05-20 15:29:16] CH1 data: {"text": "\u80a9", "revise_round": 2}
[2026-05-20 15:29:16] CH1 data: {"text": "\u8180", "revise_round": 2}
[2026-05-20 15:29:16] CH1 data: {"text": "\u7f29", "revise_round": 2}
[2026-05-20 15:29:16] CH1 data: {"text": "\u4e86", "revise_round": 2}
[2026-05-20 15:29:16] CH1 data: {"text": "\u7f29", "revise_round": 2}
[2026-05-20 15:29:16] CH1 data: {"text": "\uff0c", "revise_round": 2}
[2026-05-20 15:29:16] CH1 data: {"text": "\u8fd8\u662f", "revise_round": 2}
[2026-05-20 15:29:16] CH1 data: {"text": "\u9489", "revise_round": 2}
[2026-05-20 15:29:16] CH1 data: {"text": "\u5728", "revise_round": 2}
[2026-05-20 15:29:16] CH1 data: {"text": "\u539f", "revise_round": 2}
[2026-05-20 15:29:16] CH1 data: {"text": "\u5730", "revise_round": 2}
[2026-05-20 15:29:16] CH1 data: {"text": "\u4e0d", "revise_round": 2}
[2026-05-20 15:29:16] CH1 data: {"text": "\u52a8", "revise_round": 2}
[2026-05-20 15:29:16] CH1 data: {"text": "\u4e86", "revise_round": 2}
[2026-05-20 15:29:16] CH1 data: {"text": "\u3002\n\n", "revise_round": 2}
[2026-05-20 15:29:16] CH1 data: {"text": "\u6c88", "revise_round": 2}
[2026-05-20 15:29:16] CH1 data: {"text": "\u7167", "revise_round": 2}
[2026-05-20 15:29:16] CH1 data: {"text": "\u91cd\u65b0", "revise_round": 2}
[2026-05-20 15:29:16] CH1 data: {"text": "\u770b", "revise_round": 2}
[2026-05-20 15:29:16] CH1 data: {"text": "\u5411", "revise_round": 2}
[2026-05-20 15:29:16] CH1 data: {"text": "\u90a3", "revise_round": 2}
[2026-05-20 15:29:16] CH1 data: {"text": "\u53ea", "revise_round": 2}
[2026-05-20 15:29:16] CH1 data: {"text": "\u638c", "revise_round": 2}
[2026-05-20 15:29:16] CH1 data: {"text": "\u3002", "revise_round": 2}
[2026-05-20 15:29:16] CH1 data: {"text": "\u96e8", "revise_round": 2}
[2026-05-20 15:29:16] CH1 data: {"text": "\u8fd8", "revise_round": 2}
[2026-05-20 15:29:16] CH1 data: {"text": "\u5728", "revise_round": 2}
[2026-05-20 15:29:16] CH1 data: {"text": "\u4e0b", "revise_round": 2}
[2026-05-20 15:29:16] CH1 data: {"text": "\uff0c", "revise_round": 2}
[2026-05-20 15:29:16] CH1 data: {"text": "\u7070", "revise_round": 2}
[2026-05-20 15:29:16] CH1 data: {"text": "\u75d5", "revise_round": 2}
[2026-05-20 15:29:16] CH1 data: {"text": "\u8fb9", "revise_round": 2}
[2026-05-20 15:29:16] CH1 data: {"text": "\u6cbf", "revise_round": 2}
[2026-05-20 15:29:16] CH1 data: {"text": "\u4e00\u70b9", "revise_round": 2}
[2026-05-20 15:29:16] CH1 data: {"text": "\u70b9", "revise_round": 2}
[2026-05-20 15:29:16] CH1 data: {"text": "\u5f80", "revise_round": 2}
[2026-05-20 15:29:16] CH1 data: {"text": "\u5916", "revise_round": 2}
[2026-05-20 15:29:16] CH1 data: {"text": "\u6de1", "revise_round": 2}
[2026-05-20 15:29:17] CH1 data: {"text": "\u3002", "revise_round": 2}
[2026-05-20 15:29:17] CH1 data: {"text": "\u521a", "revise_round": 2}
[2026-05-20 15:29:17] CH1 data: {"text": "\u624d", "revise_round": 2}
[2026-05-20 15:29:17] CH1 data: {"text": "\u90a3", "revise_round": 2}
[2026-05-20 15:29:17] CH1 data: {"text": "\u534a", "revise_round": 2}
[2026-05-20 15:29:17] CH1 data: {"text": "\u5bf8", "revise_round": 2}
[2026-05-20 15:29:17] CH1 data: {"text": "\uff0c", "revise_round": 2}
[2026-05-20 15:29:17] CH1 data: {"text": "\u5df2\u7ecf", "revise_round": 2}
[2026-05-20 15:29:17] CH1 data: {"text": "\u591f", "revise_round": 2}
[2026-05-20 15:29:17] CH1 data: {"text": "\u4e86", "revise_round": 2}
[2026-05-20 15:29:17] CH1 data: {"text": "\u3002", "revise_round": 2}
[2026-05-20 15:29:17] CH1 data: {"text": "\u56de", "revise_round": 2}
[2026-05-20 15:29:17] CH1 data: {"text": "\u7167", "revise_round": 2}
[2026-05-20 15:29:17] CH1 data: {"text": "\u5370", "revise_round": 2}
[2026-05-20 15:29:17] CH1 data: {"text": "\u8fdb", "revise_round": 2}
[2026-05-20 15:29:17] CH1 data: {"text": "\u4e86", "revise_round": 2}
[2026-05-20 15:29:17] CH1 data: {"text": "\u4ed6\u7684", "revise_round": 2}
[2026-05-20 15:29:17] CH1 data: {"text": "\u773c", "revise_round": 2}
[2026-05-20 15:29:17] CH1 data: {"text": "\u91cc", "revise_round": 2}
[2026-05-20 15:29:17] CH1 data: {"text": "\uff0c", "revise_round": 2}
[2026-05-20 15:29:17] CH1 data: {"text": "\u8fdb", "revise_round": 2}
[2026-05-20 15:29:17] CH1 data: {"text": "\u4e0d\u4e86", "revise_round": 2}
[2026-05-20 15:29:17] CH1 data: {"text": "\u516c", "revise_round": 2}
[2026-05-20 15:29:17] CH1 data: {"text": "\u5802", "revise_round": 2}
[2026-05-20 15:29:17] CH1 data: {"text": "\u7684", "revise_round": 2}
[2026-05-20 15:29:17] CH1 data: {"text": "\u5634", "revise_round": 2}
[2026-05-20 15:29:17] CH1 data: {"text": "\u91cc", "revise_round": 2}
[2026-05-20 15:29:17] CH1 data: {"text": "\u3002\n\n", "revise_round": 2}
[2026-05-20 15:29:17] CH1 data: {"text": "\u8fd9", "revise_round": 2}
[2026-05-20 15:29:17] CH1 data: {"text": "\u6761", "revise_round": 2}
[2026-05-20 15:29:17] CH1 data: {"text": "\u7ebf", "revise_round": 2}
[2026-05-20 15:29:17] CH1 data: {"text": "\uff0c", "revise_round": 2}
[2026-05-20 15:29:17] CH1 data: {"text": "\u80fd", "revise_round": 2}
[2026-05-20 15:29:17] CH1 data: {"text": "\u628a", "revise_round": 2}
[2026-05-20 15:29:17] CH1 data: {"text": "\u6848", "revise_round": 2}
[2026-05-20 15:29:17] CH1 data: {"text": "\u5b50", "revise_round": 2}
[2026-05-20 15:29:17] CH1 data: {"text": "\u4ece", "revise_round": 2}
[2026-05-20 15:29:17] CH1 data: {"text": "\u5996", "revise_round": 2}
[2026-05-20 15:29:17] CH1 data: {"text": "\u5b57", "revise_round": 2}
[2026-05-20 15:29:17] CH1 data: {"text": "\u4e0a", "revise_round": 2}
[2026-05-20 15:29:17] CH1 data: {"text": "\u62d6", "revise_round": 2}
[2026-05-20 15:29:17] CH1 data: {"text": "\u4e0b\u6765", "revise_round": 2}
[2026-05-20 15:29:17] CH1 data: {"text": "\u3002", "revise_round": 2}
[2026-05-20 15:29:17] CH1 data: {"text": "\u4e5f", "revise_round": 2}
[2026-05-20 15:29:17] CH1 data: {"text": "\u53ea", "revise_round": 2}
[2026-05-20 15:29:17] CH1 data: {"text": "\u591f", "revise_round": 2}
[2026-05-20 15:29:17] CH1 data: {"text": "\u62d6", "revise_round": 2}
[2026-05-20 15:29:17] CH1 data: {"text": "\u4e0b\u6765", "revise_round": 2}
[2026-05-20 15:29:17] CH1 data: {"text": "\u3002\n\n", "revise_round": 2}
[2026-05-20 15:29:17] CH1 data: {"text": "\u662f\u8c01", "revise_round": 2}
[2026-05-20 15:29:17] CH1 data: {"text": "\u538b", "revise_round": 2}
[2026-05-20 15:29:17] CH1 data: {"text": "\u7684", "revise_round": 2}
[2026-05-20 15:29:17] CH1 data: {"text": "\u5370", "revise_round": 2}
[2026-05-20 15:29:17] CH1 data: {"text": "\uff0c", "revise_round": 2}
[2026-05-20 15:29:18] CH1 data: {"text": "\u8c01", "revise_round": 2}
[2026-05-20 15:29:18] CH1 data: {"text": "\u4eff", "revise_round": 2}
[2026-05-20 15:29:18] CH1 data: {"text": "\u7684", "revise_round": 2}
[2026-05-20 15:29:18] CH1 data: {"text": "\u5370", "revise_round": 2}
[2026-05-20 15:29:18] CH1 data: {"text": "\uff0c", "revise_round": 2}
[2026-05-20 15:29:18] CH1 data: {"text": "\u8c01", "revise_round": 2}
[2026-05-20 15:29:18] CH1 data: {"text": "\u62ff", "revise_round": 2}
[2026-05-20 15:29:18] CH1 data: {"text": "\u7740", "revise_round": 2}
[2026-05-20 15:29:18] CH1 data: {"text": "\u65e7", "revise_round": 2}
[2026-05-20 15:29:18] CH1 data: {"text": "\u706f", "revise_round": 2}
[2026-05-20 15:29:18] CH1 data: {"text": "\u94fa", "revise_round": 2}
[2026-05-20 15:29:18] CH1 data: {"text": "\u7684", "revise_round": 2}
[2026-05-20 15:29:18] CH1 data: {"text": "\u624b", "revise_round": 2}
[2026-05-20 15:29:18] CH1 data: {"text": "\u6cd5", "revise_round": 2}
[2026-05-20 15:29:18] CH1 data: {"text": "\u6765", "revise_round": 2}
[2026-05-20 15:29:18] CH1 data: {"text": "\u6446", "revise_round": 2}
[2026-05-20 15:29:18] CH1 data: {"text": "\u5c38", "revise_round": 2}
[2026-05-20 15:29:18] CH1 data: {"text": "\uff0c", "revise_round": 2}
[2026-05-20 15:29:18] CH1 data: {"text": "\u773c", "revise_round": 2}
[2026-05-20 15:29:18] CH1 data: {"text": "\u4e0b", "revise_round": 2}
[2026-05-20 15:29:18] CH1 data: {"text": "\u90fd", "revise_round": 2}
[2026-05-20 15:29:18] CH1 data: {"text": "\u8fd8", "revise_round": 2}
[2026-05-20 15:29:18] CH1 data: {"text": "\u5206", "revise_round": 2}
[2026-05-20 15:29:18] CH1 data: {"text": "\u4e0d", "revise_round": 2}
[2026-05-20 15:29:18] CH1 data: {"text": "\u6e05", "revise_round": 2}
[2026-05-20 15:29:18] CH1 data: {"text": "\u3002", "revise_round": 2}
[2026-05-20 15:29:18] CH1 data: {"text": "\u8981", "revise_round": 2}
[2026-05-20 15:29:18] CH1 data: {"text": "\u518d", "revise_round": 2}
[2026-05-20 15:29:18] CH1 data: {"text": "\u5f80", "revise_round": 2}
[2026-05-20 15:29:18] CH1 data: {"text": "\u524d", "revise_round": 2}
[2026-05-20 15:29:18] CH1 data: {"text": "\uff0c\u5c31", "revise_round": 2}
[2026-05-20 15:29:18] CH1 data: {"text": "\u5f97", "revise_round": 2}
[2026-05-20 15:29:18] CH1 data: {"text": "\u53bb", "revise_round": 2}
[2026-05-20 15:29:18] CH1 data: {"text": "\u8ffd", "revise_round": 2}
[2026-05-20 15:29:18] CH1 data: {"text": "\u9b42", "revise_round": 2}
[2026-05-20 15:29:18] CH1 data: {"text": "\u706f", "revise_round": 2}
[2026-05-20 15:29:18] CH1 data: {"text": "\u4ece", "revise_round": 2}
[2026-05-20 15:29:18] CH1 data: {"text": "\u54ea", "revise_round": 2}
[2026-05-20 15:29:18] CH1 data: {"text": "\u6765", "revise_round": 2}
[2026-05-20 15:29:18] CH1 data: {"text": "\uff0c", "revise_round": 2}
[2026-05-20 15:29:18] CH1 data: {"text": "\u53bb", "revise_round": 2}
[2026-05-20 15:29:18] CH1 data: {"text": "\u67e5", "revise_round": 2}
[2026-05-20 15:29:18] CH1 data: {"text": "\u65e7", "revise_round": 2}
[2026-05-20 15:29:18] CH1 data: {"text": "\u706f", "revise_round": 2}
[2026-05-20 15:29:18] CH1 data: {"text": "\u94fa", "revise_round": 2}
[2026-05-20 15:29:18] CH1 data: {"text": "\u7684", "revise_round": 2}
[2026-05-20 15:29:18] CH1 data: {"text": "\u624b", "revise_round": 2}
[2026-05-20 15:29:18] CH1 data: {"text": "\u6cd5", "revise_round": 2}
[2026-05-20 15:29:18] CH1 data: {"text": "\u843d", "revise_round": 2}
[2026-05-20 15:29:18] CH1 data: {"text": "\u5728", "revise_round": 2}
[2026-05-20 15:29:18] CH1 data: {"text": "\u8c01", "revise_round": 2}
[2026-05-20 15:29:18] CH1 data: {"text": "\u624b", "revise_round": 2}
[2026-05-20 15:29:18] CH1 data: {"text": "\u91cc", "revise_round": 2}
[2026-05-20 15:29:18] CH1 data: {"text": "\u3002", "revise_round": 2}
[2026-05-20 15:29:18] CH1 data: {"text": "\u73b0", "revise_round": 2}
[2026-05-20 15:29:18] CH1 data: {"text": "\u4e0b", "revise_round": 2}
[2026-05-20 15:29:18] CH1 data: {"text": "\u8fd9\u4e9b", "revise_round": 2}
[2026-05-20 15:29:19] CH1 data: {"text": "\uff0c\u53ea", "revise_round": 2}
[2026-05-20 15:29:19] CH1 data: {"text": "\u80fd", "revise_round": 2}
[2026-05-20 15:29:19] CH1 data: {"text": "\u7b97", "revise_round": 2}
[2026-05-20 15:29:19] CH1 data: {"text": "\u4e00", "revise_round": 2}
[2026-05-20 15:29:19] CH1 data: {"text": "\u6839", "revise_round": 2}
[2026-05-20 15:29:19] CH1 data: {"text": "\u9489", "revise_round": 2}
[2026-05-20 15:29:19] CH1 data: {"text": "\u5b50", "revise_round": 2}
[2026-05-20 15:29:19] CH1 data: {"text": "\uff0c", "revise_round": 2}
[2026-05-20 15:29:19] CH1 data: {"text": "\u9489", "revise_round": 2}
[2026-05-20 15:29:19] CH1 data: {"text": "\u4f4f", "revise_round": 2}
[2026-05-20 15:29:19] CH1 data: {"text": "\u5b88", "revise_round": 2}
[2026-05-20 15:29:19] CH1 data: {"text": "\u5907", "revise_round": 2}
[2026-05-20 15:29:19] CH1 data: {"text": "\u8981", "revise_round": 2}
[2026-05-20 15:29:19] CH1 data: {"text": "\u7acb", "revise_round": 2}
[2026-05-20 15:29:19] CH1 data: {"text": "\u523b", "revise_round": 2}
[2026-05-20 15:29:19] CH1 data: {"text": "\u843d", "revise_round": 2}
[2026-05-20 15:29:19] CH1 data: {"text": "\u6848", "revise_round": 2}
[2026-05-20 15:29:19] CH1 data: {"text": "\u7684", "revise_round": 2}
[2026-05-20 15:29:19] CH1 data: {"text": "\u624b", "revise_round": 2}
[2026-05-20 15:29:19] CH1 data: {"text": "\u3002\n\n", "revise_round": 2}
[2026-05-20 15:29:19] CH1 data: {"text": "\u5df7", "revise_round": 2}
[2026-05-20 15:29:19] CH1 data: {"text": "\u53e3", "revise_round": 2}
[2026-05-20 15:29:19] CH1 data: {"text": "\u5916", "revise_round": 2}
[2026-05-20 15:29:19] CH1 data: {"text": "\u5ffd", "revise_round": 2}
[2026-05-20 15:29:19] CH1 data: {"text": "\u7136", "revise_round": 2}
[2026-05-20 15:29:19] CH1 data: {"text": "\u53c8", "revise_round": 2}
[2026-05-20 15:29:19] CH1 data: {"text": "\u8d77", "revise_round": 2}
[2026-05-20 15:29:19] CH1 data: {"text": "\u4e00", "revise_round": 2}
[2026-05-20 15:29:19] CH1 data: {"text": "\u9635", "revise_round": 2}
[2026-05-20 15:29:19] CH1 data: {"text": "\u94c3", "revise_round": 2}
[2026-05-20 15:29:19] CH1 data: {"text": "\u54cd", "revise_round": 2}
[2026-05-20 15:29:19] CH1 data: {"text": "\u3002", "revise_round": 2}
[2026-05-20 15:29:19] CH1 data: {"text": "\u5e74\u8f7b", "revise_round": 2}
[2026-05-20 15:29:19] CH1 data: {"text": "\u5de1", "revise_round": 2}
[2026-05-20 15:29:19] CH1 data: {"text": "\u5352", "revise_round": 2}
[2026-05-20 15:29:19] CH1 data: {"text": "\u5df2\u7ecf", "revise_round": 2}
[2026-05-20 15:29:19] CH1 data: {"text": "\u8dd1", "revise_round": 2}
[2026-05-20 15:29:19] CH1 data: {"text": "\u51fa", "revise_round": 2}
[2026-05-20 15:29:19] CH1 data: {"text": "\u51e0", "revise_round": 2}
[2026-05-20 15:29:19] CH1 data: {"text": "\u4e08", "revise_round": 2}
[2026-05-20 15:29:19] CH1 data: {"text": "\uff0c", "revise_round": 2}
[2026-05-20 15:29:19] CH1 data: {"text": "\u80cc", "revise_round": 2}
[2026-05-20 15:29:19] CH1 data: {"text": "\u5f71", "revise_round": 2}
[2026-05-20 15:29:19] CH1 data: {"text": "\u88ab", "revise_round": 2}
[2026-05-20 15:29:19] CH1 data: {"text": "\u96e8", "revise_round": 2}
[2026-05-20 15:29:19] CH1 data: {"text": "\u7ebf", "revise_round": 2}
[2026-05-20 15:29:19] CH1 data: {"text": "\u524a", "revise_round": 2}
[2026-05-20 15:29:19] CH1 data: {"text": "\u5f97", "revise_round": 2}
[2026-05-20 15:29:19] CH1 data: {"text": "\u5f88", "revise_round": 2}
[2026-05-20 15:29:19] CH1 data: {"text": "\u8584", "revise_round": 2}
[2026-05-20 15:29:19] CH1 data: {"text": "\u3002", "revise_round": 2}
[2026-05-20 15:29:19] CH1 data: {"text": "\u5317", "revise_round": 2}
[2026-05-20 15:29:20] CH1 data: {"text": "\u8857", "revise_round": 2}
[2026-05-20 15:29:20] CH1 data: {"text": "\u5c3d", "revise_round": 2}
[2026-05-20 15:29:20] CH1 data: {"text": "\u5934", "revise_round": 2}
[2026-05-20 15:29:20] CH1 data: {"text": "\uff0c", "revise_round": 2}
[2026-05-20 15:29:20] CH1 data: {"text": "\u51e0", "revise_round": 2}
[2026-05-20 15:29:20] CH1 data: {"text": "\u70b9", "revise_round": 2}
[2026-05-20 15:29:20] CH1 data: {"text": "\u7f69", "revise_round": 2}
[2026-05-20 15:29:20] CH1 data: {"text": "\u7740", "revise_round": 2}
[2026-05-20 15:29:20] CH1 data: {"text": "\u6cb9", "revise_round": 2}
[2026-05-20 15:29:20] CH1 data: {"text": "\u5e03", "revise_round": 2}
[2026-05-20 15:29:20] CH1 data: {"text": "\u7684", "revise_round": 2}
[2026-05-20 15:29:20] CH1 data: {"text": "\u9ec4", "revise_round": 2}
[2026-05-20 15:29:20] CH1 data: {"text": "\u706b", "revise_round": 2}
[2026-05-20 15:29:20] CH1 data: {"text": "\u6b63", "revise_round": 2}
[2026-05-20 15:29:20] CH1 data: {"text": "\u5f80", "revise_round": 2}
[2026-05-20 15:29:20] CH1 data: {"text": "\u8fd9", "revise_round": 2}
[2026-05-20 15:29:20] CH1 data: {"text": "\u8fb9", "revise_round": 2}
[2026-05-20 15:29:20] CH1 data: {"text": "\u538b", "revise_round": 2}
[2026-05-20 15:29:20] CH1 data: {"text": "\u6765", "revise_round": 2}
[2026-05-20 15:29:20] CH1 data: {"text": "\uff0c", "revise_round": 2}
[2026-05-20 15:29:20] CH1 data: {"text": "\u706f", "revise_round": 2}
[2026-05-20 15:29:20] CH1 data: {"text": "\u5f71", "revise_round": 2}
[2026-05-20 15:29:20] CH1 data: {"text": "\u4e00", "revise_round": 2}
[2026-05-20 15:29:20] CH1 data: {"text": "\u6643", "revise_round": 2}
[2026-05-20 15:29:20] CH1 data: {"text": "\u4e00", "revise_round": 2}
[2026-05-20 15:29:20] CH1 data: {"text": "\u6643", "revise_round": 2}
[2026-05-20 15:29:20] CH1 data: {"text": "\uff0c", "revise_round": 2}
[2026-05-20 15:29:20] CH1 data: {"text": "\u50cf", "revise_round": 2}
[2026-05-20 15:29:20] CH1 data: {"text": "\u5200", "revise_round": 2}
[2026-05-20 15:29:20] CH1 data: {"text": "\u80cc", "revise_round": 2}
[2026-05-20 15:29:20] CH1 data: {"text": "\u64e6", "revise_round": 2}
[2026-05-20 15:29:20] CH1 data: {"text": "\u7740", "revise_round": 2}
[2026-05-20 15:29:20] CH1 data: {"text": "\u6c34", "revise_round": 2}
[2026-05-20 15:29:20] CH1 data: {"text": "\u9762", "revise_round": 2}
[2026-05-20 15:29:20] CH1 data: {"text": "\u3002\n\n", "revise_round": 2}
[2026-05-20 15:29:20] CH1 data: {"text": "\u6c88", "revise_round": 2}
[2026-05-20 15:29:20] CH1 data: {"text": "\u7167", "revise_round": 2}
[2026-05-20 15:29:20] CH1 data: {"text": "\u76ef", "revise_round": 2}
[2026-05-20 15:29:20] CH1 data: {"text": "\u7740", "revise_round": 2}
[2026-05-20 15:29:20] CH1 data: {"text": "\u90a3", "revise_round": 2}
[2026-05-20 15:29:20] CH1 data: {"text": "\u70b9", "revise_round": 2}
[2026-05-20 15:29:20] CH1 data: {"text": "\u706b", "revise_round": 2}
[2026-05-20 15:29:20] CH1 data: {"text": "\uff0c", "revise_round": 2}
[2026-05-20 15:29:20] CH1 data: {"text": "\u6ca1", "revise_round": 2}
[2026-05-20 15:29:20] CH1 data: {"text": "\u518d", "revise_round": 2}
[2026-05-20 15:29:20] CH1 data: {"text": "\u8bf4", "revise_round": 2}
[2026-05-20 15:29:20] CH1 data: {"text": "\u8bdd", "revise_round": 2}
[2026-05-20 15:29:20] CH1 data: {"text": "\u3002\n\n", "revise_round": 2}
[2026-05-20 15:29:20] CH1 data: {"text": "\u62a5", "revise_round": 2}
[2026-05-20 15:29:20] CH1 data: {"text": "\u8baf", "revise_round": 2}
[2026-05-20 15:29:20] CH1 data: {"text": "\u7684\u8bdd", "revise_round": 2}
[2026-05-20 15:29:20] CH1 data: {"text": "\u4e0d\u80fd", "revise_round": 2}
[2026-05-20 15:29:20] CH1 data: {"text": "\u5199", "revise_round": 2}
[2026-05-20 15:29:21] CH1 data: {"text": "\u9519", "revise_round": 2}
[2026-05-20 15:29:21] CH1 data: {"text": "\u3002", "revise_round": 2}
[2026-05-20 15:29:21] CH1 data: {"text": "\u5199", "revise_round": 2}
[2026-05-20 15:29:21] CH1 data: {"text": "\u9519", "revise_round": 2}
[2026-05-20 15:29:21] CH1 data: {"text": "\u4e00\u4e2a", "revise_round": 2}
[2026-05-20 15:29:21] CH1 data: {"text": "\u5b57", "revise_round": 2}
[2026-05-20 15:29:21] CH1 data: {"text": "\uff0c", "revise_round": 2}
[2026-05-20 15:29:21] CH1 data: {"text": "\u5b88", "revise_round": 2}
[2026-05-20 15:29:21] CH1 data: {"text": "\u5907", "revise_round": 2}
[2026-05-20 15:29:21] CH1 data: {"text": "\u5c31", "revise_round": 2}
[2026-05-20 15:29:21] CH1 data: {"text": "\u80fd", "revise_round": 2}
[2026-05-20 15:29:21] CH1 data: {"text": "\u628a", "revise_round": 2}
[2026-05-20 15:29:21] CH1 data: {"text": "\u4ed6", "revise_round": 2}
[2026-05-20 15:29:21] CH1 data: {"text": "\u4e5f", "revise_round": 2}
[2026-05-20 15:29:21] CH1 data: {"text": "\u62f4", "revise_round": 2}
[2026-05-20 15:29:21] CH1 data: {"text": "\u8fdb\u53bb", "revise_round": 2}
[2026-05-20 15:29:21] CH1 data: {"text": "\u3002", "revise_round": 2}
[2026-05-20 15:29:21] CH1 data: {"text": "\n\n", "revise_round": 2}
[2026-05-20 15:30:34] CH1 data: {"text": "\u4e24", "revise_round": 2}
[2026-05-20 15:30:34] CH1 data: {"text": "\u523b", "revise_round": 2}
[2026-05-20 15:30:34] CH1 data: {"text": "\u96e8", "revise_round": 2}
[2026-05-20 15:30:34] CH1 data: {"text": "\u811a", "revise_round": 2}
[2026-05-20 15:30:34] CH1 data: {"text": "\u6ca1", "revise_round": 2}
[2026-05-20 15:30:34] CH1 data: {"text": "\u6b47", "revise_round": 2}
[2026-05-20 15:30:34] CH1 data: {"text": "\uff0c", "revise_round": 2}
[2026-05-20 15:30:34] CH1 data: {"text": "\u5317", "revise_round": 2}
[2026-05-20 15:30:34] CH1 data: {"text": "\u57ce", "revise_round": 2}
[2026-05-20 15:30:34] CH1 data: {"text": "\u4e3b", "revise_round": 2}
[2026-05-20 15:30:34] CH1 data: {"text": "\u8857", "revise_round": 2}
[2026-05-20 15:30:34] CH1 data: {"text": "\u5c3d", "revise_round": 2}
[2026-05-20 15:30:34] CH1 data: {"text": "\u5934", "revise_round": 2}
[2026-05-20 15:30:34] CH1 data: {"text": "\u5148", "revise_round": 2}
[2026-05-20 15:30:34] CH1 data: {"text": "\u538b", "revise_round": 2}
[2026-05-20 15:30:34] CH1 data: {"text": "\u6765", "revise_round": 2}
[2026-05-20 15:30:34] CH1 data: {"text": "\u4e09", "revise_round": 2}
[2026-05-20 15:30:34] CH1 data: {"text": "\u76cf", "revise_round": 2}
[2026-05-20 15:30:34] CH1 data: {"text": "\u7f69", "revise_round": 2}
[2026-05-20 15:30:34] CH1 data: {"text": "\u5e03", "revise_round": 2}
[2026-05-20 15:30:34] CH1 data: {"text": "\u5b98", "revise_round": 2}
[2026-05-20 15:30:34] CH1 data: {"text": "\u706f", "revise_round": 2}
[2026-05-20 15:30:34] CH1 data: {"text": "\u3002", "revise_round": 2}
[2026-05-20 15:30:34] CH1 data: {"text": "\u706f", "revise_round": 2}
[2026-05-20 15:30:34] CH1 data: {"text": "\u540e", "revise_round": 2}
[2026-05-20 15:30:34] CH1 data: {"text": "\u662f", "revise_round": 2}
[2026-05-20 15:30:34] CH1 data: {"text": "\u5dee", "revise_round": 2}
[2026-05-20 15:30:34] CH1 data: {"text": "\u5f79", "revise_round": 2}
[2026-05-20 15:30:34] CH1 data: {"text": "\uff0c", "revise_round": 2}
[2026-05-20 15:30:34] CH1 data: {"text": "\u62b1", "revise_round": 2}
[2026-05-20 15:30:34] CH1 data: {"text": "\u7740", "revise_round": 2}
[2026-05-20 15:30:34] CH1 data: {"text": "\u6f06", "revise_round": 2}
[2026-05-20 15:30:34] CH1 data: {"text": "\u76ae", "revise_round": 2}
[2026-05-20 15:30:34] CH1 data: {"text": "\u6848", "revise_round": 2}
[2026-05-20 15:30:34] CH1 data: {"text": "\u518c", "revise_round": 2}
[2026-05-20 15:30:34] CH1 data: {"text": "\u548c", "revise_round": 2}
[2026-05-20 15:30:34] CH1 data: {"text": "\u5c01", "revise_round": 2}
[2026-05-20 15:30:34] CH1 data: {"text": "\u6761", "revise_round": 2}
[2026-05-20 15:30:34] CH1 data: {"text": "\uff1b", "revise_round": 2}
[2026-05-20 15:30:34] CH1 data: {"text": "\u518d", "revise_round": 2}
[2026-05-20 15:30:34] CH1 data: {"text": "\u540e", "revise_round": 2}
[2026-05-20 15:30:34] CH1 data: {"text": "\u5934", "revise_round": 2}
[2026-05-20 15:30:34] CH1 data: {"text": "\uff0c", "revise_round": 2}
[2026-05-20 15:30:34] CH1 data: {"text": "\u4ef5", "revise_round": 2}
[2026-05-20 15:30:34] CH1 data: {"text": "\u4f5c", "revise_round": 2}
[2026-05-20 15:30:34] CH1 data: {"text": "\u630e", "revise_round": 2}
[2026-05-20 15:30:34] CH1 data: {"text": "\u7740", "revise_round": 2}
[2026-05-20 15:30:34] CH1 data: {"text": "\u9a8c", "revise_round": 2}
[2026-05-20 15:30:34] CH1 data: {"text": "\u5305", "revise_round": 2}
[2026-05-20 15:30:34] CH1 data: {"text": "\uff0c", "revise_round": 2}
[2026-05-20 15:30:34] CH1 data: {"text": "\u978b", "revise_round": 2}
[2026-05-20 15:30:34] CH1 data: {"text": "\u8fb9", "revise_round": 2}
[2026-05-20 15:30:34] CH1 data: {"text": "\u5168", "revise_round": 2}
[2026-05-20 15:30:34] CH1 data: {"text": "\u662f", "revise_round": 2}
[2026-05-20 15:30:34] CH1 data: {"text": "\u6ce5", "revise_round": 2}
[2026-05-20 15:30:34] CH1 data: {"text": "\uff1b", "revise_round": 2}
[2026-05-20 15:30:34] CH1 data: {"text": "\u5b88", "revise_round": 2}
[2026-05-20 15:30:34] CH1 data: {"text": "\u5907", "revise_round": 2}
[2026-05-20 15:30:34] CH1 data: {"text": "\u8d70", "revise_round": 2}
[2026-05-20 15:30:34] CH1 data: {"text": "\u5728", "revise_round": 2}
[2026-05-20 15:30:34] CH1 data: {"text": "\u6700\u540e", "revise_round": 2}
[2026-05-20 15:30:34] CH1 data: {"text": "\uff0c", "revise_round": 2}
[2026-05-20 15:30:34] CH1 data: {"text": "\u62ab", "revise_round": 2}
[2026-05-20 15:30:34] CH1 data: {"text": "\u6c34", "revise_round": 2}
[2026-05-20 15:30:35] CH1 data: {"text": "\u8fdb", "revise_round": 2}
[2026-05-20 15:30:35] CH1 data: {"text": "\u5df7", "revise_round": 2}
[2026-05-20 15:30:35] CH1 data: {"text": "\uff0c", "revise_round": 2}
[2026-05-20 15:30:35] CH1 data: {"text": "\u8eab", "revise_round": 2}
[2026-05-20 15:30:35] CH1 data: {"text": "\u4fa7", "revise_round": 2}
[2026-05-20 15:30:35] CH1 data: {"text": "\u8fd8", "revise_round": 2}
[2026-05-20 15:30:35] CH1 data: {"text": "\u8ddf", "revise_round": 2}
[2026-05-20 15:30:35] CH1 data: {"text": "\u7740", "revise_round": 2}
[2026-05-20 15:30:35] CH1 data: {"text": "\u4e00\u4e2a", "revise_round": 2}
[2026-05-20 15:30:35] CH1 data: {"text": "\u9ed1", "revise_round": 2}
[2026-05-20 15:30:35] CH1 data: {"text": "\u84d1", "revise_round": 2}
[2026-05-20 15:30:35] CH1 data: {"text": "\u7626", "revise_round": 2}
[2026-05-20 15:30:35] CH1 data: {"text": "\u6c49", "revise_round": 2}
[2026-05-20 15:30:35] CH1 data: {"text": "\u3002", "revise_round": 2}
[2026-05-20 15:30:35] CH1 data: {"text": "\u5e74\u8f7b", "revise_round": 2}
[2026-05-20 15:30:35] CH1 data: {"text": "\u5de1", "revise_round": 2}
[2026-05-20 15:30:35] CH1 data: {"text": "\u5352", "revise_round": 2}
[2026-05-20 15:30:35] CH1 data: {"text": "\u5598", "revise_round": 2}
[2026-05-20 15:30:35] CH1 data: {"text": "\u5f97", "revise_round": 2}
[2026-05-20 15:30:35] CH1 data: {"text": "\u80f8", "revise_round": 2}
[2026-05-20 15:30:35] CH1 data: {"text": "\u53e3", "revise_round": 2}
[2026-05-20 15:30:35] CH1 data: {"text": "\u8d77", "revise_round": 2}
[2026-05-20 15:30:35] CH1 data: {"text": "\u4f0f", "revise_round": 2}
[2026-05-20 15:30:35] CH1 data: {"text": "\uff0c", "revise_round": 2}
[2026-05-20 15:30:35] CH1 data: {"text": "\u663e", "revise_round": 2}
[2026-05-20 15:30:35] CH1 data: {"text": "\u662f", "revise_round": 2}
[2026-05-20 15:30:35] CH1 data: {"text": "\u4e00\u8def", "revise_round": 2}
[2026-05-20 15:30:35] CH1 data: {"text": "\u6ca1", "revise_round": 2}
[2026-05-20 15:30:35] CH1 data: {"text": "\u6562", "revise_round": 2}
[2026-05-20 15:30:35] CH1 data: {"text": "\u6162", "revise_round": 2}
[2026-05-20 15:30:35] CH1 data: {"text": "\u3002\n\n", "revise_round": 2}
[2026-05-20 15:30:35] CH1 data: {"text": "\u5df7", "revise_round": 2}
[2026-05-20 15:30:35] CH1 data: {"text": "\u53e3", "revise_round": 2}
[2026-05-20 15:30:35] CH1 data: {"text": "\u65e7", "revise_round": 2}
[2026-05-20 15:30:35] CH1 data: {"text": "\u7ef3", "revise_round": 2}
[2026-05-20 15:30:35] CH1 data: {"text": "\u5f88", "revise_round": 2}
[2026-05-20 15:30:35] CH1 data: {"text": "\u5feb", "revise_round": 2}
[2026-05-20 15:30:35] CH1 data: {"text": "\u88ab", "revise_round": 2}
[2026-05-20 15:30:35] CH1 data: {"text": "\u6362", "revise_round": 2}
[2026-05-20 15:30:35] CH1 data: {"text": "\u6210", "revise_round": 2}
[2026-05-20 15:30:35] CH1 data: {"text": "\u5b98", "revise_round": 2}
[2026-05-20 15:30:35] CH1 data: {"text": "\u7ef3", "revise_round": 2}
[2026-05-20 15:30:35] CH1 data: {"text": "\u3002", "revise_round": 2}
[2026-05-20 15:30:35] CH1 data: {"text": "\u4e24", "revise_round": 2}
[2026-05-20 15:30:35] CH1 data: {"text": "\u540d", "revise_round": 2}
[2026-05-20 15:30:35] CH1 data: {"text": "\u5dee", "revise_round": 2}
[2026-05-20 15:30:35] CH1 data: {"text": "\u5f79", "revise_round": 2}
[2026-05-20 15:30:35] CH1 data: {"text": "\u63a5", "revise_round": 2}
[2026-05-20 15:30:35] CH1 data: {"text": "\u624b", "revise_round": 2}
[2026-05-20 15:30:35] CH1 data: {"text": "\u56f4", "revise_round": 2}
[2026-05-20 15:30:36] CH1 data: {"text": "\u7ebf", "revise_round": 2}
[2026-05-20 15:30:36] CH1 data: {"text": "\uff0c\u4e00", "revise_round": 2}
[2026-05-20 15:30:36] CH1 data: {"text": "\u4eba", "revise_round": 2}
[2026-05-20 15:30:36] CH1 data: {"text": "\u5b88", "revise_round": 2}
[2026-05-20 15:30:36] CH1 data: {"text": "\u6a90", "revise_round": 2}
[2026-05-20 15:30:36] CH1 data: {"text": "\u4e0b", "revise_round": 2}
[2026-05-20 15:30:36] CH1 data: {"text": "\uff0c\u4e00", "revise_round": 2}
[2026-05-20 15:30:36] CH1 data: {"text": "\u4eba", "revise_round": 2}
[2026-05-20 15:30:36] CH1 data: {"text": "\u628a", "revise_round": 2}
[2026-05-20 15:30:36] CH1 data: {"text": "\u8001", "revise_round": 2}
[2026-05-20 15:30:36] CH1 data: {"text": "\u66f4", "revise_round": 2}
[2026-05-20 15:30:36] CH1 data: {"text": "\u592b", "revise_round": 2}
[2026-05-20 15:30:36] CH1 data: {"text": "\u62fd", "revise_round": 2}
[2026-05-20 15:30:36] CH1 data: {"text": "\u5230", "revise_round": 2}
[2026-05-20 15:30:36] CH1 data: {"text": "\u5899", "revise_round": 2}
[2026-05-20 15:30:36] CH1 data: {"text": "\u8fb9", "revise_round": 2}
[2026-05-20 15:30:36] CH1 data: {"text": "\uff0c", "revise_round": 2}
[2026-05-20 15:30:36] CH1 data: {"text": "\u5148", "revise_round": 2}
[2026-05-20 15:30:36] CH1 data: {"text": "\u6263", "revise_round": 2}
[2026-05-20 15:30:36] CH1 data: {"text": "\u4f4f", "revise_round": 2}
[2026-05-20 15:30:36] CH1 data: {"text": "\u624b", "revise_round": 2}
[2026-05-20 15:30:36] CH1 data: {"text": "\u8155", "revise_round": 2}
[2026-05-20 15:30:36] CH1 data: {"text": "\u3002", "revise_round": 2}
[2026-05-20 15:30:36] CH1 data: {"text": "\u5e9f", "revise_round": 2}
[2026-05-20 15:30:36] CH1 data: {"text": "\u706f", "revise_round": 2}
[2026-05-20 15:30:36] CH1 data: {"text": "\u94fa", "revise_round": 2}
[2026-05-20 15:30:36] CH1 data: {"text": "\u6a90", "revise_round": 2}
[2026-05-20 15:30:36] CH1 data: {"text": "\u53e3", "revise_round": 2}
[2026-05-20 15:30:36] CH1 data: {"text": "\u90a3", "revise_round": 2}
[2026-05-20 15:30:36] CH1 data: {"text": "\u76cf", "revise_round": 2}
[2026-05-20 15:30:36] CH1 data: {"text": "\u9b42", "revise_round": 2}
[2026-05-20 15:30:36] CH1 data: {"text": "\u706f", "revise_round": 2}
[2026-05-20 15:30:36] CH1 data: {"text": "\u8fd8", "revise_round": 2}
[2026-05-20 15:30:36] CH1 data: {"text": "\u5728", "revise_round": 2}
[2026-05-20 15:30:36] CH1 data: {"text": "\u70e7", "revise_round": 2}
[2026-05-20 15:30:36] CH1 data: {"text": "\uff0c", "revise_round": 2}
[2026-05-20 15:30:36] CH1 data: {"text": "\u7eb8", "revise_round": 2}
[2026-05-20 15:30:36] CH1 data: {"text": "\u9762", "revise_round": 2}
[2026-05-20 15:30:36] CH1 data: {"text": "\u88ab", "revise_round": 2}
[2026-05-20 15:30:36] CH1 data: {"text": "\u96e8", "revise_round": 2}
[2026-05-20 15:30:36] CH1 data: {"text": "\u6c14", "revise_round": 2}
[2026-05-20 15:30:36] CH1 data: {"text": "\u718f", "revise_round": 2}
[2026-05-20 15:30:36] CH1 data: {"text": "\u5f97", "revise_round": 2}
[2026-05-20 15:30:36] CH1 data: {"text": "\u53d1", "revise_round": 2}
[2026-05-20 15:30:36] CH1 data: {"text": "\u6697", "revise_round": 2}
[2026-05-20 15:30:36] CH1 data: {"text": "\uff0c", "revise_round": 2}
[2026-05-20 15:30:36] CH1 data: {"text": "\u5c38", "revise_round": 2}
[2026-05-20 15:30:36] CH1 data: {"text": "\u8eab", "revise_round": 2}
[2026-05-20 15:30:36] CH1 data: {"text": "\u4e5f", "revise_round": 2}
[2026-05-20 15:30:37] CH1 data: {"text": "\u8fd8", "revise_round": 2}
[2026-05-20 15:30:37] CH1 data: {"text": "\u8dea", "revise_round": 2}
[2026-05-20 15:30:37] CH1 data: {"text": "\u5728", "revise_round": 2}
[2026-05-20 15:30:37] CH1 data: {"text": "\u539f", "revise_round": 2}
[2026-05-20 15:30:37] CH1 data: {"text": "\u5904", "revise_round": 2}
[2026-05-20 15:30:37] CH1 data: {"text": "\uff0c", "revise_round": 2}
[2026-05-20 15:30:37] CH1 data: {"text": "\u819d", "revise_round": 2}
[2026-05-20 15:30:37] CH1 data: {"text": "\u524d", "revise_round": 2}
[2026-05-20 15:30:37] CH1 data: {"text": "\u79ef", "revise_round": 2}
[2026-05-20 15:30:37] CH1 data: {"text": "\u6c34", "revise_round": 2}
[2026-05-20 15:30:37] CH1 data: {"text": "\u4e00", "revise_round": 2}
[2026-05-20 15:30:37] CH1 data: {"text": "\u5708", "revise_round": 2}
[2026-05-20 15:30:37] CH1 data: {"text": "\u6ca1", "revise_round": 2}
[2026-05-20 15:30:37] CH1 data: {"text": "\u6563", "revise_round": 2}
[2026-05-20 15:30:37] CH1 data: {"text": "\u3002", "revise_round": 2}
[2026-05-20 15:30:37] CH1 data: {"text": "\u5e74", "revise_round": 2}
[2026-05-20 15:30:37] CH1 data: {"text": "\u957f", "revise_round": 2}
[2026-05-20 15:30:37] CH1 data: {"text": "\u5de1", "revise_round": 2}
[2026-05-20 15:30:37] CH1 data: {"text": "\u5352", "revise_round": 2}
[2026-05-20 15:30:37] CH1 data: {"text": "\u628a", "revise_round": 2}
[2026-05-20 15:30:37] CH1 data: {"text": "\u90a3", "revise_round": 2}
[2026-05-20 15:30:37] CH1 data: {"text": "\u5757", "revise_round": 2}
[2026-05-20 15:30:37] CH1 data: {"text": "\u5305", "revise_round": 2}
[2026-05-20 15:30:37] CH1 data: {"text": "\u8fc7", "revise_round": 2}
[2026-05-20 15:30:37] CH1 data: {"text": "\u5200", "revise_round": 2}
[2026-05-20 15:30:37] CH1 data: {"text": "\u9798", "revise_round": 2}
[2026-05-20 15:30:37] CH1 data: {"text": "\u5934", "revise_round": 2}
[2026-05-20 15:30:37] CH1 data: {"text": "\u7684", "revise_round": 2}
[2026-05-20 15:30:37] CH1 data: {"text": "\u6e7f", "revise_round": 2}
[2026-05-20 15:30:37] CH1 data: {"text": "\u7f20", "revise_round": 2}
[2026-05-20 15:30:37] CH1 data: {"text": "\u5e03", "revise_round": 2}
[2026-05-20 15:30:37] CH1 data: {"text": "\u53cc", "revise_round": 2}
[2026-05-20 15:30:37] CH1 data: {"text": "\u624b", "revise_round": 2}
[2026-05-20 15:30:37] CH1 data: {"text": "\u9012", "revise_round": 2}
[2026-05-20 15:30:37] CH1 data: {"text": "\u51fa", "revise_round": 2}
[2026-05-20 15:30:37] CH1 data: {"text": "\uff0c", "revise_round": 2}
[2026-05-20 15:30:37] CH1 data: {"text": "\u5dee", "revise_round": 2}
[2026-05-20 15:30:37] CH1 data: {"text": "\u5f79", "revise_round": 2}
[2026-05-20 15:30:37] CH1 data: {"text": "\u63a5", "revise_round": 2}
[2026-05-20 15:30:37] CH1 data: {"text": "\u4e86", "revise_round": 2}
[2026-05-20 15:30:37] CH1 data: {"text": "\uff0c", "revise_round": 2}
[2026-05-20 15:30:37] CH1 data: {"text": "\u8fde", "revise_round": 2}
[2026-05-20 15:30:37] CH1 data: {"text": "\u540c", "revise_round": 2}
[2026-05-20 15:30:37] CH1 data: {"text": "\u5c01", "revise_round": 2}
[2026-05-20 15:30:37] CH1 data: {"text": "\u6761", "revise_round": 2}
[2026-05-20 15:30:37] CH1 data: {"text": "\u4e00", "revise_round": 2}
[2026-05-20 15:30:37] CH1 data: {"text": "\u5e76", "revise_round": 2}
[2026-05-20 15:30:37] CH1 data: {"text": "\u653e", "revise_round": 2}
[2026-05-20 15:30:37] CH1 data: {"text": "\u5230", "revise_round": 2}
[2026-05-20 15:30:37] CH1 data: {"text": "\u8336", "revise_round": 2}
[2026-05-20 15:30:37] CH1 data: {"text": "\u68da", "revise_round": 2}
[2026-05-20 15:30:37] CH1 data: {"text": "\u4e0b", "revise_round": 2}
[2026-05-20 15:30:38] CH1 data: {"text": "\u7684", "revise_round": 2}
[2026-05-20 15:30:38] CH1 data: {"text": "\u957f", "revise_round": 2}
[2026-05-20 15:30:38] CH1 data: {"text": "\u51f3", "revise_round": 2}
[2026-05-20 15:30:38] CH1 data: {"text": "\u4e0a", "revise_round": 2}
[2026-05-20 15:30:38] CH1 data: {"text": "\u3002\n\n", "revise_round": 2}
[2026-05-20 15:30:38] CH1 data: {"text": "\u8336", "revise_round": 2}
[2026-05-20 15:30:38] CH1 data: {"text": "\u68da", "revise_round": 2}
[2026-05-20 15:30:38] CH1 data: {"text": "\u8349", "revise_round": 2}
[2026-05-20 15:30:38] CH1 data: {"text": "\u6a90", "revise_round": 2}
[2026-05-20 15:30:38] CH1 data: {"text": "\u6f0f", "revise_round": 2}
[2026-05-20 15:30:38] CH1 data: {"text": "\u6c34", "revise_round": 2}
[2026-05-20 15:30:38] CH1 data: {"text": "\uff0c", "revise_round": 2}
[2026-05-20 15:30:38] CH1 data: {"text": "\u6ef4", "revise_round": 2}
[2026-05-20 15:30:38] CH1 data: {"text": "\u7b54", "revise_round": 2}
[2026-05-20 15:30:38] CH1 data: {"text": "\u76f4", "revise_round": 2}
[2026-05-20 15:30:38] CH1 data: {"text": "\u843d", "revise_round": 2}
[2026-05-20 15:30:38] CH1 data: {"text": "\u3002", "revise_round": 2}
[2026-05-20 15:30:38] CH1 data: {"text": "\u638c", "revise_round": 2}
[2026-05-20 15:30:38] CH1 data: {"text": "\u518c", "revise_round": 2}
[2026-05-20 15:30:38] CH1 data: {"text": "\u5dee", "revise_round": 2}
[2026-05-20 15:30:38] CH1 data: {"text": "\u5f79", "revise_round": 2}
[2026-05-20 15:30:38] CH1 data: {"text": "\u5c31\u5728", "revise_round": 2}
[2026-05-20 15:30:38] CH1 data: {"text": "\u8fd9", "revise_round": 2}
[2026-05-20 15:30:38] CH1 data: {"text": "\u513f", "revise_round": 2}
[2026-05-20 15:30:38] CH1 data: {"text": "\u644a", "revise_round": 2}
[2026-05-20 15:30:38] CH1 data: {"text": "\u5f00", "revise_round": 2}
[2026-05-20 15:30:38] CH1 data: {"text": "\u6848", "revise_round": 2}
[2026-05-20 15:30:38] CH1 data: {"text": "\u518c", "revise_round": 2}
[2026-05-20 15:30:38] CH1 data: {"text": "\uff0c", "revise_round": 2}
[2026-05-20 15:30:38] CH1 data: {"text": "\u7b14", "revise_round": 2}
[2026-05-20 15:30:38] CH1 data: {"text": "\u5c16", "revise_round": 2}
[2026-05-20 15:30:38] CH1 data: {"text": "\u60ac", "revise_round": 2}
[2026-05-20 15:30:38] CH1 data: {"text": "\u7740", "revise_round": 2}
[2026-05-20 15:30:38] CH1 data: {"text": "\u3002", "revise_round": 2}
[2026-05-20 15:30:38] CH1 data: {"text": "\u5b88", "revise_round": 2}
[2026-05-20 15:30:38] CH1 data: {"text": "\u5907", "revise_round": 2}
[2026-05-20 15:30:38] CH1 data: {"text": "\u5148", "revise_round": 2}
[2026-05-20 15:30:38] CH1 data: {"text": "\u626b", "revise_round": 2}
[2026-05-20 15:30:38] CH1 data: {"text": "\u4e86\u4e00", "revise_round": 2}
[2026-05-20 15:30:38] CH1 data: {"text": "\u773c", "revise_round": 2}
[2026-05-20 15:30:38] CH1 data: {"text": "\u6a90", "revise_round": 2}
[2026-05-20 15:30:38] CH1 data: {"text": "\u4e0b", "revise_round": 2}
[2026-05-20 15:30:38] CH1 data: {"text": "\u7684", "revise_round": 2}
[2026-05-20 15:30:38] CH1 data: {"text": "\u706f", "revise_round": 2}
[2026-05-20 15:30:38] CH1 data: {"text": "\u548c", "revise_round": 2}
[2026-05-20 15:30:38] CH1 data: {"text": "\u5c38", "revise_round": 2}
[2026-05-20 15:30:38] CH1 data: {"text": "\uff0c", "revise_round": 2}
[2026-05-20 15:30:38] CH1 data: {"text": "\u4fbf", "revise_round": 2}
[2026-05-20 15:30:38] CH1 data: {"text": "\u51b7", "revise_round": 2}
[2026-05-20 15:30:38] CH1 data: {"text": "\u58f0", "revise_round": 2}
[2026-05-20 15:30:38] CH1 data: {"text": "\u9053", "revise_round": 2}
[2026-05-20 15:30:39] CH1 data: {"text": "\uff1a\u201c", "revise_round": 2}
[2026-05-20 15:30:39] CH1 data: {"text": "\u9b42", "revise_round": 2}
[2026-05-20 15:30:39] CH1 data: {"text": "\u706f", "revise_round": 2}
[2026-05-20 15:30:39] CH1 data: {"text": "\u3001", "revise_round": 2}
[2026-05-20 15:30:39] CH1 data: {"text": "\u7537", "revise_round": 2}
[2026-05-20 15:30:39] CH1 data: {"text": "\u5c38", "revise_round": 2}
[2026-05-20 15:30:39] CH1 data: {"text": "\u3001\u66f4", "revise_round": 2}
[2026-05-20 15:30:39] CH1 data: {"text": "\u592b", "revise_round": 2}
[2026-05-20 15:30:39] CH1 data: {"text": "\u5f53", "revise_round": 2}
[2026-05-20 15:30:39] CH1 data: {"text": "\u573a", "revise_round": 2}
[2026-05-20 15:30:39] CH1 data: {"text": "\uff0c\u90fd", "revise_round": 2}
[2026-05-20 15:30:39] CH1 data: {"text": "\u9f50", "revise_round": 2}
[2026-05-20 15:30:39] CH1 data: {"text": "\u4e86", "revise_round": 2}
[2026-05-20 15:30:39] CH1 data: {"text": "\u3002", "revise_round": 2}
[2026-05-20 15:30:39] CH1 data: {"text": "\u6b63", "revise_round": 2}
[2026-05-20 15:30:39] CH1 data: {"text": "\u518c", "revise_round": 2}
[2026-05-20 15:30:39] CH1 data: {"text": "\u5199", "revise_round": 2}
[2026-05-20 15:30:39] CH1 data: {"text": "\u5996", "revise_round": 2}
[2026-05-20 15:30:39] CH1 data: {"text": "\u795f", "revise_round": 2}
[2026-05-20 15:30:39] CH1 data: {"text": "\u4f5c", "revise_round": 2}
[2026-05-20 15:30:39] CH1 data: {"text": "\u4e71", "revise_round": 2}
[2026-05-20 15:30:39] CH1 data: {"text": "\uff0c\u66f4", "revise_round": 2}
[2026-05-20 15:30:39] CH1 data: {"text": "\u592b", "revise_round": 2}
[2026-05-20 15:30:39] CH1 data: {"text": "\u5148", "revise_round": 2}
[2026-05-20 15:30:39] CH1 data: {"text": "\u9501", "revise_round": 2}
[2026-05-20 15:30:39] CH1 data: {"text": "\u3002\u201d\n\n", "revise_round": 2}
[2026-05-20 15:30:39] CH1 data: {"text": "\u201c", "revise_round": 2}
[2026-05-20 15:30:39] CH1 data: {"text": "\u6162", "revise_round": 2}
[2026-05-20 15:30:39] CH1 data: {"text": "\u3002\u201d", "revise_round": 2}
[2026-05-20 15:30:39] CH1 data: {"text": "\u6c88", "revise_round": 2}
[2026-05-20 15:30:39] CH1 data: {"text": "\u7167", "revise_round": 2}
[2026-05-20 15:30:39] CH1 data: {"text": "\u7ad9", "revise_round": 2}
[2026-05-20 15:30:39] CH1 data: {"text": "\u5728", "revise_round": 2}
[2026-05-20 15:30:39] CH1 data: {"text": "\u68da", "revise_round": 2}
[2026-05-20 15:30:39] CH1 data: {"text": "\u5916", "revise_round": 2}
[2026-05-20 15:30:39] CH1 data: {"text": "\u534a", "revise_round": 2}
[2026-05-20 15:30:39] CH1 data: {"text": "\u6b65", "revise_round": 2}
[2026-05-20 15:30:39] CH1 data: {"text": "\uff0c", "revise_round": 2}
[2026-05-20 15:30:39] CH1 data: {"text": "\u96e8", "revise_round": 2}
[2026-05-20 15:30:39] CH1 data: {"text": "\u6c34", "revise_round": 2}
[2026-05-20 15:30:39] CH1 data: {"text": "\u987a", "revise_round": 2}
[2026-05-20 15:30:39] CH1 data: {"text": "\u7740", "revise_round": 2}
[2026-05-20 15:30:39] CH1 data: {"text": "\u4e0b", "revise_round": 2}
[2026-05-20 15:30:39] CH1 data: {"text": "\u988c", "revise_round": 2}
[2026-05-20 15:30:39] CH1 data: {"text": "\u5f80", "revise_round": 2}
[2026-05-20 15:30:39] CH1 data: {"text": "\u4e0b", "revise_round": 2}
[2026-05-20 15:30:39] CH1 data: {"text": "\u6dcc", "revise_round": 2}
[2026-05-20 15:30:39] CH1 data: {"text": "\uff0c\u201c", "revise_round": 2}
[2026-05-20 15:30:39] CH1 data: {"text": "\u5148", "revise_round": 2}
[2026-05-20 15:30:39] CH1 data: {"text": "\u628a", "revise_round": 2}
[2026-05-20 15:30:39] CH1 data: {"text": "\u6211", "revise_round": 2}
[2026-05-20 15:30:40] CH1 data: {"text": "\u52a8", "revise_round": 2}
[2026-05-20 15:30:40] CH1 data: {"text": "\u8fc7", "revise_round": 2}
[2026-05-20 15:30:40] CH1 data: {"text": "\u5c38", "revise_round": 2}
[2026-05-20 15:30:40] CH1 data: {"text": "\u624b", "revise_round": 2}
[2026-05-20 15:30:40] CH1 data: {"text": "\u5199", "revise_round": 2}
[2026-05-20 15:30:40] CH1 data: {"text": "\u8fdb\u53bb", "revise_round": 2}
[2026-05-20 15:30:40] CH1 data: {"text": "\u3002\u201d\n\n", "revise_round": 2}
[2026-05-20 15:30:40] CH1 data: {"text": "\u638c", "revise_round": 2}
[2026-05-20 15:30:40] CH1 data: {"text": "\u518c", "revise_round": 2}
[2026-05-20 15:30:40] CH1 data: {"text": "\u5dee", "revise_round": 2}
[2026-05-20 15:30:40] CH1 data: {"text": "\u5f79", "revise_round": 2}
[2026-05-20 15:30:40] CH1 data: {"text": "\u4e00", "revise_round": 2}
[2026-05-20 15:30:40] CH1 data: {"text": "\u6123", "revise_round": 2}
[2026-05-20 15:30:40] CH1 data: {"text": "\uff0c", "revise_round": 2}
[2026-05-20 15:30:40] CH1 data: {"text": "\u7b14", "revise_round": 2}
[2026-05-20 15:30:40] CH1 data: {"text": "\u90fd", "revise_round": 2}
[2026-05-20 15:30:40] CH1 data: {"text": "\u987f", "revise_round": 2}
[2026-05-20 15:30:40] CH1 data: {"text": "\u4f4f", "revise_round": 2}
[2026-05-20 15:30:40] CH1 data: {"text": "\u4e86", "revise_round": 2}
[2026-05-20 15:30:40] CH1 data: {"text": "\u3002\n\n", "revise_round": 2}
[2026-05-20 15:30:40] CH1 data: {"text": "\u6c88", "revise_round": 2}
[2026-05-20 15:30:40] CH1 data: {"text": "\u7167", "revise_round": 2}
[2026-05-20 15:30:40] CH1 data: {"text": "\u628a", "revise_round": 2}
[2026-05-20 15:30:40] CH1 data: {"text": "\u8170", "revise_round": 2}
[2026-05-20 15:30:40] CH1 data: {"text": "\u724c", "revise_round": 2}
[2026-05-20 15:30:40] CH1 data: {"text": "\u6309", "revise_round": 2}
[2026-05-20 15:30:40] CH1 data: {"text": "\u5728", "revise_round": 2}
[2026-05-20 15:30:40] CH1 data: {"text": "\u6848", "revise_round": 2}
[2026-05-20 15:30:40] CH1 data: {"text": "\u518c", "revise_round": 2}
[2026-05-20 15:30:40] CH1 data: {"text": "\u8fb9", "revise_round": 2}
[2026-05-20 15:30:40] CH1 data: {"text": "\uff0c", "revise_round": 2}
[2026-05-20 15:30:40] CH1 data: {"text": "\u58f0\u97f3", "revise_round": 2}
[2026-05-20 15:30:40] CH1 data: {"text": "\u4e0d", "revise_round": 2}
[2026-05-20 15:30:40] CH1 data: {"text": "\u9ad8", "revise_round": 2}
[2026-05-20 15:30:40] CH1 data: {"text": "\uff0c", "revise_round": 2}
[2026-05-20 15:30:40] CH1 data: {"text": "\u5b57", "revise_round": 2}
[2026-05-20 15:30:40] CH1 data: {"text": "\u5b57", "revise_round": 2}
[2026-05-20 15:30:40] CH1 data: {"text": "\u54ac", "revise_round": 2}
[2026-05-20 15:30:40] CH1 data: {"text": "\u5b9e", "revise_round": 2}
[2026-05-20 15:30:40] CH1 data: {"text": "\uff1a\u201c", "revise_round": 2}
[2026-05-20 15:30:40] CH1 data: {"text": "\u6211", "revise_round": 2}
[2026-05-20 15:30:40] CH1 data: {"text": "\u53ea", "revise_round": 2}
[2026-05-20 15:30:40] CH1 data: {"text": "\u52a8", "revise_round": 2}
[2026-05-20 15:30:40] CH1 data: {"text": "\u8fc7", "revise_round": 2}
[2026-05-20 15:30:40] CH1 data: {"text": "\u90a3", "revise_round": 2}
[2026-05-20 15:30:40] CH1 data: {"text": "\u53ea", "revise_round": 2}
[2026-05-20 15:30:40] CH1 data: {"text": "\u638c", "revise_round": 2}
[2026-05-20 15:30:40] CH1 data: {"text": "\u3002", "revise_round": 2}
[2026-05-20 15:30:40] CH1 data: {"text": "\u4e3a", "revise_round": 2}
[2026-05-20 15:30:40] CH1 data: {"text": "\u62a4", "revise_round": 2}
[2026-05-20 15:30:40] CH1 data: {"text": "\u7070", "revise_round": 2}
[2026-05-20 15:30:40] CH1 data: {"text": "\u3002", "revise_round": 2}
[2026-05-20 15:30:40] CH1 data: {"text": "\u672a", "revise_round": 2}
[2026-05-20 15:30:40] CH1 data: {"text": "\u79fb", "revise_round": 2}
[2026-05-20 15:30:40] CH1 data: {"text": "\u5c38", "revise_round": 2}
[2026-05-20 15:30:41] CH1 data: {"text": "\uff0c", "revise_round": 2}
[2026-05-20 15:30:41] CH1 data: {"text": "\u672a", "revise_round": 2}
[2026-05-20 15:30:41] CH1 data: {"text": "\u78b0", "revise_round": 2}
[2026-05-20 15:30:41] CH1 data: {"text": "\u706f", "revise_round": 2}
[2026-05-20 15:30:41] CH1 data: {"text": "\uff0c", "revise_round": 2}
[2026-05-20 15:30:41] CH1 data: {"text": "\u5916", "revise_round": 2}
[2026-05-20 15:30:41] CH1 data: {"text": "\u4eba", "revise_round": 2}
[2026-05-20 15:30:41] CH1 data: {"text": "\u672a", "revise_round": 2}
[2026-05-20 15:30:41] CH1 data: {"text": "\u5165", "revise_round": 2}
[2026-05-20 15:30:41] CH1 data: {"text": "\u7ebf", "revise_round": 2}
[2026-05-20 15:30:41] CH1 data: {"text": "\u3002", "revise_round": 2}
[2026-05-20 15:30:41] CH1 data: {"text": "\u5e74", "revise_round": 2}
[2026-05-20 15:30:41] CH1 data: {"text": "\u957f", "revise_round": 2}
[2026-05-20 15:30:41] CH1 data: {"text": "\u3001", "revise_round": 2}
[2026-05-20 15:30:41] CH1 data: {"text": "\u5e74\u8f7b", "revise_round": 2}
[2026-05-20 15:30:41] CH1 data: {"text": "\u4e24", "revise_round": 2}
[2026-05-20 15:30:41] CH1 data: {"text": "\u540d", "revise_round": 2}
[2026-05-20 15:30:41] CH1 data: {"text": "\u5de1", "revise_round": 2}
[2026-05-20 15:30:41] CH1 data: {"text": "\u5352", "revise_round": 2}
[2026-05-20 15:30:41] CH1 data: {"text": "\u90fd", "revise_round": 2}
[2026-05-20 15:30:41] CH1 data: {"text": "\u770b", "revise_round": 2}
[2026-05-20 15:30:41] CH1 data: {"text": "\u89c1", "revise_round": 2}
[2026-05-20 15:30:41] CH1 data: {"text": "\u4e86", "revise_round": 2}
[2026-05-20 15:30:41] CH1 data: {"text": "\uff0c", "revise_round": 2}
[2026-05-20 15:30:41] CH1 data: {"text": "\u7f20", "revise_round": 2}
[2026-05-20 15:30:41] CH1 data: {"text": "\u5e03", "revise_round": 2}
[2026-05-20 15:30:41] CH1 data: {"text": "\u4e5f", "revise_round": 2}
[2026-05-20 15:30:41] CH1 data: {"text": "\u5c01", "revise_round": 2}
[2026-05-20 15:30:41] CH1 data: {"text": "\u5728", "revise_round": 2}
[2026-05-20 15:30:41] CH1 data: {"text": "\u8fd9", "revise_round": 2}
[2026-05-20 15:30:41] CH1 data: {"text": "\u513f", "revise_round": 2}
[2026-05-20 15:30:41] CH1 data: {"text": "\u3002", "revise_round": 2}
[2026-05-20 15:30:41] CH1 data: {"text": "\u4f60", "revise_round": 2}
[2026-05-20 15:30:41] CH1 data: {"text": "\u82e5", "revise_round": 2}
[2026-05-20 15:30:41] CH1 data: {"text": "\u8981", "revise_round": 2}
[2026-05-20 15:30:41] CH1 data: {"text": "\u8bb0", "revise_round": 2}
[2026-05-20 15:30:41] CH1 data: {"text": "\uff0c\u5c31", "revise_round": 2}
[2026-05-20 15:30:41] CH1 data: {"text": "\u7167", "revise_round": 2}
[2026-05-20 15:30:41] CH1 data: {"text": "\u5b9e", "revise_round": 2}
[2026-05-20 15:30:41] CH1 data: {"text": "\u8bb0", "revise_round": 2}
[2026-05-20 15:30:41] CH1 data: {"text": "\u3002\u201d\n\n", "revise_round": 2}
[2026-05-20 15:30:41] CH1 data: {"text": "\u5b88", "revise_round": 2}
[2026-05-20 15:30:41] CH1 data: {"text": "\u5907", "revise_round": 2}
[2026-05-20 15:30:41] CH1 data: {"text": "\u76ef", "revise_round": 2}
[2026-05-20 15:30:41] CH1 data: {"text": "\u4f4f", "revise_round": 2}
[2026-05-20 15:30:41] CH1 data: {"text": "\u4ed6", "revise_round": 2}
[2026-05-20 15:30:41] CH1 data: {"text": "\uff1a\u201c", "revise_round": 2}
[2026-05-20 15:30:41] CH1 data: {"text": "\u4f60", "revise_round": 2}
[2026-05-20 15:30:41] CH1 data: {"text": "\u5012", "revise_round": 2}
[2026-05-20 15:30:41] CH1 data: {"text": "\u5148", "revise_round": 2}
[2026-05-20 15:30:41] CH1 data: {"text": "\u7ed9", "revise_round": 2}
[2026-05-20 15:30:41] CH1 data: {"text": "\u81ea\u5df1", "revise_round": 2}
[2026-05-20 15:30:41] CH1 data: {"text": "\u7559", "revise_round": 2}
[2026-05-20 15:30:42] CH1 data: {"text": "\u540e", "revise_round": 2}
[2026-05-20 15:30:42] CH1 data: {"text": "\u624b", "revise_round": 2}
[2026-05-20 15:30:42] CH1 data: {"text": "\u3002\u201d\n\n", "revise_round": 2}
[2026-05-20 15:30:42] CH1 data: {"text": "\u201c", "revise_round": 2}
[2026-05-20 15:30:42] CH1 data: {"text": "\u7559", "revise_round": 2}
[2026-05-20 15:30:42] CH1 data: {"text": "\u7684\u662f", "revise_round": 2}
[2026-05-20 15:30:42] CH1 data: {"text": "\u6848", "revise_round": 2}
[2026-05-20 15:30:42] CH1 data: {"text": "\u5e95", "revise_round": 2}
[2026-05-20 15:30:42] CH1 data: {"text": "\uff0c\u4e0d", "revise_round": 2}
[2026-05-20 15:30:42] CH1 data: {"text": "\u662f", "revise_round": 2}
[2026-05-20 15:30:42] CH1 data: {"text": "\u540e", "revise_round": 2}
[2026-05-20 15:30:42] CH1 data: {"text": "\u624b", "revise_round": 2}
[2026-05-20 15:30:42] CH1 data: {"text": "\u3002\u201d", "revise_round": 2}
[2026-05-20 15:30:42] CH1 data: {"text": "\u6c88", "revise_round": 2}
[2026-05-20 15:30:42] CH1 data: {"text": "\u7167", "revise_round": 2}
[2026-05-20 15:30:42] CH1 data: {"text": "\u8bf4", "revise_round": 2}
[2026-05-20 15:30:42] CH1 data: {"text": "\uff0c\u201c", "revise_round": 2}
[2026-05-20 15:30:42] CH1 data: {"text": "\u7701", "revise_round": 2}
[2026-05-20 15:30:42] CH1 data: {"text": "\u5f97", "revise_round": 2}
[2026-05-20 15:30:42] CH1 data: {"text": "\u56de", "revise_round": 2}
[2026-05-20 15:30:42] CH1 data: {"text": "\u5934", "revise_round": 2}
[2026-05-20 15:30:42] CH1 data: {"text": "\u6709\u4eba", "revise_round": 2}
[2026-05-20 15:30:42] CH1 data: {"text": "\u62ff", "revise_round": 2}
[2026-05-20 15:30:42] CH1 data: {"text": "\u2018", "revise_round": 2}
[2026-05-20 15:30:42] CH1 data: {"text": "\u9996", "revise_round": 2}
[2026-05-20 15:30:42] CH1 data: {"text": "\u89c1", "revise_round": 2}
[2026-05-20 15:30:42] CH1 data: {"text": "\u672a", "revise_round": 2}
[2026-05-20 15:30:42] CH1 data: {"text": "\u6270", "revise_round": 2}
[2026-05-20 15:30:42] CH1 data: {"text": "\u2019", "revise_round": 2}
[2026-05-20 15:30:42] CH1 data: {"text": "\u6765", "revise_round": 2}
[2026-05-20 15:30:42] CH1 data: {"text": "\u7ffb", "revise_round": 2}
[2026-05-20 15:30:42] CH1 data: {"text": "\u53e3", "revise_round": 2}
[2026-05-20 15:30:42] CH1 data: {"text": "\u4f9b", "revise_round": 2}
[2026-05-20 15:30:42] CH1 data: {"text": "\u3002\u201d\n\n", "revise_round": 2}
[2026-05-20 15:30:42] CH1 data: {"text": "\u9ed1", "revise_round": 2}
[2026-05-20 15:30:42] CH1 data: {"text": "\u84d1", "revise_round": 2}
[2026-05-20 15:30:42] CH1 data: {"text": "\u7626", "revise_round": 2}
[2026-05-20 15:30:42] CH1 data: {"text": "\u6c49", "revise_round": 2}
[2026-05-20 15:30:42] CH1 data: {"text": "\u7ad9", "revise_round": 2}
[2026-05-20 15:30:42] CH1 data: {"text": "\u5728", "revise_round": 2}
[2026-05-20 15:30:42] CH1 data: {"text": "\u5b88", "revise_round": 2}
[2026-05-20 15:30:42] CH1 data: {"text": "\u5907", "revise_round": 2}
[2026-05-20 15:30:42] CH1 data: {"text": "\u5de6", "revise_round": 2}
[2026-05-20 15:30:42] CH1 data: {"text": "\u540e", "revise_round": 2}
[2026-05-20 15:30:42] CH1 data: {"text": "\uff0c", "revise_round": 2}
[2026-05-20 15:30:42] CH1 data: {"text": "\u76ee", "revise_round": 2}
[2026-05-20 15:30:42] CH1 data: {"text": "\u5149", "revise_round": 2}
[2026-05-20 15:30:42] CH1 data: {"text": "\u5728", "revise_round": 2}
[2026-05-20 15:30:42] CH1 data: {"text": "\u90a3", "revise_round": 2}
[2026-05-20 15:30:42] CH1 data: {"text": "\u5757", "revise_round": 2}
[2026-05-20 15:30:42] CH1 data: {"text": "\u5c01", "revise_round": 2}
[2026-05-20 15:30:42] CH1 data: {"text": "\u597d\u7684", "revise_round": 2}
[2026-05-20 15:30:42] CH1 data: {"text": "\u7f20", "revise_round": 2}
[2026-05-20 15:30:43] CH1 data: {"text": "\u5e03", "revise_round": 2}
[2026-05-20 15:30:43] CH1 data: {"text": "\u6536", "revise_round": 2}
[2026-05-20 15:30:43] CH1 data: {"text": "\u53e3", "revise_round": 2}
[2026-05-20 15:30:43] CH1 data: {"text": "\u4e0a\u4e00", "revise_round": 2}
[2026-05-20 15:30:43] CH1 data: {"text": "\u843d", "revise_round": 2}
[2026-05-20 15:30:43] CH1 data: {"text": "\uff0c", "revise_round": 2}
[2026-05-20 15:30:43] CH1 data: {"text": "\u5ffd", "revise_round": 2}
[2026-05-20 15:30:43] CH1 data: {"text": "\u7136", "revise_round": 2}
[2026-05-20 15:30:43] CH1 data: {"text": "\u4f4e", "revise_round": 2}
[2026-05-20 15:30:43] CH1 data: {"text": "\u4f4e", "revise_round": 2}
[2026-05-20 15:30:43] CH1 data: {"text": "\u95ee", "revise_round": 2}
[2026-05-20 15:30:43] CH1 data: {"text": "\u4e86\u4e00", "revise_round": 2}
[2026-05-20 15:30:43] CH1 data: {"text": "\u53e5", "revise_round": 2}
[2026-05-20 15:30:43] CH1 data: {"text": "\uff1a\u201c", "revise_round": 2}
[2026-05-20 15:30:43] CH1 data: {"text": "\u4f60", "revise_round": 2}
[2026-05-20 15:30:43] CH1 data: {"text": "\u8ba4", "revise_round": 2}
[2026-05-20 15:30:43] CH1 data: {"text": "\u5f97", "revise_round": 2}
[2026-05-20 15:30:43] CH1 data: {"text": "\u65e7", "revise_round": 2}
[2026-05-20 15:30:43] CH1 data: {"text": "\u706f", "revise_round": 2}
[2026-05-20 15:30:43] CH1 data: {"text": "\u94fa", "revise_round": 2}
[2026-05-20 15:30:43] CH1 data: {"text": "\u7684", "revise_round": 2}
[2026-05-20 15:30:43] CH1 data: {"text": "\u89c4", "revise_round": 2}
[2026-05-20 15:30:43] CH1 data: {"text": "\u77e9", "revise_round": 2}
[2026-05-20 15:30:43] CH1 data: {"text": "\uff1f\u201d\n\n", "revise_round": 2}
[2026-05-20 15:30:43] CH1 data: {"text": "\u6c88", "revise_round": 2}
[2026-05-20 15:30:43] CH1 data: {"text": "\u7167", "revise_round": 2}
[2026-05-20 15:30:43] CH1 data: {"text": "\u6ca1", "revise_round": 2}
[2026-05-20 15:30:43] CH1 data: {"text": "\u63a5", "revise_round": 2}
[2026-05-20 15:30:43] CH1 data: {"text": "\u8fd9", "revise_round": 2}
[2026-05-20 15:30:43] CH1 data: {"text": "\u53e5", "revise_round": 2}
[2026-05-20 15:30:43] CH1 data: {"text": "\uff0c\u53ea", "revise_round": 2}
[2026-05-20 15:30:43] CH1 data: {"text": "\u62ac", "revise_round": 2}
[2026-05-20 15:30:43] CH1 data: {"text": "\u624b", "revise_round": 2}
[2026-05-20 15:30:43] CH1 data: {"text": "\u70b9", "revise_round": 2}
[2026-05-20 15:30:43] CH1 data: {"text": "\u5411", "revise_round": 2}
[2026-05-20 15:30:43] CH1 data: {"text": "\u6a90", "revise_round": 2}
[2026-05-20 15:30:43] CH1 data: {"text": "\u4e0b", "revise_round": 2}
[2026-05-20 15:30:43] CH1 data: {"text": "\u3002\n\n", "revise_round": 2}
[2026-05-20 15:30:43] CH1 data: {"text": "\u201c", "revise_round": 2}
[2026-05-20 15:30:43] CH1 data: {"text": "\u90a3", "revise_round": 2}
[2026-05-20 15:30:43] CH1 data: {"text": "\u5c31", "revise_round": 2}
[2026-05-20 15:30:43] CH1 data: {"text": "\u5148", "revise_round": 2}
[2026-05-20 15:30:43] CH1 data: {"text": "\u8bf4", "revise_round": 2}
[2026-05-20 15:30:43] CH1 data: {"text": "\u80fd", "revise_round": 2}
[2026-05-20 15:30:43] CH1 data: {"text": "\u5199", "revise_round": 2}
[2026-05-20 15:30:43] CH1 data: {"text": "\u8fdb", "revise_round": 2}
[2026-05-20 15:30:43] CH1 data: {"text": "\u6b63", "revise_round": 2}
[2026-05-20 15:30:43] CH1 data: {"text": "\u518c", "revise_round": 2}
[2026-05-20 15:30:43] CH1 data: {"text": "\u7684", "revise_round": 2}
[2026-05-20 15:30:43] CH1 data: {"text": "\u3002\u201d", "revise_round": 2}
[2026-05-20 15:30:43] CH1 data: {"text": "\u4ed6", "revise_round": 2}
[2026-05-20 15:30:43] CH1 data: {"text": "\u9053", "revise_round": 2}
[2026-05-20 15:30:43] CH1 data: {"text": "\uff0c\u201c", "revise_round": 2}
[2026-05-20 15:30:44] CH1 data: {"text": "\u7b2c\u4e00", "revise_round": 2}
[2026-05-20 15:30:44] CH1 data: {"text": "\uff0c", "revise_round": 2}
[2026-05-20 15:30:44] CH1 data: {"text": "\u706f", "revise_round": 2}
[2026-05-20 15:30:44] CH1 data: {"text": "\u4f4d", "revise_round": 2}
[2026-05-20 15:30:44] CH1 data: {"text": "\u4e0d", "revise_round": 2}
[2026-05-20 15:30:44] CH1 data: {"text": "\u5408", "revise_round": 2}
[2026-05-20 15:30:44] CH1 data: {"text": "\u793c", "revise_round": 2}
[2026-05-20 15:30:44] CH1 data: {"text": "\u3002", "revise_round": 2}
[2026-05-20 15:30:44] CH1 data: {"text": "\u9b42", "revise_round": 2}
[2026-05-20 15:30:44] CH1 data: {"text": "\u706f", "revise_round": 2}
[2026-05-20 15:30:44] CH1 data: {"text": "\u53ea", "revise_round": 2}
[2026-05-20 15:30:44] CH1 data: {"text": "\u7167", "revise_round": 2}
[2026-05-20 15:30:44] CH1 data: {"text": "\u5f15", "revise_round": 2}
[2026-05-20 15:30:44] CH1 data: {"text": "\u8def", "revise_round": 2}
[2026-05-20 15:30:44] CH1 data: {"text": "\uff0c\u4e0d", "revise_round": 2}
[2026-05-20 15:30:44] CH1 data: {"text": "\u51b2", "revise_round": 2}
[2026-05-20 15:30:44] CH1 data: {"text": "\u5c38", "revise_round": 2}
[2026-05-20 15:30:44] CH1 data: {"text": "\u8138", "revise_round": 2}
[2026-05-20 15:30:44] CH1 data: {"text": "\u3002", "revise_round": 2}
[2026-05-20 15:30:44] CH1 data: {"text": "\u5b83", "revise_round": 2}
[2026-05-20 15:30:44] CH1 data: {"text": "\u6302", "revise_round": 2}
[2026-05-20 15:30:44] CH1 data: {"text": "\u5728", "revise_round": 2}
[2026-05-20 15:30:44] CH1 data: {"text": "\u5e9f", "revise_round": 2}
[2026-05-20 15:30:44] CH1 data: {"text": "\u94fa", "revise_round": 2}
[2026-05-20 15:30:44] CH1 data: {"text": "\u6a90", "revise_round": 2}
[2026-05-20 15:30:44] CH1 data: {"text": "\u53e3", "revise_round": 2}
[2026-05-20 15:30:44] CH1 data: {"text": "\uff0c", "revise_round": 2}
[2026-05-20 15:30:44] CH1 data: {"text": "\u504f", "revise_round": 2}
[2026-05-20 15:30:44] CH1 data: {"text": "\u7167", "revise_round": 2}
[2026-05-20 15:30:44] CH1 data: {"text": "\u8fd9", "revise_round": 2}
[2026-05-20 15:30:44] CH1 data: {"text": "\u534a", "revise_round": 2}
[2026-05-20 15:30:44] CH1 data: {"text": "\u8fb9", "revise_round": 2}
[2026-05-20 15:30:44] CH1 data: {"text": "\u4eba", "revise_round": 2}
[2026-05-20 15:30:44] CH1 data: {"text": "\u3002", "revise_round": 2}
[2026-05-20 15:30:44] CH1 data: {"text": "\u53ea\u80fd", "revise_round": 2}
[2026-05-20 15:30:44] CH1 data: {"text": "\u8bf4\u660e", "revise_round": 2}
[2026-05-20 15:30:44] CH1 data: {"text": "\u8fd9", "revise_round": 2}
[2026-05-20 15:30:44] CH1 data: {"text": "\u706f", "revise_round": 2}
[2026-05-20 15:30:44] CH1 data: {"text": "\u6446", "revise_round": 2}
[2026-05-20 15:30:44] CH1 data: {"text": "\u5f97", "revise_round": 2}
[2026-05-20 15:30:44] CH1 data: {"text": "\u6709", "revise_round": 2}
[2026-05-20 15:30:44] CH1 data: {"text": "\u610f", "revise_round": 2}
[2026-05-20 15:30:44] CH1 data: {"text": "\uff0c", "revise_round": 2}
[2026-05-20 15:30:44] CH1 data: {"text": "\u4e0d\u80fd", "revise_round": 2}
[2026-05-20 15:30:44] CH1 data: {"text": "\u5355", "revise_round": 2}
[2026-05-20 15:30:44] CH1 data: {"text": "\u51ed", "revise_round": 2}
[2026-05-20 15:30:44] CH1 data: {"text": "\u5b83", "revise_round": 2}
[2026-05-20 15:30:44] CH1 data: {"text": "\u5148", "revise_round": 2}
[2026-05-20 15:30:44] CH1 data: {"text": "\u843d", "revise_round": 2}
[2026-05-20 15:30:44] CH1 data: {"text": "\u5996", "revise_round": 2}
[2026-05-20 15:30:44] CH1 data: {"text": "\u5b57", "revise_round": 2}
[2026-05-20 15:30:44] CH1 data: {"text": "\u3002\u201d\n\n", "revise_round": 2}
[2026-05-20 15:30:45] CH1 data: {"text": "\u6307", "revise_round": 2}
[2026-05-20 15:30:45] CH1 data: {"text": "\u5c16", "revise_round": 2}
[2026-05-20 15:30:45] CH1 data: {"text": "\u53c8", "revise_round": 2}
[2026-05-20 15:30:45] CH1 data: {"text": "\u8f6c", "revise_round": 2}
[2026-05-20 15:30:45] CH1 data: {"text": "\uff0c", "revise_round": 2}
[2026-05-20 15:30:45] CH1 data: {"text": "\u843d", "revise_round": 2}
[2026-05-20 15:30:45] CH1 data: {"text": "\u5230", "revise_round": 2}
[2026-05-20 15:30:45] CH1 data: {"text": "\u5c38", "revise_round": 2}
[2026-05-20 15:30:45] CH1 data: {"text": "\u8eab", "revise_round": 2}
[2026-05-20 15:30:45] CH1 data: {"text": "\u819d", "revise_round": 2}
[2026-05-20 15:30:45] CH1 data: {"text": "\u524d", "revise_round": 2}
[2026-05-20 15:30:45] CH1 data: {"text": "\u3002\n\n", "revise_round": 2}
[2026-05-20 15:30:45] CH1 data: {"text": "\u201c", "revise_round": 2}
[2026-05-20 15:30:45] CH1 data: {"text": "\u7b2c\u4e8c", "revise_round": 2}
[2026-05-20 15:30:45] CH1 data: {"text": "\uff0c\u4e24", "revise_round": 2}
[2026-05-20 15:30:45] CH1 data: {"text": "\u819d", "revise_round": 2}
[2026-05-20 15:30:45] CH1 data: {"text": "\u6536", "revise_round": 2}
[2026-05-20 15:30:45] CH1 data: {"text": "\u5f97", "revise_round": 2}
[2026-05-20 15:30:45] CH1 data: {"text": "\u592a", "revise_round": 2}
[2026-05-20 15:30:45] CH1 data: {"text": "\u9f50", "revise_round": 2}
[2026-05-20 15:30:45] CH1 data: {"text": "\uff0c", "revise_round": 2}
[2026-05-20 15:30:45] CH1 data: {"text": "\u8863", "revise_round": 2}
[2026-05-20 15:30:45] CH1 data: {"text": "\u6446", "revise_round": 2}
[2026-05-20 15:30:45] CH1 data: {"text": "\u4e5f", "revise_round": 2}
[2026-05-20 15:30:45] CH1 data: {"text": "\u6709\u4eba", "revise_round": 2}
[2026-05-20 15:30:45] CH1 data: {"text": "\u987a", "revise_round": 2}
[2026-05-20 15:30:45] CH1 data: {"text": "\u8fc7", "revise_round": 2}
[2026-05-20 15:30:45] CH1 data: {"text": "\u3002", "revise_round": 2}
[2026-05-20 15:30:45] CH1 data: {"text": "\u819d", "revise_round": 2}
[2026-05-20 15:30:45] CH1 data: {"text": "\u524d", "revise_round": 2}
[2026-05-20 15:30:45] CH1 data: {"text": "\u62d6", "revise_round": 2}
[2026-05-20 15:30:45] CH1 data: {"text": "\u6c34", "revise_round": 2}
[2026-05-20 15:30:45] CH1 data: {"text": "\u5230", "revise_round": 2}
[2026-05-20 15:30:45] CH1 data: {"text": "\u8fd9", "revise_round": 2}
[2026-05-20 15:30:45] CH1 data: {"text": "\u513f", "revise_round": 2}
[2026-05-20 15:30:45] CH1 data: {"text": "\u65ad", "revise_round": 2}
[2026-05-20 15:30:45] CH1 data: {"text": "\u4e86", "revise_round": 2}
[2026-05-20 15:30:45] CH1 data: {"text": "\uff0c", "revise_round": 2}
[2026-05-20 15:30:45] CH1 data: {"text": "\u80a9", "revise_round": 2}
[2026-05-20 15:30:45] CH1 data: {"text": "\u80cc", "revise_round": 2}
[2026-05-20 15:30:45] CH1 data: {"text": "\u5374", "revise_round": 2}
[2026-05-20 15:30:45] CH1 data: {"text": "\u7a33", "revise_round": 2}
[2026-05-20 15:30:45] CH1 data: {"text": "\u3002", "revise_round": 2}
[2026-05-20 15:30:45] CH1 data: {"text": "\u8fd9\u91cc", "revise_round": 2}
[2026-05-20 15:30:45] CH1 data: {"text": "\u5934", "revise_round": 2}
[2026-05-20 15:30:45] CH1 data: {"text": "\u81f3\u5c11", "revise_round": 2}
[2026-05-20 15:30:45] CH1 data: {"text": "\u6709", "revise_round": 2}
[2026-05-20 15:30:45] CH1 data: {"text": "\u6446", "revise_round": 2}
[2026-05-20 15:30:45] CH1 data: {"text": "\u5f04", "revise_round": 2}
[2026-05-20 15:30:45] CH1 data: {"text": "\u7684", "revise_round": 2}
[2026-05-20 15:30:45] CH1 data: {"text": "\u75d5", "revise_round": 2}
[2026-05-20 15:30:45] CH1 data: {"text": "\u8ff9", "revise_round": 2}
[2026-05-20 15:30:45] CH1 data: {"text": "\u3002", "revise_round": 2}
[2026-05-20 15:30:45] CH1 data: {"text": "\u662f", "revise_round": 2}
[2026-05-20 15:30:46] CH1 data: {"text": "\u6b7b", "revise_round": 2}
[2026-05-20 15:30:46] CH1 data: {"text": "\u524d", "revise_round": 2}
[2026-05-20 15:30:46] CH1 data: {"text": "\u662f", "revise_round": 2}
[2026-05-20 15:30:46] CH1 data: {"text": "\u6b7b", "revise_round": 2}
[2026-05-20 15:30:46] CH1 data: {"text": "\u540e", "revise_round": 2}
[2026-05-20 15:30:46] CH1 data: {"text": "\uff0c", "revise_round": 2}
[2026-05-20 15:30:46] CH1 data: {"text": "\u7b49", "revise_round": 2}
[2026-05-20 15:30:46] CH1 data: {"text": "\u4ef5", "revise_round": 2}
[2026-05-20 15:30:46] CH1 data: {"text": "\u4f5c", "revise_round": 2}
[2026-05-20 15:30:46] CH1 data: {"text": "\u9a8c", "revise_round": 2}
[2026-05-20 15:30:46] CH1 data: {"text": "\uff0c", "revise_round": 2}
[2026-05-20 15:30:46] CH1 data: {"text": "\u773c", "revise_round": 2}
[2026-05-20 15:30:46] CH1 data: {"text": "\u4e0b", "revise_round": 2}
[2026-05-20 15:30:46] CH1 data: {"text": "\u4e0d\u80fd", "revise_round": 2}
[2026-05-20 15:30:46] CH1 data: {"text": "\u62ff", "revise_round": 2}
[2026-05-20 15:30:46] CH1 data: {"text": "\u6765", "revise_round": 2}
[2026-05-20 15:30:46] CH1 data: {"text": "\u7ed9", "revise_round": 2}
[2026-05-20 15:30:46] CH1 data: {"text": "\u66f4", "revise_round": 2}
[2026-05-20 15:30:46] CH1 data: {"text": "\u592b", "revise_round": 2}
[2026-05-20 15:30:46] CH1 data: {"text": "\u5b9a", "revise_round": 2}
[2026-05-20 15:30:46] CH1 data: {"text": "\u6b7b", "revise_round": 2}
[2026-05-20 15:30:46] CH1 data: {"text": "\u3002\u201d\n\n", "revise_round": 2}
[2026-05-20 15:30:46] CH1 data: {"text": "\u6700\u540e", "revise_round": 2}
[2026-05-20 15:30:46] CH1 data: {"text": "\uff0c\u4ed6", "revise_round": 2}
[2026-05-20 15:30:46] CH1 data: {"text": "\u770b", "revise_round": 2}
[2026-05-20 15:30:46] CH1 data: {"text": "\u5411", "revise_round": 2}
[2026-05-20 15:30:46] CH1 data: {"text": "\u8001", "revise_round": 2}
[2026-05-20 15:30:46] CH1 data: {"text": "\u66f4", "revise_round": 2}
[2026-05-20 15:30:46] CH1 data: {"text": "\u592b", "revise_round": 2}
[2026-05-20 15:30:46] CH1 data: {"text": "\u88ab", "revise_round": 2}
[2026-05-20 15:30:46] CH1 data: {"text": "\u7ef3", "revise_round": 2}
[2026-05-20 15:30:46] CH1 data: {"text": "\u5b50", "revise_round": 2}
[2026-05-20 15:30:46] CH1 data: {"text": "\u52d2", "revise_round": 2}
[2026-05-20 15:30:46] CH1 data: {"text": "\u767d", "revise_round": 2}
[2026-05-20 15:30:46] CH1 data: {"text": "\u7684", "revise_round": 2}
[2026-05-20 15:30:46] CH1 data: {"text": "\u624b", "revise_round": 2}
[2026-05-20 15:30:46] CH1 data: {"text": "\u3002\n\n", "revise_round": 2}
[2026-05-20 15:30:46] CH1 data: {"text": "\u201c", "revise_round": 2}
[2026-05-20 15:30:46] CH1 data: {"text": "\u7b2c\u4e09", "revise_round": 2}
[2026-05-20 15:30:46] CH1 data: {"text": "\uff0c", "revise_round": 2}
[2026-05-20 15:30:46] CH1 data: {"text": "\u638c", "revise_round": 2}
[2026-05-20 15:30:46] CH1 data: {"text": "\u91cc", "revise_round": 2}
[2026-05-20 15:30:46] CH1 data: {"text": "\u6709", "revise_round": 2}
[2026-05-20 15:30:46] CH1 data: {"text": "\u706f", "revise_round": 2}
[2026-05-20 15:30:46] CH1 data: {"text": "\u7070", "revise_round": 2}
[2026-05-20 15:30:46] CH1 data: {"text": "\u3002", "revise_round": 2}
[2026-05-20 15:30:46] CH1 data: {"text": "\u82e5", "revise_round": 2}
[2026-05-20 15:30:46] CH1 data: {"text": "\u771f", "revise_round": 2}
[2026-05-20 15:30:46] CH1 data: {"text": "\u662f", "revise_round": 2}
[2026-05-20 15:30:46] CH1 data: {"text": "\u4ed6", "revise_round": 2}
[2026-05-20 15:30:46] CH1 data: {"text": "\u5728", "revise_round": 2}
[2026-05-20 15:30:46] CH1 data: {"text": "\u96e8", "revise_round": 2}
[2026-05-20 15:30:46] CH1 data: {"text": "\u91cc", "revise_round": 2}
[2026-05-20 15:30:46] CH1 data: {"text": "\u78b0", "revise_round": 2}
[2026-05-20 15:30:47] CH1 data: {"text": "\u706f", "revise_round": 2}
[2026-05-20 15:30:47] CH1 data: {"text": "\u3001", "revise_round": 2}
[2026-05-20 15:30:47] CH1 data: {"text": "\u6276", "revise_round": 2}
[2026-05-20 15:30:47] CH1 data: {"text": "\u5c38", "revise_round": 2}
[2026-05-20 15:30:47] CH1 data: {"text": "\u3001", "revise_round": 2}
[2026-05-20 15:30:47] CH1 data: {"text": "\u518d", "revise_round": 2}
[2026-05-20 15:30:47] CH1 data: {"text": "\u9000", "revise_round": 2}
[2026-05-20 15:30:47] CH1 data: {"text": "\u51fa\u6765", "revise_round": 2}
[2026-05-20 15:30:47] CH1 data: {"text": "\uff0c", "revise_round": 2}
[2026-05-20 15:30:47] CH1 data: {"text": "\u7070", "revise_round": 2}
[2026-05-20 15:30:47] CH1 data: {"text": "\u4e0d\u4f1a", "revise_round": 2}
[2026-05-20 15:30:47] CH1 data: {"text": "\u53ea", "revise_round": 2}
[2026-05-20 15:30:47] CH1 data: {"text": "\u538b", "revise_round": 2}
[2026-05-20 15:30:47] CH1 data: {"text": "\u5728", "revise_round": 2}
[2026-05-20 15:30:47] CH1 data: {"text": "\u6b7b\u4eba", "revise_round": 2}
[2026-05-20 15:30:47] CH1 data: {"text": "\u638c", "revise_round": 2}
[2026-05-20 15:30:47] CH1 data: {"text": "\u7f1d", "revise_round": 2}
[2026-05-20 15:30:47] CH1 data: {"text": "\u91cc", "revise_round": 2}
[2026-05-20 15:30:47] CH1 data: {"text": "\uff0c", "revise_round": 2}
[2026-05-20 15:30:47] CH1 data: {"text": "\u65c1", "revise_round": 2}
[2026-05-20 15:30:47] CH1 data: {"text": "\u5904", "revise_round": 2}
[2026-05-20 15:30:47] CH1 data: {"text": "\u5374", "revise_round": 2}
[2026-05-20 15:30:47] CH1 data: {"text": "\u5e72", "revise_round": 2}
[2026-05-20 15:30:47] CH1 data: {"text": "\u51c0", "revise_round": 2}
[2026-05-20 15:30:47] CH1 data: {"text": "\u3002", "revise_round": 2}
[2026-05-20 15:30:47] CH1 data: {"text": "\u8fd9\u4e2a", "revise_round": 2}
[2026-05-20 15:30:47] CH1 data: {"text": "\u4eba", "revise_round": 2}
[2026-05-20 15:30:47] CH1 data: {"text": "\u53ef\u4ee5", "revise_round": 2}
[2026-05-20 15:30:47] CH1 data: {"text": "\u62bc", "revise_round": 2}
[2026-05-20 15:30:47] CH1 data: {"text": "\u770b", "revise_round": 2}
[2026-05-20 15:30:47] CH1 data: {"text": "\uff0c", "revise_round": 2}
[2026-05-20 15:30:47] CH1 data: {"text": "\u4e0d\u80fd", "revise_round": 2}
[2026-05-20 15:30:47] CH1 data: {"text": "\u5148", "revise_round": 2}
[2026-05-20 15:30:47] CH1 data: {"text": "\u5f53", "revise_round": 2}
[2026-05-20 15:30:47] CH1 data: {"text": "\u51f6", "revise_round": 2}
[2026-05-20 15:30:47] CH1 data: {"text": "\u624b", "revise_round": 2}
[2026-05-20 15:30:47] CH1 data: {"text": "\u843d", "revise_round": 2}
[2026-05-20 15:30:47] CH1 data: {"text": "\u518c", "revise_round": 2}
[2026-05-20 15:30:47] CH1 data: {"text": "\u3002\u201d\n\n", "revise_round": 2}
[2026-05-20 15:30:47] CH1 data: {"text": "\u7a97", "revise_round": 2}
[2026-05-20 15:30:47] CH1 data: {"text": "\u7eb8", "revise_round": 2}
[2026-05-20 15:30:47] CH1 data: {"text": "\u540e", "revise_round": 2}
[2026-05-20 15:30:47] CH1 data: {"text": "\u7acb", "revise_round": 2}
[2026-05-20 15:30:47] CH1 data: {"text": "\u523b", "revise_round": 2}
[2026-05-20 15:30:47] CH1 data: {"text": "\u6709", "revise_round": 2}
[2026-05-20 15:30:47] CH1 data: {"text": "\u4e86", "revise_round": 2}
[2026-05-20 15:30:47] CH1 data: {"text": "\u54cd", "revise_round": 2}
[2026-05-20 15:30:47] CH1 data: {"text": "\u52a8", "revise_round": 2}
[2026-05-20 15:30:47] CH1 data: {"text": "\uff0c", "revise_round": 2}
[2026-05-20 15:30:47] CH1 data: {"text": "\u51e0", "revise_round": 2}
[2026-05-20 15:30:47] CH1 data: {"text": "\u6247", "revise_round": 2}
[2026-05-20 15:30:47] CH1 data: {"text": "\u6728", "revise_round": 2}
[2026-05-20 15:30:47] CH1 data: {"text": "\u7a97", "revise_round": 2}
[2026-05-20 15:30:48] CH1 data: {"text": "\u90fd", "revise_round": 2}
[2026-05-20 15:30:48] CH1 data: {"text": "\u5f00", "revise_round": 2}
[2026-05-20 15:30:48] CH1 data: {"text": "\u51fa", "revise_round": 2}
[2026-05-20 15:30:48] CH1 data: {"text": "\u7ec6", "revise_round": 2}
[2026-05-20 15:30:48] CH1 data: {"text": "\u7f1d", "revise_round": 2}
[2026-05-20 15:30:48] CH1 data: {"text": "\u3002", "revise_round": 2}
[2026-05-20 15:30:48] CH1 data: {"text": "\u6709\u4eba", "revise_round": 2}
[2026-05-20 15:30:48] CH1 data: {"text": "\u5438", "revise_round": 2}
[2026-05-20 15:30:48] CH1 data: {"text": "\u7740", "revise_round": 2}
[2026-05-20 15:30:48] CH1 data: {"text": "\u51b7", "revise_round": 2}
[2026-05-20 15:30:48] CH1 data: {"text": "\u6c14", "revise_round": 2}
[2026-05-20 15:30:48] CH1 data: {"text": "\uff0c\u6709", "revise_round": 2}
[2026-05-20 15:30:48] CH1 data: {"text": "\u4eba", "revise_round": 2}
[2026-05-20 15:30:48] CH1 data: {"text": "\u538b", "revise_round": 2}
[2026-05-20 15:30:48] CH1 data: {"text": "\u7740", "revise_round": 2}
[2026-05-20 15:30:48] CH1 data: {"text": "\u58f0", "revise_round": 2}
[2026-05-20 15:30:48] CH1 data: {"text": "\u8bf4", "revise_round": 2}
[2026-05-20 15:30:48] CH1 data: {"text": "\u201c", "revise_round": 2}
[2026-05-20 15:30:48] CH1 data: {"text": "\u6709", "revise_round": 2}
[2026-05-20 15:30:48] CH1 data: {"text": "\u706f", "revise_round": 2}
[2026-05-20 15:30:48] CH1 data: {"text": "\u7070", "revise_round": 2}
[2026-05-20 15:30:48] CH1 data: {"text": "\u201d\uff0c", "revise_round": 2}
[2026-05-20 15:30:48] CH1 data: {"text": "\u53c8", "revise_round": 2}
[2026-05-20 15:30:48] CH1 data: {"text": "\u88ab", "revise_round": 2}
[2026-05-20 15:30:48] CH1 data: {"text": "\u96e8", "revise_round": 2}
[2026-05-20 15:30:48] CH1 data: {"text": "\u58f0", "revise_round": 2}
[2026-05-20 15:30:48] CH1 data: {"text": "\u5288", "revise_round": 2}
[2026-05-20 15:30:48] CH1 data: {"text": "\u788e", "revise_round": 2}
[2026-05-20 15:30:48] CH1 data: {"text": "\u3002", "revise_round": 2}
[2026-05-20 15:30:48] CH1 data: {"text": "\u638c", "revise_round": 2}
[2026-05-20 15:30:48] CH1 data: {"text": "\u518c", "revise_round": 2}
[2026-05-20 15:30:48] CH1 data: {"text": "\u5dee", "revise_round": 2}
[2026-05-20 15:30:48] CH1 data: {"text": "\u5f79", "revise_round": 2}
[2026-05-20 15:30:48] CH1 data: {"text": "\u60ac", "revise_round": 2}
[2026-05-20 15:30:48] CH1 data: {"text": "\u7b14", "revise_round": 2}
[2026-05-20 15:30:48] CH1 data: {"text": "\u66f4", "revise_round": 2}
[2026-05-20 15:30:48] CH1 data: {"text": "\u4e45", "revise_round": 2}
[2026-05-20 15:30:48] CH1 data: {"text": "\u4e86", "revise_round": 2}
[2026-05-20 15:30:48] CH1 data: {"text": "\uff0c\u4e0d", "revise_round": 2}
[2026-05-20 15:30:48] CH1 data: {"text": "\u6562", "revise_round": 2}
[2026-05-20 15:30:48] CH1 data: {"text": "\u5148", "revise_round": 2}
[2026-05-20 15:30:48] CH1 data: {"text": "\u5199", "revise_round": 2}
[2026-05-20 15:30:48] CH1 data: {"text": "\u90a3\u4e2a", "revise_round": 2}
[2026-05-20 15:30:48] CH1 data: {"text": "\u201c", "revise_round": 2}
[2026-05-20 15:30:48] CH1 data: {"text": "\u5996", "revise_round": 2}
[2026-05-20 15:30:48] CH1 data: {"text": "\u201d", "revise_round": 2}
[2026-05-20 15:30:48] CH1 data: {"text": "\u5b57", "revise_round": 2}
[2026-05-20 15:30:50] CH1 data: {"text": "\u3002\n\n", "revise_round": 2}
[2026-05-20 15:30:50] CH1 data: {"text": "\u5b88", "revise_round": 2}
[2026-05-20 15:30:50] CH1 data: {"text": "\u5907", "revise_round": 2}
[2026-05-20 15:30:51] CH1 data: {"text": "\u8138", "revise_round": 2}
[2026-05-20 15:30:51] CH1 data: {"text": "\u8272", "revise_round": 2}
[2026-05-20 15:30:51] CH1 data: {"text": "\u6c89", "revise_round": 2}
[2026-05-20 15:30:51] CH1 data: {"text": "\u4e86", "revise_round": 2}
[2026-05-20 15:30:51] CH1 data: {"text": "\u6c89", "revise_round": 2}
[2026-05-20 15:30:51] CH1 data: {"text": "\uff0c", "revise_round": 2}
[2026-05-20 15:30:51] CH1 data: {"text": "\u671d", "revise_round": 2}
[2026-05-20 15:30:51] CH1 data: {"text": "\u4ef5", "revise_round": 2}
[2026-05-20 15:30:51] CH1 data: {"text": "\u4f5c", "revise_round": 2}
[2026-05-20 15:30:51] CH1 data: {"text": "\u4e00", "revise_round": 2}
[2026-05-20 15:30:51] CH1 data: {"text": "\u6446", "revise_round": 2}
[2026-05-20 15:30:51] CH1 data: {"text": "\u624b", "revise_round": 2}
[2026-05-20 15:30:51] CH1 data: {"text": "\uff1a\u201c", "revise_round": 2}
[2026-05-20 15:30:51] CH1 data: {"text": "\u4f60", "revise_round": 2}
[2026-05-20 15:30:51] CH1 data: {"text": "\u9a8c", "revise_round": 2}
[2026-05-20 15:30:51] CH1 data: {"text": "\u3002\u201d\n\n", "revise_round": 2}
[2026-05-20 15:30:51] CH1 data: {"text": "\u4ef5", "revise_round": 2}
[2026-05-20 15:30:51] CH1 data: {"text": "\u4f5c", "revise_round": 2}
[2026-05-20 15:30:51] CH1 data: {"text": "\u5e94", "revise_round": 2}
[2026-05-20 15:30:51] CH1 data: {"text": "\u5f97", "revise_round": 2}
[2026-05-20 15:30:51] CH1 data: {"text": "\u98de", "revise_round": 2}
[2026-05-20 15:30:51] CH1 data: {"text": "\u5feb", "revise_round": 2}
[2026-05-20 15:30:51] CH1 data: {"text": "\uff0c", "revise_round": 2}
[2026-05-20 15:30:51] CH1 data: {"text": "\u5f2f", "revise_round": 2}
[2026-05-20 15:30:51] CH1 data: {"text": "\u8eab", "revise_round": 2}
[2026-05-20 15:30:51] CH1 data: {"text": "\u8fdb", "revise_round": 2}
[2026-05-20 15:30:51] CH1 data: {"text": "\u7ebf", "revise_round": 2}
[2026-05-20 15:30:51] CH1 data: {"text": "\uff0c", "revise_round": 2}
[2026-05-20 15:30:51] CH1 data: {"text": "\u5148", "revise_round": 2}
[2026-05-20 15:30:51] CH1 data: {"text": "\u5728", "revise_round": 2}
[2026-05-20 15:30:51] CH1 data: {"text": "\u6a90", "revise_round": 2}
[2026-05-20 15:30:51] CH1 data: {"text": "\u4e0b", "revise_round": 2}
[2026-05-20 15:30:51] CH1 data: {"text": "\u6491", "revise_round": 2}
[2026-05-20 15:30:51] CH1 data: {"text": "\u4e86", "revise_round": 2}
[2026-05-20 15:30:51] CH1 data: {"text": "\u5757", "revise_round": 2}
[2026-05-20 15:30:51] CH1 data: {"text": "\u6cb9", "revise_round": 2}
[2026-05-20 15:30:51] CH1 data: {"text": "\u5e03", "revise_round": 2}
[2026-05-20 15:30:51] CH1 data: {"text": "\u6321", "revise_round": 2}
[2026-05-20 15:30:51] CH1 data: {"text": "\u96e8", "revise_round": 2}
[2026-05-20 15:30:51] CH1 data: {"text": "\uff0c", "revise_round": 2}
[2026-05-20 15:30:51] CH1 data: {"text": "\u624d", "revise_round": 2}
[2026-05-20 15:30:51] CH1 data: {"text": "\u8e72", "revise_round": 2}
[2026-05-20 15:30:51] CH1 data: {"text": "\u5230", "revise_round": 2}
[2026-05-20 15:30:51] CH1 data: {"text": "\u5c38", "revise_round": 2}
[2026-05-20 15:30:51] CH1 data: {"text": "\u65c1", "revise_round": 2}
[2026-05-20 15:30:51] CH1 data: {"text": "\u3002\u4ed6", "revise_round": 2}
[2026-05-20 15:30:51] CH1 data: {"text": "\u7528", "revise_round": 2}
[2026-05-20 15:30:51] CH1 data: {"text": "\u7a84", "revise_round": 2}
[2026-05-20 15:30:51] CH1 data: {"text": "\u7af9", "revise_round": 2}
[2026-05-20 15:30:51] CH1 data: {"text": "\u7247", "revise_round": 2}
[2026-05-20 15:30:51] CH1 data: {"text": "\u4ece", "revise_round": 2}
[2026-05-20 15:30:51] CH1 data: {"text": "\u638c", "revise_round": 2}
[2026-05-20 15:30:51] CH1 data: {"text": "\u7f18", "revise_round": 2}
[2026-05-20 15:30:51] CH1 data: {"text": "\u5c06", "revise_round": 2}
[2026-05-20 15:30:51] CH1 data: {"text": "\u6563", "revise_round": 2}
[2026-05-20 15:30:51] CH1 data: {"text": "\u7684\u4e00", "revise_round": 2}
[2026-05-20 15:30:51] CH1 data: {"text": "\u7ebf", "revise_round": 2}
[2026-05-20 15:30:51] CH1 data: {"text": "\u7070", "revise_round": 2}
[2026-05-20 15:30:51] CH1 data: {"text": "\u91cc", "revise_round": 2}
[2026-05-20 15:30:51] CH1 data: {"text": "\u8f7b", "revise_round": 2}
[2026-05-20 15:30:51] CH1 data: {"text": "\u8f7b", "revise_round": 2}
[2026-05-20 15:30:51] CH1 data: {"text": "\u6311", "revise_round": 2}
[2026-05-20 15:30:51] CH1 data: {"text": "\u8d77", "revise_round": 2}
[2026-05-20 15:30:51] CH1 data: {"text": "\u4e00\u70b9", "revise_round": 2}
[2026-05-20 15:30:51] CH1 data: {"text": "\uff0c\u53c8", "revise_round": 2}
[2026-05-20 15:30:51] CH1 data: {"text": "\u62ff", "revise_round": 2}
[2026-05-20 15:30:51] CH1 data: {"text": "\u5e72", "revise_round": 2}
[2026-05-20 15:30:51] CH1 data: {"text": "\u7eb8", "revise_round": 2}
[2026-05-20 15:30:51] CH1 data: {"text": "\u5728", "revise_round": 2}
[2026-05-20 15:30:51] CH1 data: {"text": "\u638c", "revise_round": 2}
[2026-05-20 15:30:51] CH1 data: {"text": "\u4fa7", "revise_round": 2}
[2026-05-20 15:30:51] CH1 data: {"text": "\u865a", "revise_round": 2}
[2026-05-20 15:30:51] CH1 data: {"text": "\u865a", "revise_round": 2}
[2026-05-20 15:30:51] CH1 data: {"text": "\u4e00", "revise_round": 2}
[2026-05-20 15:30:51] CH1 data: {"text": "\u63a5", "revise_round": 2}
[2026-05-20 15:30:51] CH1 data: {"text": "\uff0c", "revise_round": 2}
[2026-05-20 15:30:51] CH1 data: {"text": "\u6296", "revise_round": 2}
[2026-05-20 15:30:51] CH1 data: {"text": "\u4e0b", "revise_round": 2}
[2026-05-20 15:30:51] CH1 data: {"text": "\u66f4", "revise_round": 2}
[2026-05-20 15:30:51] CH1 data: {"text": "\u7ec6", "revise_round": 2}
[2026-05-20 15:30:51] CH1 data: {"text": "\u7684\u4e00", "revise_round": 2}
[2026-05-20 15:30:51] CH1 data: {"text": "\u5c42", "revise_round": 2}
[2026-05-20 15:30:51] CH1 data: {"text": "\uff0c", "revise_round": 2}
[2026-05-20 15:30:51] CH1 data: {"text": "\u5206", "revise_round": 2}
[2026-05-20 15:30:51] CH1 data: {"text": "\u843d", "revise_round": 2}
[2026-05-20 15:30:51] CH1 data: {"text": "\u4e24", "revise_round": 2}
[2026-05-20 15:30:51] CH1 data: {"text": "\u5f20", "revise_round": 2}
[2026-05-20 15:30:52] CH1 data: {"text": "\u5b98", "revise_round": 2}
[2026-05-20 15:30:52] CH1 data: {"text": "\u7eb8", "revise_round": 2}
[2026-05-20 15:30:52] CH1 data: {"text": "\u3002", "revise_round": 2}
[2026-05-20 15:30:52] CH1 data: {"text": "\u7eb8", "revise_round": 2}
[2026-05-20 15:30:52] CH1 data: {"text": "\u90fd", "revise_round": 2}
[2026-05-20 15:30:52] CH1 data: {"text": "\u4e0d\u8fc7", "revise_round": 2}
[2026-05-20 15:30:52] CH1 data: {"text": "\u6307", "revise_round": 2}
[2026-05-20 15:30:52] CH1 data: {"text": "\u7532", "revise_round": 2}
[2026-05-20 15:30:52] CH1 data: {"text": "\u5927", "revise_round": 2}
[2026-05-20 15:30:52] CH1 data: {"text": "\uff0c\u4e00", "revise_round": 2}
[2026-05-20 15:30:52] CH1 data: {"text": "\u6b63", "revise_round": 2}
[2026-05-20 15:30:52] CH1 data: {"text": "\u4e00", "revise_round": 2}
[2026-05-20 15:30:52] CH1 data: {"text": "\u526f", "revise_round": 2}
[2026-05-20 15:30:52] CH1 data: {"text": "\uff0c\u5f53", "revise_round": 2}
[2026-05-20 15:30:52] CH1 data: {"text": "\u573a", "revise_round": 2}
[2026-05-20 15:30:52] CH1 data: {"text": "\u6298", "revise_round": 2}
[2026-05-20 15:30:52] CH1 data: {"text": "\u53e3", "revise_round": 2}
[2026-05-20 15:30:52] CH1 data: {"text": "\u3001", "revise_round": 2}
[2026-05-20 15:30:52] CH1 data: {"text": "\u5c01", "revise_round": 2}
[2026-05-20 15:30:52] CH1 data: {"text": "\u6ce5", "revise_round": 2}
[2026-05-20 15:30:52] CH1 data: {"text": "\u3001", "revise_round": 2}
[2026-05-20 15:30:52] CH1 data: {"text": "\u6309", "revise_round": 2}
[2026-05-20 15:30:52] CH1 data: {"text": "\u7f16\u53f7", "revise_round": 2}
[2026-05-20 15:30:52] CH1 data: {"text": "\u3002\n\n", "revise_round": 2}
[2026-05-20 15:30:52] CH1 data: {"text": "\u201c\u5c0f", "revise_round": 2}
[2026-05-20 15:30:52] CH1 data: {"text": "\u7684", "revise_round": 2}
[2026-05-20 15:30:52] CH1 data: {"text": "\u518d", "revise_round": 2}
[2026-05-20 15:30:52] CH1 data: {"text": "\u770b", "revise_round": 2}
[2026-05-20 15:30:52] CH1 data: {"text": "\u540e", "revise_round": 2}
[2026-05-20 15:30:52] CH1 data: {"text": "\u8111", "revise_round": 2}
[2026-05-20 15:30:52] CH1 data: {"text": "\u3002\u201d", "revise_round": 2}
[2026-05-20 15:30:52] CH1 data: {"text": "\u4ed6", "revise_round": 2}
[2026-05-20 15:30:52] CH1 data: {"text": "\u4f4e", "revise_round": 2}
[2026-05-20 15:30:52] CH1 data: {"text": "\u58f0", "revise_round": 2}
[2026-05-20 15:30:52] CH1 data: {"text": "\u9053", "revise_round": 2}
[2026-05-20 15:30:52] CH1 data: {"text": "\u3002\n\n", "revise_round": 2}
[2026-05-20 15:30:52] CH1 data: {"text": "\u5c38", "revise_round": 2}
[2026-05-20 15:30:52] CH1 data: {"text": "\u540e", "revise_round": 2}
[2026-05-20 15:30:52] CH1 data: {"text": "\u90a3", "revise_round": 2}
[2026-05-20 15:30:52] CH1 data: {"text": "\u5757", "revise_round": 2}
[2026-05-20 15:30:52] CH1 data: {"text": "\u5e03", "revise_round": 2}
[2026-05-20 15:30:52] CH1 data: {"text": "\u4e00", "revise_round": 2}
[2026-05-20 15:30:52] CH1 data: {"text": "\u6380", "revise_round": 2}
[2026-05-20 15:30:52] CH1 data: {"text": "\uff0c", "revise_round": 2}
[2026-05-20 15:30:52] CH1 data: {"text": "\u4ef5", "revise_round": 2}
[2026-05-20 15:30:52] CH1 data: {"text": "\u4f5c", "revise_round": 2}
[2026-05-20 15:30:52] CH1 data: {"text": "\u53ea", "revise_round": 2}
[2026-05-20 15:30:52] CH1 data: {"text": "\u6309", "revise_round": 2}
[2026-05-20 15:30:52] CH1 data: {"text": "\u4e86\u4e00", "revise_round": 2}
[2026-05-20 15:30:52] CH1 data: {"text": "\u4e0b", "revise_round": 2}
[2026-05-20 15:30:52] CH1 data: {"text": "\uff0c", "revise_round": 2}
[2026-05-20 15:30:52] CH1 data: {"text": "\u8138", "revise_round": 2}
[2026-05-20 15:30:52] CH1 data: {"text": "\u5c31", "revise_round": 2}
[2026-05-20 15:30:52] CH1 data: {"text": "\u767d", "revise_round": 2}
[2026-05-20 15:30:52] CH1 data: {"text": "\u4e86", "revise_round": 2}
[2026-05-20 15:30:52] CH1 data: {"text": "\uff1a\u201c", "revise_round": 2}
[2026-05-20 15:30:52] CH1 data: {"text": "\u8fd9", "revise_round": 2}
[2026-05-20 15:30:52] CH1 data: {"text": "\u5904", "revise_round": 2}
[2026-05-20 15:30:52] CH1 data: {"text": "\u584c", "revise_round": 2}
[2026-05-20 15:30:52] CH1 data: {"text": "\u8f6f", "revise_round": 2}
[2026-05-20 15:30:52] CH1 data: {"text": "\uff0c", "revise_round": 2}
[2026-05-20 15:30:52] CH1 data: {"text": "\u50cf", "revise_round": 2}
[2026-05-20 15:30:52] CH1 data: {"text": "\u949d", "revise_round": 2}
[2026-05-20 15:30:52] CH1 data: {"text": "\u51fb", "revise_round": 2}
[2026-05-20 15:30:52] CH1 data: {"text": "\u3002", "revise_round": 2}
[2026-05-20 15:30:52] CH1 data: {"text": "\u96e8", "revise_round": 2}
[2026-05-20 15:30:52] CH1 data: {"text": "\u91cc", "revise_round": 2}
[2026-05-20 15:30:52] CH1 data: {"text": "\u4e0d\u597d", "revise_round": 2}
[2026-05-20 15:30:52] CH1 data: {"text": "\u7ec6", "revise_round": 2}
[2026-05-20 15:30:52] CH1 data: {"text": "\u9a8c", "revise_round": 2}
[2026-05-20 15:30:52] CH1 data: {"text": "\uff0c\u5c0f", "revise_round": 2}
[2026-05-20 15:30:52] CH1 data: {"text": "\u7684", "revise_round": 2}
[2026-05-20 15:30:52] CH1 data: {"text": "\u53ea\u80fd", "revise_round": 2}
[2026-05-20 15:30:52] CH1 data: {"text": "\u5177", "revise_round": 2}
[2026-05-20 15:30:52] CH1 data: {"text": "\u540d", "revise_round": 2}
[2026-05-20 15:30:52] CH1 data: {"text": "\u7559", "revise_round": 2}
[2026-05-20 15:30:52] CH1 data: {"text": "\u7591", "revise_round": 2}
[2026-05-20 15:30:52] CH1 data: {"text": "\uff0c\u4e0d", "revise_round": 2}
[2026-05-20 15:30:52] CH1 data: {"text": "\u6562", "revise_round": 2}
[2026-05-20 15:30:52] CH1 data: {"text": "\u5b9a", "revise_round": 2}
[2026-05-20 15:30:52] CH1 data: {"text": "\u6b7b", "revise_round": 2}
[2026-05-20 15:30:52] CH1 data: {"text": "\u56e0", "revise_round": 2}
[2026-05-20 15:30:52] CH1 data: {"text": "\u3002\u201d\n\n", "revise_round": 2}
[2026-05-20 15:30:52] CH1 data: {"text": "\u8fd9", "revise_round": 2}
[2026-05-20 15:30:52] CH1 data: {"text": "\u53e5\u8bdd", "revise_round": 2}
[2026-05-20 15:30:52] CH1 data: {"text": "\u4e00", "revise_round": 2}
[2026-05-20 15:30:52] CH1 data: {"text": "\u843d", "revise_round": 2}
[2026-05-20 15:30:52] CH1 data: {"text": "\uff0c", "revise_round": 2}
[2026-05-20 15:30:52] CH1 data: {"text": "\u8336", "revise_round": 2}
[2026-05-20 15:30:52] CH1 data: {"text": "\u68da", "revise_round": 2}
[2026-05-20 15:30:52] CH1 data: {"text": "\u4e0b", "revise_round": 2}
[2026-05-20 15:30:52] CH1 data: {"text": "\u9759", "revise_round": 2}
[2026-05-20 15:30:52] CH1 data: {"text": "\u4e86\u4e00", "revise_round": 2}
[2026-05-20 15:30:52] CH1 data: {"text": "\u77ac", "revise_round": 2}
[2026-05-20 15:30:52] CH1 data: {"text": "\u3002\n\n", "revise_round": 2}
[2026-05-20 15:30:52] CH1 data: {"text": "\u638c", "revise_round": 2}
[2026-05-20 15:30:52] CH1 data: {"text": "\u518c", "revise_round": 2}
[2026-05-20 15:30:52] CH1 data: {"text": "\u5dee", "revise_round": 2}
[2026-05-20 15:30:52] CH1 data: {"text": "\u5f79", "revise_round": 2}
[2026-05-20 15:30:52] CH1 data: {"text": "\u62ac", "revise_round": 2}
[2026-05-20 15:30:52] CH1 data: {"text": "\u5934", "revise_round": 2}
[2026-05-20 15:30:52] CH1 data: {"text": "\u770b", "revise_round": 2}
[2026-05-20 15:30:52] CH1 data: {"text": "\u5b88", "revise_round": 2}
[2026-05-20 15:30:52] CH1 data: {"text": "\u5907", "revise_round": 2}
[2026-05-20 15:30:52] CH1 data: {"text": "\uff0c\u53c8", "revise_round": 2}
[2026-05-20 15:30:52] CH1 data: {"text": "\u770b", "revise_round": 2}
[2026-05-20 15:30:52] CH1 data: {"text": "\u6c88", "revise_round": 2}
[2026-05-20 15:30:52] CH1 data: {"text": "\u7167", "revise_round": 2}
[2026-05-20 15:30:52] CH1 data: {"text": "\uff0c", "revise_round": 2}
[2026-05-20 15:30:52] CH1 data: {"text": "\u624b", "revise_round": 2}
[2026-05-20 15:30:52] CH1 data: {"text": "\u91cc\u7684", "revise_round": 2}
[2026-05-20 15:30:52] CH1 data: {"text": "\u7b14", "revise_round": 2}
[2026-05-20 15:30:52] CH1 data: {"text": "\u60ac", "revise_round": 2}
[2026-05-20 15:30:52] CH1 data: {"text": "\u5728", "revise_round": 2}
[2026-05-20 15:30:52] CH1 data: {"text": "\u534a", "revise_round": 2}
[2026-05-20 15:30:52] CH1 data: {"text": "\u7a7a", "revise_round": 2}
[2026-05-20 15:30:52] CH1 data: {"text": "\u3002", "revise_round": 2}
[2026-05-20 15:30:52] CH1 data: {"text": "\u7a97", "revise_round": 2}
[2026-05-20 15:30:52] CH1 data: {"text": "\u540e", "revise_round": 2}
[2026-05-20 15:30:52] CH1 data: {"text": "\u90a3", "revise_round": 2}
[2026-05-20 15:30:52] CH1 data: {"text": "\u51e0", "revise_round": 2}
[2026-05-20 15:30:52] CH1 data: {"text": "\u9053", "revise_round": 2}
[2026-05-20 15:30:52] CH1 data: {"text": "\u89c6", "revise_round": 2}
[2026-05-20 15:30:52] CH1 data: {"text": "\u7ebf", "revise_round": 2}
[2026-05-20 15:30:53] CH1 data: {"text": "\u66f4", "revise_round": 2}
[2026-05-20 15:30:53] CH1 data: {"text": "\u8fd1", "revise_round": 2}
[2026-05-20 15:30:53] CH1 data: {"text": "\u4e86", "revise_round": 2}
[2026-05-20 15:30:53] CH1 data: {"text": "\uff0c", "revise_round": 2}
[2026-05-20 15:30:53] CH1 data: {"text": "\u50cf", "revise_round": 2}
[2026-05-20 15:30:53] CH1 data: {"text": "\u4e00", "revise_round": 2}
[2026-05-20 15:30:53] CH1 data: {"text": "\u6839", "revise_round": 2}
[2026-05-20 15:30:53] CH1 data: {"text": "\u6839", "revise_round": 2}
[2026-05-20 15:30:53] CH1 data: {"text": "\u9488", "revise_round": 2}
[2026-05-20 15:30:53] CH1 data: {"text": "\u624e", "revise_round": 2}
[2026-05-20 15:30:53] CH1 data: {"text": "\u5728", "revise_round": 2}
[2026-05-20 15:30:53] CH1 data: {"text": "\u68da", "revise_round": 2}
[2026-05-20 15:30:53] CH1 data: {"text": "\u53e3", "revise_round": 2}
[2026-05-20 15:30:53] CH1 data: {"text": "\u3002", "revise_round": 2}
[2026-05-20 15:30:53] CH1 data: {"text": "\u5b88", "revise_round": 2}
[2026-05-20 15:30:53] CH1 data: {"text": "\u5907", "revise_round": 2}
[2026-05-20 15:30:53] CH1 data: {"text": "\u82e5", "revise_round": 2}
[2026-05-20 15:30:53] CH1 data: {"text": "\u8fd9", "revise_round": 2}
[2026-05-20 15:30:53] CH1 data: {"text": "\u65f6\u5019", "revise_round": 2}
[2026-05-20 15:30:53] CH1 data: {"text": "\u786c", "revise_round": 2}
[2026-05-20 15:30:53] CH1 data: {"text": "\u628a", "revise_round": 2}
[2026-05-20 15:30:53] CH1 data: {"text": "\u5996", "revise_round": 2}
[2026-05-20 15:30:53] CH1 data: {"text": "\u5b57", "revise_round": 2}
[2026-05-20 15:30:53] CH1 data: {"text": "\u6309", "revise_round": 2}
[2026-05-20 15:30:53] CH1 data: {"text": "\u8fdb", "revise_round": 2}
[2026-05-20 15:30:53] CH1 data: {"text": "\u6b63", "revise_round": 2}
[2026-05-20 15:30:53] CH1 data: {"text": "\u518c", "revise_round": 2}
[2026-05-20 15:30:53] CH1 data: {"text": "\uff0c", "revise_round": 2}
[2026-05-20 15:30:53] CH1 data: {"text": "\u660e", "revise_round": 2}
[2026-05-20 15:30:53] CH1 data: {"text": "\u65e5", "revise_round": 2}
[2026-05-20 15:30:53] CH1 data: {"text": "\u7ffb", "revise_round": 2}
[2026-05-20 15:30:53] CH1 data: {"text": "\u51fa\u6765", "revise_round": 2}
[2026-05-20 15:30:53] CH1 data: {"text": "\uff0c", "revise_round": 2}
[2026-05-20 15:30:53] CH1 data: {"text": "\u5148", "revise_round": 2}
[2026-05-20 15:30:53] CH1 data: {"text": "\u810f", "revise_round": 2}
[2026-05-20 15:30:53] CH1 data: {"text": "\u7684\u662f", "revise_round": 2}
[2026-05-20 15:30:53] CH1 data: {"text": "\u4ed6\u7684", "revise_round": 2}
[2026-05-20 15:30:53] CH1 data: {"text": "\u6848", "revise_round": 2}
[2026-05-20 15:30:53] CH1 data: {"text": "\u9762", "revise_round": 2}
[2026-05-20 15:30:53] CH1 data: {"text": "\u3002\n\n", "revise_round": 2}
[2026-05-20 15:30:53] CH1 data: {"text": "\u9ed1", "revise_round": 2}
[2026-05-20 15:30:53] CH1 data: {"text": "\u84d1", "revise_round": 2}
[2026-05-20 15:30:53] CH1 data: {"text": "\u7626", "revise_round": 2}
[2026-05-20 15:30:53] CH1 data: {"text": "\u6c49", "revise_round": 2}
[2026-05-20 15:30:53] CH1 data: {"text": "\u4fa7", "revise_round": 2}
[2026-05-20 15:30:53] CH1 data: {"text": "\u8fc7", "revise_round": 2}
[2026-05-20 15:30:53] CH1 data: {"text": "\u534a", "revise_round": 2}
[2026-05-20 15:30:53] CH1 data: {"text": "\u6b65", "revise_round": 2}
[2026-05-20 15:30:53] CH1 data: {"text": "\uff0c\u5728", "revise_round": 2}
[2026-05-20 15:30:53] CH1 data: {"text": "\u5b88", "revise_round": 2}
[2026-05-20 15:30:53] CH1 data: {"text": "\u5907", "revise_round": 2}
[2026-05-20 15:30:53] CH1 data: {"text": "\u8033", "revise_round": 2}
[2026-05-20 15:30:53] CH1 data: {"text": "\u8fb9", "revise_round": 2}
[2026-05-20 15:30:54] CH1 data: {"text": "\u8bf4", "revise_round": 2}
[2026-05-20 15:30:54] CH1 data: {"text": "\u4e86", "revise_round": 2}
[2026-05-20 15:30:54] CH1 data: {"text": "\u53e5", "revise_round": 2}
[2026-05-20 15:30:54] CH1 data: {"text": "\u4ec0\u4e48", "revise_round": 2}
[2026-05-20 15:30:54] CH1 data: {"text": "\u3002", "revise_round": 2}
[2026-05-20 15:30:54] CH1 data: {"text": "\u58f0\u97f3", "revise_round": 2}
[2026-05-20 15:30:54] CH1 data: {"text": "\u538b", "revise_round": 2}
[2026-05-20 15:30:54] CH1 data: {"text": "\u5f97", "revise_round": 2}
[2026-05-20 15:30:54] CH1 data: {"text": "\u5f88", "revise_round": 2}
[2026-05-20 15:30:54] CH1 data: {"text": "\u8f7b", "revise_round": 2}
[2026-05-20 15:30:54] CH1 data: {"text": "\uff0c\u53ea", "revise_round": 2}
[2026-05-20 15:30:54] CH1 data: {"text": "\u6f0f", "revise_round": 2}
[2026-05-20 15:30:54] CH1 data: {"text": "\u51fa", "revise_round": 2}
[2026-05-20 15:30:54] CH1 data: {"text": "\u6700\u540e", "revise_round": 2}
[2026-05-20 15:30:54] CH1 data: {"text": "\u56db", "revise_round": 2}
[2026-05-20 15:30:54] CH1 data: {"text": "\u4e2a", "revise_round": 2}
[2026-05-20 15:30:54] CH1 data: {"text": "\u5b57", "revise_round": 2}
[2026-05-20 15:30:54] CH1 data: {"text": "\uff1a\u201c", "revise_round": 2}
[2026-05-20 15:30:54] CH1 data: {"text": "\u2026\u2026", "revise_round": 2}
[2026-05-20 15:30:54] CH1 data: {"text": "\u5148", "revise_round": 2}
[2026-05-20 15:30:54] CH1 data: {"text": "\u8bb0", "revise_round": 2}
[2026-05-20 15:30:54] CH1 data: {"text": "\u4eba", "revise_round": 2}
[2026-05-20 15:30:54] CH1 data: {"text": "\u547d", "revise_round": 2}
[2026-05-20 15:30:54] CH1 data: {"text": "\u3002\u201d\n\n", "revise_round": 2}
[2026-05-20 15:30:54] CH1 data: {"text": "\u5b88", "revise_round": 2}
[2026-05-20 15:30:54] CH1 data: {"text": "\u5907", "revise_round": 2}
[2026-05-20 15:30:54] CH1 data: {"text": "\u628a", "revise_round": 2}
[2026-05-20 15:30:54] CH1 data: {"text": "\u7259", "revise_round": 2}
[2026-05-20 15:30:54] CH1 data: {"text": "\u5173", "revise_round": 2}
[2026-05-20 15:30:54] CH1 data: {"text": "\u4e00", "revise_round": 2}
[2026-05-20 15:30:54] CH1 data: {"text": "\u6536", "revise_round": 2}
[2026-05-20 15:30:54] CH1 data: {"text": "\uff0c", "revise_round": 2}
[2026-05-20 15:30:54] CH1 data: {"text": "\u4f38", "revise_round": 2}
[2026-05-20 15:30:54] CH1 data: {"text": "\u624b", "revise_round": 2}
[2026-05-20 15:30:54] CH1 data: {"text": "\u6309", "revise_round": 2}
[2026-05-20 15:30:54] CH1 data: {"text": "\u4f4f", "revise_round": 2}
[2026-05-20 15:30:54] CH1 data: {"text": "\u6848", "revise_round": 2}
[2026-05-20 15:30:54] CH1 data: {"text": "\u518c", "revise_round": 2}
[2026-05-20 15:30:54] CH1 data: {"text": "\uff1a\u201c", "revise_round": 2}
[2026-05-20 15:30:54] CH1 data: {"text": "\u6b63", "revise_round": 2}
[2026-05-20 15:30:54] CH1 data: {"text": "\u518c", "revise_round": 2}
[2026-05-20 15:30:54] CH1 data: {"text": "\uff0c", "revise_round": 2}
[2026-05-20 15:30:54] CH1 data: {"text": "\u672a", "revise_round": 2}
[2026-05-20 15:30:54] CH1 data: {"text": "\u51b3", "revise_round": 2}
[2026-05-20 15:30:54] CH1 data: {"text": "\u4eba", "revise_round": 2}
[2026-05-20 15:30:54] CH1 data: {"text": "\u547d", "revise_round": 2}
[2026-05-20 15:30:54] CH1 data: {"text": "\u3002", "revise_round": 2}
[2026-05-20 15:30:54] CH1 data: {"text": "\u706f", "revise_round": 2}
[2026-05-20 15:30:54] CH1 data: {"text": "\u5f02", "revise_round": 2}
[2026-05-20 15:30:54] CH1 data: {"text": "\u65c1", "revise_round": 2}
[2026-05-20 15:30:54] CH1 data: {"text": "\u6ce8", "revise_round": 2}
[2026-05-20 15:30:54] CH1 data: {"text": "\u3002", "revise_round": 2}
[2026-05-20 15:30:54] CH1 data: {"text": "\u66f4", "revise_round": 2}
[2026-05-20 15:30:54] CH1 data: {"text": "\u592b", "revise_round": 2}
[2026-05-20 15:30:54] CH1 data: {"text": "\u62bc", "revise_round": 2}
[2026-05-20 15:30:54] CH1 data: {"text": "\u770b", "revise_round": 2}
[2026-05-20 15:30:55] CH1 data: {"text": "\uff0c\u4e0d", "revise_round": 2}
[2026-05-20 15:30:55] CH1 data: {"text": "\u8bb8", "revise_round": 2}
[2026-05-20 15:30:55] CH1 data: {"text": "\u653e", "revise_round": 2}
[2026-05-20 15:30:55] CH1 data: {"text": "\u8d70", "revise_round": 2}
[2026-05-20 15:30:55] CH1 data: {"text": "\u3002\u201d\n\n", "revise_round": 2}
[2026-05-20 15:30:55] CH1 data: {"text": "\u8001", "revise_round": 2}
[2026-05-20 15:30:55] CH1 data: {"text": "\u66f4", "revise_round": 2}
[2026-05-20 15:30:55] CH1 data: {"text": "\u592b", "revise_round": 2}
[2026-05-20 15:30:55] CH1 data: {"text": "\u817f", "revise_round": 2}
[2026-05-20 15:30:55] CH1 data: {"text": "\u4e00", "revise_round": 2}
[2026-05-20 15:30:55] CH1 data: {"text": "\u8f6f", "revise_round": 2}
[2026-05-20 15:30:55] CH1 data: {"text": "\uff0c", "revise_round": 2}
[2026-05-20 15:30:55] CH1 data: {"text": "\u51e0", "revise_round": 2}
[2026-05-20 15:30:55] CH1 data: {"text": "\u4e4e", "revise_round": 2}
[2026-05-20 15:30:55] CH1 data: {"text": "\u8d34", "revise_round": 2}
[2026-05-20 15:30:55] CH1 data: {"text": "\u7740", "revise_round": 2}
[2026-05-20 15:30:55] CH1 data: {"text": "\u5899", "revise_round": 2}
[2026-05-20 15:30:55] CH1 data: {"text": "\u6ed1", "revise_round": 2}
[2026-05-20 15:30:55] CH1 data: {"text": "\u4e0b", "revise_round": 2}
[2026-05-20 15:30:55] CH1 data: {"text": "\u53bb", "revise_round": 2}
[2026-05-20 15:30:55] CH1 data: {"text": "\uff0c", "revise_round": 2}
[2026-05-20 15:30:55] CH1 data: {"text": "\u7acb", "revise_round": 2}
[2026-05-20 15:30:55] CH1 data: {"text": "\u523b", "revise_round": 2}
[2026-05-20 15:30:55] CH1 data: {"text": "\u88ab", "revise_round": 2}
[2026-05-20 15:30:55] CH1 data: {"text": "\u5dee", "revise_round": 2}
[2026-05-20 15:30:55] CH1 data: {"text": "\u5f79", "revise_round": 2}
[2026-05-20 15:30:55] CH1 data: {"text": "\u63d0", "revise_round": 2}
[2026-05-20 15:30:55] CH1 data: {"text": "\u4f4f", "revise_round": 2}
[2026-05-20 15:30:55] CH1 data: {"text": "\u3002", "revise_round": 2}
[2026-05-20 15:30:55] CH1 data: {"text": "\u53e6\u4e00", "revise_round": 2}
[2026-05-20 15:30:55] CH1 data: {"text": "\u4eba", "revise_round": 2}
[2026-05-20 15:30:55] CH1 data: {"text": "\u8f6c", "revise_round": 2}
[2026-05-20 15:30:55] CH1 data: {"text": "\u8eab", "revise_round": 2}
[2026-05-20 15:30:55] CH1 data: {"text": "\u53bb", "revise_round": 2}
[2026-05-20 15:30:55] CH1 data: {"text": "\u52a0", "revise_round": 2}
[2026-05-20 15:30:55] CH1 data: {"text": "\u7b2c\u4e8c", "revise_round": 2}
[2026-05-20 15:30:58] CH1 data: {"text": "\u9053", "revise_round": 2}
[2026-05-20 15:30:58] CH1 data: {"text": "\u5b98", "revise_round": 2}
[2026-05-20 15:30:58] CH1 data: {"text": "\u7ef3", "revise_round": 2}
[2026-05-20 15:30:58] CH1 data: {"text": "\uff0c\u628a", "revise_round": 2}
[2026-05-20 15:30:58] CH1 data: {"text": "\u5e9f", "revise_round": 2}
[2026-05-20 15:30:58] CH1 data: {"text": "\u706f", "revise_round": 2}
[2026-05-20 15:30:58] CH1 data: {"text": "\u94fa", "revise_round": 2}
[2026-05-20 15:30:58] CH1 data: {"text": "\u6a90", "revise_round": 2}
[2026-05-20 15:30:58] CH1 data: {"text": "\u53e3", "revise_round": 2}
[2026-05-20 15:30:58] CH1 data: {"text": "\u548c", "revise_round": 2}
[2026-05-20 15:30:58] CH1 data: {"text": "\u5c38", "revise_round": 2}
[2026-05-20 15:30:58] CH1 data: {"text": "\u8eab", "revise_round": 2}
[2026-05-20 15:30:58] CH1 data: {"text": "\u4e00", "revise_round": 2}
[2026-05-20 15:30:58] CH1 data: {"text": "\u5e76", "revise_round": 2}
[2026-05-20 15:30:58] CH1 data: {"text": "\u5708", "revise_round": 2}
[2026-05-20 15:30:58] CH1 data: {"text": "\u6b7b", "revise_round": 2}
[2026-05-20 15:30:58] CH1 data: {"text": "\u3002", "revise_round": 2}
[2026-05-20 15:30:58] CH1 data: {"text": "\u9b42", "revise_round": 2}
[2026-05-20 15:30:58] CH1 data: {"text": "\u706f", "revise_round": 2}
[2026-05-20 15:30:58] CH1 data: {"text": "\u4e5f", "revise_round": 2}
[2026-05-20 15:30:58] CH1 data: {"text": "\u8d34", "revise_round": 2}
[2026-05-20 15:30:58] CH1 data: {"text": "\u4e86", "revise_round": 2}
[2026-05-20 15:30:58] CH1 data: {"text": "\u5c01", "revise_round": 2}
[2026-05-20 15:30:58] CH1 data: {"text": "\u7eb8", "revise_round": 2}
[2026-05-20 15:30:58] CH1 data: {"text": "\uff0c", "revise_round": 2}
[2026-05-20 15:30:58] CH1 data: {"text": "\u706b", "revise_round": 2}
[2026-05-20 15:30:58] CH1 data: {"text": "\u8272", "revise_round": 2}
[2026-05-20 15:30:58] CH1 data: {"text": "\u95f7", "revise_round": 2}
[2026-05-20 15:30:58] CH1 data: {"text": "\u5728", "revise_round": 2}
[2026-05-20 15:30:58] CH1 data: {"text": "\u7eb8", "revise_round": 2}
[2026-05-20 15:30:58] CH1 data: {"text": "\u540e", "revise_round": 2}
[2026-05-20 15:30:58] CH1 data: {"text": "\uff0c\u53ea", "revise_round": 2}
[2026-05-20 15:30:58] CH1 data: {"text": "\u5269", "revise_round": 2}
[2026-05-20 15:30:58] CH1 data: {"text": "\u4e00", "revise_round": 2}
[2026-05-20 15:30:58] CH1 data: {"text": "\u56e2", "revise_round": 2}
[2026-05-20 15:30:58] CH1 data: {"text": "\u7ea2", "revise_round": 2}
[2026-05-20 15:30:58] CH1 data: {"text": "\u3002\n\n", "revise_round": 2}
[2026-05-20 15:30:58] CH1 data: {"text": "\u4ef5", "revise_round": 2}
[2026-05-20 15:30:58] CH1 data: {"text": "\u4f5c", "revise_round": 2}
[2026-05-20 15:30:58] CH1 data: {"text": "\u6367", "revise_round": 2}
[2026-05-20 15:30:58] CH1 data: {"text": "\u7740", "revise_round": 2}
[2026-05-20 15:30:58] CH1 data: {"text": "\u4e24", "revise_round": 2}
[2026-05-20 15:30:58] CH1 data: {"text": "\u5c01", "revise_round": 2}
[2026-05-20 15:30:58] CH1 data: {"text": "\u7070", "revise_round": 2}
[2026-05-20 15:30:58] CH1 data: {"text": "\u6837", "revise_round": 2}
[2026-05-20 15:30:58] CH1 data: {"text": "\u9000", "revise_round": 2}
[2026-05-20 15:30:58] CH1 data: {"text": "\u56de", "revise_round": 2}
[2026-05-20 15:30:58] CH1 data: {"text": "\u68da", "revise_round": 2}
[2026-05-20 15:30:58] CH1 data: {"text": "\u4e0b", "revise_round": 2}
[2026-05-20 15:30:58] CH1 data: {"text": "\uff0c", "revise_round": 2}
[2026-05-20 15:30:58] CH1 data: {"text": "\u5148", "revise_round": 2}
[2026-05-20 15:30:58] CH1 data: {"text": "\u628a", "revise_round": 2}
[2026-05-20 15:30:58] CH1 data: {"text": "\u6b63", "revise_round": 2}
[2026-05-20 15:30:58] CH1 data: {"text": "\u6837", "revise_round": 2}
[2026-05-20 15:30:58] CH1 data: {"text": "\u4ea4", "revise_round": 2}
[2026-05-20 15:30:58] CH1 data: {"text": "\u7ed9", "revise_round": 2}
[2026-05-20 15:30:58] CH1 data: {"text": "\u638c", "revise_round": 2}
[2026-05-20 15:30:58] CH1 data: {"text": "\u518c", "revise_round": 2}
[2026-05-20 15:30:58] CH1 data: {"text": "\u5dee", "revise_round": 2}
[2026-05-20 15:30:58] CH1 data: {"text": "\u5f79", "revise_round": 2}
[2026-05-20 15:30:58] CH1 data: {"text": "\u3002", "revise_round": 2}
[2026-05-20 15:30:58] CH1 data: {"text": "\u638c", "revise_round": 2}
[2026-05-20 15:30:58] CH1 data: {"text": "\u518c", "revise_round": 2}
[2026-05-20 15:30:58] CH1 data: {"text": "\u628a", "revise_round": 2}
[2026-05-20 15:30:58] CH1 data: {"text": "\u5b83", "revise_round": 2}
[2026-05-20 15:30:58] CH1 data: {"text": "\u5939", "revise_round": 2}
[2026-05-20 15:30:58] CH1 data: {"text": "\u8fdb", "revise_round": 2}
[2026-05-20 15:30:58] CH1 data: {"text": "\u6f06", "revise_round": 2}
[2026-05-20 15:30:58] CH1 data: {"text": "\u76ae", "revise_round": 2}
[2026-05-20 15:30:58] CH1 data: {"text": "\u6848", "revise_round": 2}
[2026-05-20 15:30:58] CH1 data: {"text": "\u518c", "revise_round": 2}
[2026-05-20 15:30:58] CH1 data: {"text": "\uff0c\u53c8", "revise_round": 2}
[2026-05-20 15:30:58] CH1 data: {"text": "\u8bb0", "revise_round": 2}
[2026-05-20 15:30:58] CH1 data: {"text": "\u4e00", "revise_round": 2}
[2026-05-20 15:30:58] CH1 data: {"text": "\u884c", "revise_round": 2}
[2026-05-20 15:30:58] CH1 data: {"text": "\uff1a\u201c", "revise_round": 2}
[2026-05-20 15:30:58] CH1 data: {"text": "\u5c38", "revise_round": 2}
[2026-05-20 15:30:58] CH1 data: {"text": "\u638c", "revise_round": 2}
[2026-05-20 15:30:58] CH1 data: {"text": "\u7070", "revise_round": 2}
[2026-05-20 15:30:58] CH1 data: {"text": "\u6837", "revise_round": 2}
[2026-05-20 15:30:58] CH1 data: {"text": "\u6b63", "revise_round": 2}
[2026-05-20 15:30:58] CH1 data: {"text": "\u5c01", "revise_round": 2}
[2026-05-20 15:30:58] CH1 data: {"text": "\u4e00", "revise_round": 2}
[2026-05-20 15:30:58] CH1 data: {"text": "\u3002\u201d", "revise_round": 2}
[2026-05-20 15:30:58] CH1 data: {"text": "\u4ef5", "revise_round": 2}
[2026-05-20 15:30:58] CH1 data: {"text": "\u4f5c", "revise_round": 2}
[2026-05-20 15:30:58] CH1 data: {"text": "\u8fdf", "revise_round": 2}
[2026-05-20 15:30:58] CH1 data: {"text": "\u7591", "revise_round": 2}
[2026-05-20 15:30:58] CH1 data: {"text": "\u4e86\u4e00", "revise_round": 2}
[2026-05-20 15:30:58] CH1 data: {"text": "\u4e0b", "revise_round": 2}
[2026-05-20 15:30:58] CH1 data: {"text": "\uff0c", "revise_round": 2}
[2026-05-20 15:30:58] CH1 data: {"text": "\u624d", "revise_round": 2}
[2026-05-20 15:30:58] CH1 data: {"text": "\u628a", "revise_round": 2}
[2026-05-20 15:30:58] CH1 data: {"text": "\u53e6\u4e00", "revise_round": 2}
[2026-05-20 15:30:58] CH1 data: {"text": "\u5c01", "revise_round": 2}
[2026-05-20 15:30:58] CH1 data: {"text": "\u4e3e", "revise_round": 2}
[2026-05-20 15:30:58] CH1 data: {"text": "\u7ed9", "revise_round": 2}
[2026-05-20 15:30:58] CH1 data: {"text": "\u5b88", "revise_round": 2}
[2026-05-20 15:30:58] CH1 data: {"text": "\u5907", "revise_round": 2}
[2026-05-20 15:30:58] CH1 data: {"text": "\uff1a\u201c", "revise_round": 2}
[2026-05-20 15:30:58] CH1 data: {"text": "\u6309", "revise_round": 2}
[2026-05-20 15:30:58] CH1 data: {"text": "\u591c", "revise_round": 2}
[2026-05-20 15:30:58] CH1 data: {"text": "\u52d8", "revise_round": 2}
[2026-05-20 15:30:58] CH1 data: {"text": "\u65e7", "revise_round": 2}
[2026-05-20 15:30:58] CH1 data: {"text": "\u4f8b", "revise_round": 2}
[2026-05-20 15:30:58] CH1 data: {"text": "\uff0c", "revise_round": 2}
[2026-05-20 15:30:58] CH1 data: {"text": "\u9996", "revise_round": 2}
[2026-05-20 15:30:58] CH1 data: {"text": "\u52d8", "revise_round": 2}
[2026-05-20 15:30:58] CH1 data: {"text": "\u6709", "revise_round": 2}
[2026-05-20 15:30:58] CH1 data: {"text": "\u5f02", "revise_round": 2}
[2026-05-20 15:30:58] CH1 data: {"text": "\u8bae", "revise_round": 2}
[2026-05-20 15:30:58] CH1 data: {"text": "\uff0c\u53ef", "revise_round": 2}
[2026-05-20 15:30:58] CH1 data: {"text": "\u7559", "revise_round": 2}
[2026-05-20 15:30:58] CH1 data: {"text": "\u526f", "revise_round": 2}
[2026-05-20 15:30:58] CH1 data: {"text": "\u5c01", "revise_round": 2}
[2026-05-20 15:30:58] CH1 data: {"text": "\u590d", "revise_round": 2}
[2026-05-20 15:30:58] CH1 data: {"text": "\u52d8", "revise_round": 2}
[2026-05-20 15:30:58] CH1 data: {"text": "\uff0c", "revise_round": 2}
[2026-05-20 15:30:58] CH1 data: {"text": "\u5929", "revise_round": 2}
[2026-05-20 15:30:58] CH1 data: {"text": "\u4eae", "revise_round": 2}
[2026-05-20 15:30:58] CH1 data: {"text": "\u5e76", "revise_round": 2}
[2026-05-20 15:30:58] CH1 data: {"text": "\u56de", "revise_round": 2}
[2026-05-20 15:30:58] CH1 data: {"text": "\u3002\u201d\n\n", "revise_round": 2}
[2026-05-20 15:30:58] CH1 data: {"text": "\u5b88", "revise_round": 2}
[2026-05-20 15:30:58] CH1 data: {"text": "\u5907", "revise_round": 2}
[2026-05-20 15:30:58] CH1 data: {"text": "\u770b", "revise_round": 2}
[2026-05-20 15:30:58] CH1 data: {"text": "\u7740", "revise_round": 2}
[2026-05-20 15:30:58] CH1 data: {"text": "\u6c88", "revise_round": 2}
[2026-05-20 15:30:58] CH1 data: {"text": "\u7167", "revise_round": 2}
[2026-05-20 15:30:58] CH1 data: {"text": "\uff0c", "revise_round": 2}
[2026-05-20 15:30:58] CH1 data: {"text": "\u534a", "revise_round": 2}
[2026-05-20 15:30:58] CH1 data: {"text": "\u664c", "revise_round": 2}
[2026-05-20 15:30:58] CH1 data: {"text": "\u624d", "revise_round": 2}
[2026-05-20 15:30:58] CH1 data: {"text": "\u51b7", "revise_round": 2}
[2026-05-20 15:30:58] CH1 data: {"text": "\u7b11", "revise_round": 2}
[2026-05-20 15:30:58] CH1 data: {"text": "\uff1a\u201c", "revise_round": 2}
[2026-05-20 15:30:58] CH1 data: {"text": "\u7ed9", "revise_round": 2}
[2026-05-20 15:30:58] CH1 data: {"text": "\u4ed6", "revise_round": 2}
[2026-05-20 15:30:58] CH1 data: {"text": "\u3002", "revise_round": 2}
[2026-05-20 15:30:58] CH1 data: {"text": "\u7701", "revise_round": 2}
[2026-05-20 15:30:58] CH1 data: {"text": "\u5f97", "revise_round": 2}
[2026-05-20 15:30:58] CH1 data: {"text": "\u4ed6", "revise_round": 2}
[2026-05-20 15:30:58] CH1 data: {"text": "\u518d", "revise_round": 2}
[2026-05-20 15:30:58] CH1 data: {"text": "\u62ff", "revise_round": 2}
[2026-05-20 15:30:58] CH1 data: {"text": "\u89c4", "revise_round": 2}
[2026-05-20 15:30:58] CH1 data: {"text": "\u77e9", "revise_round": 2}
[2026-05-20 15:30:58] CH1 data: {"text": "\u538b", "revise_round": 2}
[2026-05-20 15:30:58] CH1 data: {"text": "\u6211", "revise_round": 2}
[2026-05-20 15:30:58] CH1 data: {"text": "\u3002\u201d", "revise_round": 2}
[2026-05-20 15:30:58] CH1 data: {"text": "\u4ed6", "revise_round": 2}
[2026-05-20 15:30:58] CH1 data: {"text": "\u6307", "revise_round": 2}
[2026-05-20 15:30:58] CH1 data: {"text": "\u5c16", "revise_round": 2}
[2026-05-20 15:30:58] CH1 data: {"text": "\u4e00", "revise_round": 2}
[2026-05-20 15:30:58] CH1 data: {"text": "\u6572", "revise_round": 2}
[2026-05-20 15:30:58] CH1 data: {"text": "\u6848", "revise_round": 2}
[2026-05-20 15:30:58] CH1 data: {"text": "\u8fb9", "revise_round": 2}
[2026-05-20 15:30:58] CH1 data: {"text": "\uff0c\u201c", "revise_round": 2}
[2026-05-20 15:30:58] CH1 data: {"text": "\u526f", "revise_round": 2}
[2026-05-20 15:30:58] CH1 data: {"text": "\u5c01", "revise_round": 2}
[2026-05-20 15:30:58] CH1 data: {"text": "\u5199", "revise_round": 2}
[2026-05-20 15:30:58] CH1 data: {"text": "\u7f16\u53f7", "revise_round": 2}
[2026-05-20 15:30:58] CH1 data: {"text": "\uff0c", "revise_round": 2}
[2026-05-20 15:30:58] CH1 data: {"text": "\u5199", "revise_round": 2}
[2026-05-20 15:30:58] CH1 data: {"text": "\u6e05", "revise_round": 2}
[2026-05-20 15:30:58] CH1 data: {"text": "\u6682", "revise_round": 2}
[2026-05-20 15:30:58] CH1 data: {"text": "\u62bc", "revise_round": 2}
[2026-05-20 15:30:58] CH1 data: {"text": "\u3002", "revise_round": 2}
[2026-05-20 15:30:58] CH1 data: {"text": "\u5929", "revise_round": 2}
[2026-05-20 15:30:58] CH1 data: {"text": "\u4eae", "revise_round": 2}
[2026-05-20 15:30:58] CH1 data: {"text": "\u524d", "revise_round": 2}
[2026-05-20 15:30:58] CH1 data: {"text": "\uff0c", "revise_round": 2}
[2026-05-20 15:30:58] CH1 data: {"text": "\u539f", "revise_round": 2}
[2026-05-20 15:30:58] CH1 data: {"text": "\u5c01", "revise_round": 2}
[2026-05-20 15:30:58] CH1 data: {"text": "\u4ea4", "revise_round": 2}
[2026-05-20 15:30:59] CH1 data: {"text": "\u56de", "revise_round": 2}
[2026-05-20 15:30:59] CH1 data: {"text": "\u3002", "revise_round": 2}
[2026-05-20 15:30:59] CH1 data: {"text": "\u5c11", "revise_round": 2}
[2026-05-20 15:30:59] CH1 data: {"text": "\u4e00", "revise_round": 2}
[2026-05-20 15:30:59] CH1 data: {"text": "\u89d2", "revise_round": 2}
[2026-05-20 15:30:59] CH1 data: {"text": "\u5c01", "revise_round": 2}
[2026-05-20 15:30:59] CH1 data: {"text": "\u6ce5", "revise_round": 2}
[2026-05-20 15:30:59] CH1 data: {"text": "\uff0c\u6211", "revise_round": 2}
[2026-05-20 15:30:59] CH1 data: {"text": "\u5c31", "revise_round": 2}
[2026-05-20 15:30:59] CH1 data: {"text": "\u6309", "revise_round": 2}
[2026-05-20 15:30:59] CH1 data: {"text": "\u6bc1", "revise_round": 2}
[2026-05-20 15:30:59] CH1 data: {"text": "\u8bc1", "revise_round": 2}
[2026-05-20 15:30:59] CH1 data: {"text": "\u62ff", "revise_round": 2}
[2026-05-20 15:30:59] CH1 data: {"text": "\u4f60", "revise_round": 2}
[2026-05-20 15:30:59] CH1 data: {"text": "\u3002", "revise_round": 2}
[2026-05-20 15:30:59] CH1 data: {"text": "\u62a4", "revise_round": 2}
[2026-05-20 15:30:59] CH1 data: {"text": "\u72af", "revise_round": 2}
[2026-05-20 15:30:59] CH1 data: {"text": "\u3001", "revise_round": 2}
[2026-05-20 15:30:59] CH1 data: {"text": "\u8bef", "revise_round": 2}
[2026-05-20 15:30:59] CH1 data: {"text": "\u6848", "revise_round": 2}
[2026-05-20 15:30:59] CH1 data: {"text": "\uff0c\u4f60", "revise_round": 2}
[2026-05-20 15:30:59] CH1 data: {"text": "\u4e00\u4e2a", "revise_round": 2}
[2026-05-20 15:30:59] CH1 data: {"text": "\u4e5f", "revise_round": 2}
[2026-05-20 15:30:59] CH1 data: {"text": "\u8dd1", "revise_round": 2}
[2026-05-20 15:30:59] CH1 data: {"text": "\u4e0d", "revise_round": 2}
[2026-05-20 15:30:59] CH1 data: {"text": "\u6389", "revise_round": 2}
[2026-05-20 15:30:59] CH1 data: {"text": "\u3002\u201d\n\n", "revise_round": 2}
[2026-05-20 15:30:59] CH1 data: {"text": "\u638c", "revise_round": 2}
[2026-05-20 15:30:59] CH1 data: {"text": "\u518c", "revise_round": 2}
[2026-05-20 15:30:59] CH1 data: {"text": "\u5dee", "revise_round": 2}
[2026-05-20 15:30:59] CH1 data: {"text": "\u5f79", "revise_round": 2}
[2026-05-20 15:30:59] CH1 data: {"text": "\u53ea", "revise_round": 2}
[2026-05-20 15:30:59] CH1 data: {"text": "\u5f97", "revise_round": 2}
[2026-05-20 15:30:59] CH1 data: {"text": "\u7167", "revise_round": 2}
[2026-05-20 15:30:59] CH1 data: {"text": "\u5199", "revise_round": 2}
[2026-05-20 15:30:59] CH1 data: {"text": "\uff0c", "revise_round": 2}
[2026-05-20 15:30:59] CH1 data: {"text": "\u58a8", "revise_round": 2}
[2026-05-20 15:30:59] CH1 data: {"text": "\u8ff9", "revise_round": 2}
[2026-05-20 15:30:59] CH1 data: {"text": "\u5728", "revise_round": 2}
[2026-05-20 15:30:59] CH1 data: {"text": "\u6f6e", "revise_round": 2}
[2026-05-20 15:30:59] CH1 data: {"text": "\u6c14", "revise_round": 2}
[2026-05-20 15:30:59] CH1 data: {"text": "\u91cc", "revise_round": 2}
[2026-05-20 15:30:59] CH1 data: {"text": "\u6d07", "revise_round": 2}
[2026-05-20 15:30:59] CH1 data: {"text": "\u5f00", "revise_round": 2}
[2026-05-20 15:30:59] CH1 data: {"text": "\u4e00\u70b9", "revise_round": 2}
[2026-05-20 15:30:59] CH1 data: {"text": "\uff1a\u201c", "revise_round": 2}
[2026-05-20 15:30:59] CH1 data: {"text": "\u7070", "revise_round": 2}
[2026-05-20 15:30:59] CH1 data: {"text": "\u6837", "revise_round": 2}
[2026-05-20 15:30:59] CH1 data: {"text": "\u526f", "revise_round": 2}
[2026-05-20 15:30:59] CH1 data: {"text": "\u5c01", "revise_round": 2}
[2026-05-20 15:30:59] CH1 data: {"text": "\u4e00", "revise_round": 2}
[2026-05-20 15:30:59] CH1 data: {"text": "\uff0c", "revise_round": 2}
[2026-05-20 15:30:59] CH1 data: {"text": "\u7f16\u53f7", "revise_round": 2}
[2026-05-20 15:30:59] CH1 data: {"text": "\u4e59", "revise_round": 2}
[2026-05-20 15:31:00] CH1 data: {"text": "\u4e03", "revise_round": 2}
[2026-05-20 15:31:00] CH1 data: {"text": "\uff0c", "revise_round": 2}
[2026-05-20 15:31:00] CH1 data: {"text": "\u4ea4", "revise_round": 2}
[2026-05-20 15:31:00] CH1 data: {"text": "\u9996", "revise_round": 2}
[2026-05-20 15:31:00] CH1 data: {"text": "\u52d8", "revise_round": 2}
[2026-05-20 15:31:00] CH1 data: {"text": "\u4eba", "revise_round": 2}
[2026-05-20 15:31:00] CH1 data: {"text": "\u6c88", "revise_round": 2}
[2026-05-20 15:31:00] CH1 data: {"text": "\u7167", "revise_round": 2}
[2026-05-20 15:31:00] CH1 data: {"text": "\u6682", "revise_round": 2}
[2026-05-20 15:31:00] CH1 data: {"text": "\u62bc", "revise_round": 2}
[2026-05-20 15:31:00] CH1 data: {"text": "\u590d", "revise_round": 2}
[2026-05-20 15:31:00] CH1 data: {"text": "\u52d8", "revise_round": 2}
[2026-05-20 15:31:00] CH1 data: {"text": "\uff0c", "revise_round": 2}
[2026-05-20 15:31:00] CH1 data: {"text": "\u5929", "revise_round": 2}
[2026-05-20 15:31:00] CH1 data: {"text": "\u4eae", "revise_round": 2}
[2026-05-20 15:31:00] CH1 data: {"text": "\u56de", "revise_round": 2}
[2026-05-20 15:31:00] CH1 data: {"text": "\u7f34", "revise_round": 2}
[2026-05-20 15:31:00] CH1 data: {"text": "\u3002\u201d", "revise_round": 2}
[2026-05-20 15:31:00] CH1 data: {"text": "\u5199", "revise_round": 2}
[2026-05-20 15:31:00] CH1 data: {"text": "\u5b8c", "revise_round": 2}
[2026-05-20 15:31:00] CH1 data: {"text": "\uff0c", "revise_round": 2}
[2026-05-20 15:31:00] CH1 data: {"text": "\u9012", "revise_round": 2}
[2026-05-20 15:31:00] CH1 data: {"text": "\u5230", "revise_round": 2}
[2026-05-20 15:31:00] CH1 data: {"text": "\u6c88", "revise_round": 2}
[2026-05-20 15:31:00] CH1 data: {"text": "\u7167", "revise_round": 2}
[2026-05-20 15:31:00] CH1 data: {"text": "\u624b", "revise_round": 2}
[2026-05-20 15:31:00] CH1 data: {"text": "\u91cc", "revise_round": 2}
[2026-05-20 15:31:00] CH1 data: {"text": "\u3002\n\n", "revise_round": 2}
[2026-05-20 15:31:00] CH1 data: {"text": "\u90a3", "revise_round": 2}
[2026-05-20 15:31:00] CH1 data: {"text": "\u5c0f", "revise_round": 2}
[2026-05-20 15:31:00] CH1 data: {"text": "\u7eb8", "revise_round": 2}
[2026-05-20 15:31:00] CH1 data: {"text": "\u5c01", "revise_round": 2}
[2026-05-20 15:31:00] CH1 data: {"text": "\u8f7b", "revise_round": 2}
[2026-05-20 15:31:00] CH1 data: {"text": "\u5f97", "revise_round": 2}
[2026-05-20 15:31:00] CH1 data: {"text": "\u5f88", "revise_round": 2}
[2026-05-20 15:31:00] CH1 data: {"text": "\uff0c", "revise_round": 2}
[2026-05-20 15:31:00] CH1 data: {"text": "\u8fb9", "revise_round": 2}
[2026-05-20 15:31:00] CH1 data: {"text": "\u89d2", "revise_round": 2}
[2026-05-20 15:31:00] CH1 data: {"text": "\u5374", "revise_round": 2}
[2026-05-20 15:31:00] CH1 data: {"text": "\u784c", "revise_round": 2}
[2026-05-20 15:31:00] CH1 data: {"text": "\u624b", "revise_round": 2}
[2026-05-20 15:31:00] CH1 data: {"text": "\u3002", "revise_round": 2}
[2026-05-20 15:31:00] CH1 data: {"text": "\u91cc", "revise_round": 2}
[2026-05-20 15:31:00] CH1 data: {"text": "\u5934", "revise_round": 2}
[2026-05-20 15:31:00] CH1 data: {"text": "\u90a3", "revise_round": 2}
[2026-05-20 15:31:00] CH1 data: {"text": "\u70b9", "revise_round": 2}
[2026-05-20 15:31:00] CH1 data: {"text": "\u7070", "revise_round": 2}
[2026-05-20 15:31:00] CH1 data: {"text": "\uff0c", "revise_round": 2}
[2026-05-20 15:31:00] CH1 data: {"text": "\u538b", "revise_round": 2}
[2026-05-20 15:31:00] CH1 data: {"text": "\u7740", "revise_round": 2}
[2026-05-20 15:31:00] CH1 data: {"text": "\u7684", "revise_round": 2}
[2026-05-20 15:31:00] CH1 data: {"text": "\u6b63", "revise_round": 2}
[2026-05-20 15:31:00] CH1 data: {"text": "\u662f", "revise_round": 2}
[2026-05-20 15:31:01] CH1 data: {"text": "\u5e08", "revise_round": 2}
[2026-05-20 15:31:01] CH1 data: {"text": "\u7236", "revise_round": 2}
[2026-05-20 15:31:01] CH1 data: {"text": "\u5f53", "revise_round": 2}
[2026-05-20 15:31:01] CH1 data: {"text": "\u5e74", "revise_round": 2}
[2026-05-20 15:31:01] CH1 data: {"text": "\u6559", "revise_round": 2}
[2026-05-20 15:31:01] CH1 data: {"text": "\u4ed6", "revise_round": 2}
[2026-05-20 15:31:01] CH1 data: {"text": "\u8ba4", "revise_round": 2}
[2026-05-20 15:31:01] CH1 data: {"text": "\u7684", "revise_round": 2}
[2026-05-20 15:31:01] CH1 data: {"text": "\u56de", "revise_round": 2}
[2026-05-20 15:31:01] CH1 data: {"text": "\u7167", "revise_round": 2}
[2026-05-20 15:31:01] CH1 data: {"text": "\u5370", "revise_round": 2}
[2026-05-20 15:31:01] CH1 data: {"text": "\u3002", "revise_round": 2}
[2026-05-20 15:31:01] CH1 data: {"text": "\u516c\u5f00", "revise_round": 2}
[2026-05-20 15:31:01] CH1 data: {"text": "\u4e0d\u80fd", "revise_round": 2}
[2026-05-20 15:31:01] CH1 data: {"text": "\u8bf4", "revise_round": 2}
[2026-05-20 15:31:01] CH1 data: {"text": "\u3002", "revise_round": 2}
[2026-05-20 15:31:01] CH1 data: {"text": "\u73b0\u5728", "revise_round": 2}
[2026-05-20 15:31:01] CH1 data: {"text": "\u4e5f", "revise_round": 2}
[2026-05-20 15:31:01] CH1 data: {"text": "\u53ea", "revise_round": 2}
[2026-05-20 15:31:01] CH1 data: {"text": "\u591f", "revise_round": 2}
[2026-05-20 15:31:01] CH1 data: {"text": "\u62ff", "revise_round": 2}
[2026-05-20 15:31:01] CH1 data: {"text": "\u6765", "revise_round": 2}
[2026-05-20 15:31:01] CH1 data: {"text": "\u8ffd", "revise_round": 2}
[2026-05-20 15:31:01] CH1 data: {"text": "\u7ebf", "revise_round": 2}
[2026-05-20 15:31:01] CH1 data: {"text": "\u3002\n\n", "revise_round": 2}
[2026-05-20 15:31:01] CH1 data: {"text": "\u6c88", "revise_round": 2}
[2026-05-20 15:31:01] CH1 data: {"text": "\u7167", "revise_round": 2}
[2026-05-20 15:31:01] CH1 data: {"text": "\u628a", "revise_round": 2}
[2026-05-20 15:31:01] CH1 data: {"text": "\u526f", "revise_round": 2}
[2026-05-20 15:31:01] CH1 data: {"text": "\u5c01", "revise_round": 2}
[2026-05-20 15:31:01] CH1 data: {"text": "\u6536\u5165", "revise_round": 2}
[2026-05-20 15:31:01] CH1 data: {"text": "\u8896", "revise_round": 2}
[2026-05-20 15:31:01] CH1 data: {"text": "\u4e2d", "revise_round": 2}
[2026-05-20 15:31:01] CH1 data: {"text": "\uff0c", "revise_round": 2}
[2026-05-20 15:31:01] CH1 data: {"text": "\u62ac", "revise_round": 2}
[2026-05-20 15:31:01] CH1 data: {"text": "\u773c", "revise_round": 2}
[2026-05-20 15:31:01] CH1 data: {"text": "\u9053", "revise_round": 2}
[2026-05-20 15:31:01] CH1 data: {"text": "\uff1a\u201c", "revise_round": 2}
[2026-05-20 15:31:01] CH1 data: {"text": "\u5929", "revise_round": 2}
[2026-05-20 15:31:01] CH1 data: {"text": "\u4eae", "revise_round": 2}
[2026-05-20 15:31:01] CH1 data: {"text": "\u524d", "revise_round": 2}
[2026-05-20 15:31:01] CH1 data: {"text": "\uff0c\u6211", "revise_round": 2}
[2026-05-20 15:31:01] CH1 data: {"text": "\u7ed9", "revise_round": 2}
[2026-05-20 15:31:01] CH1 data: {"text": "\u4f60", "revise_round": 2}
[2026-05-20 15:31:01] CH1 data: {"text": "\u80fd", "revise_round": 2}
[2026-05-20 15:31:01] CH1 data: {"text": "\u7ad9", "revise_round": 2}
[2026-05-20 15:31:01] CH1 data: {"text": "\u4f4f", "revise_round": 2}
[2026-05-20 15:31:01] CH1 data: {"text": "\u811a", "revise_round": 2}
[2026-05-20 15:31:01] CH1 data: {"text": "\u7684", "revise_round": 2}
[2026-05-20 15:31:01] CH1 data: {"text": "\u8bf4", "revise_round": 2}
[2026-05-20 15:31:01] CH1 data: {"text": "\u6cd5", "revise_round": 2}
[2026-05-20 15:31:01] CH1 data: {"text": "\u3002\u201d\n\n", "revise_round": 2}
[2026-05-20 15:31:01] CH1 data: {"text": "\u201c", "revise_round": 2}
[2026-05-20 15:31:01] CH1 data: {"text": "\u6700\u597d", "revise_round": 2}
[2026-05-20 15:31:01] CH1 data: {"text": "\u7ed9", "revise_round": 2}
[2026-05-20 15:31:02] CH1 data: {"text": "\u5f97", "revise_round": 2}
[2026-05-20 15:31:02] CH1 data: {"text": "\u51fa", "revise_round": 2}
[2026-05-20 15:31:02] CH1 data: {"text": "\u3002\u201d", "revise_round": 2}
[2026-05-20 15:31:02] CH1 data: {"text": "\u5b88", "revise_round": 2}
[2026-05-20 15:31:02] CH1 data: {"text": "\u5907", "revise_round": 2}
[2026-05-20 15:31:02] CH1 data: {"text": "\u62c2", "revise_round": 2}
[2026-05-20 15:31:02] CH1 data: {"text": "\u8896", "revise_round": 2}
[2026-05-20 15:31:02] CH1 data: {"text": "\u8f6c", "revise_round": 2}
[2026-05-20 15:31:02] CH1 data: {"text": "\u8eab", "revise_round": 2}
[2026-05-20 15:31:02] CH1 data: {"text": "\uff0c\u201c", "revise_round": 2}
[2026-05-20 15:31:02] CH1 data: {"text": "\u4e0d", "revise_round": 2}
[2026-05-20 15:31:02] CH1 data: {"text": "\u7136", "revise_round": 2}
[2026-05-20 15:31:02] CH1 data: {"text": "\u8fd9", "revise_round": 2}
[2026-05-20 15:31:02] CH1 data: {"text": "\u9876", "revise_round": 2}
[2026-05-20 15:31:02] CH1 data: {"text": "\u5e3d", "revise_round": 2}
[2026-05-20 15:31:02] CH1 data: {"text": "\u5b50", "revise_round": 2}
[2026-05-20 15:31:02] CH1 data: {"text": "\uff0c", "revise_round": 2}
[2026-05-20 15:31:02] CH1 data: {"text": "\u591f", "revise_round": 2}
[2026-05-20 15:31:02] CH1 data: {"text": "\u538b", "revise_round": 2}
[2026-05-20 15:31:02] CH1 data: {"text": "\u4f60", "revise_round": 2}
[2026-05-20 15:31:02] CH1 data: {"text": "\u4e00", "revise_round": 2}
[2026-05-20 15:31:02] CH1 data: {"text": "\u8f88", "revise_round": 2}
[2026-05-20 15:31:02] CH1 data: {"text": "\u5b50", "revise_round": 2}
[2026-05-20 15:31:02] CH1 data: {"text": "\u3002\u201d\n\n", "revise_round": 2}
[2026-05-20 15:31:02] CH1 data: {"text": "\u8336", "revise_round": 2}
[2026-05-20 15:31:02] CH1 data: {"text": "\u68da", "revise_round": 2}
[2026-05-20 15:31:02] CH1 data: {"text": "\u5916", "revise_round": 2}
[2026-05-20 15:31:02] CH1 data: {"text": "\u96e8", "revise_round": 2}
[2026-05-20 15:31:02] CH1 data: {"text": "\u4e1d", "revise_round": 2}
[2026-05-20 15:31:02] CH1 data: {"text": "\u8fd8", "revise_round": 2}
[2026-05-20 15:31:02] CH1 data: {"text": "\u5bc6", "revise_round": 2}
[2026-05-20 15:31:02] CH1 data: {"text": "\u3002", "revise_round": 2}
[2026-05-20 15:31:02] CH1 data: {"text": "\u5b98", "revise_round": 2}
[2026-05-20 15:31:02] CH1 data: {"text": "\u7ef3", "revise_round": 2}
[2026-05-20 15:31:02] CH1 data: {"text": "\u4e00\u9053", "revise_round": 2}
[2026-05-20 15:31:02] CH1 data: {"text": "\u63a5", "revise_round": 2}
[2026-05-20 15:31:02] CH1 data: {"text": "\u4e00\u9053", "revise_round": 2}
[2026-05-20 15:31:02] CH1 data: {"text": "\uff0c\u628a", "revise_round": 2}
[2026-05-20 15:31:02] CH1 data: {"text": "\u6a90", "revise_round": 2}
[2026-05-20 15:31:02] CH1 data: {"text": "\u4e0b", "revise_round": 2}
[2026-05-20 15:31:02] CH1 data: {"text": "\u7684", "revise_round": 2}
[2026-05-20 15:31:02] CH1 data: {"text": "\u706f", "revise_round": 2}
[2026-05-20 15:31:02] CH1 data: {"text": "\u3001", "revise_round": 2}
[2026-05-20 15:31:02] CH1 data: {"text": "\u5c38", "revise_round": 2}
[2026-05-20 15:31:02] CH1 data: {"text": "\u3001", "revise_round": 2}
[2026-05-20 15:31:02] CH1 data: {"text": "\u7f20", "revise_round": 2}
[2026-05-20 15:31:02] CH1 data: {"text": "\u5e03", "revise_round": 2}
[2026-05-20 15:31:02] CH1 data: {"text": "\u3001", "revise_round": 2}
[2026-05-20 15:31:02] CH1 data: {"text": "\u6b63", "revise_round": 2}
[2026-05-20 15:31:02] CH1 data: {"text": "\u6837", "revise_round": 2}
[2026-05-20 15:31:03] CH1 data: {"text": "\u5168", "revise_round": 2}
[2026-05-20 15:31:03] CH1 data: {"text": "\u9501", "revise_round": 2}
[2026-05-20 15:31:03] CH1 data: {"text": "\u5728", "revise_round": 2}
[2026-05-20 15:31:03] CH1 data: {"text": "\u91cc", "revise_round": 2}
[2026-05-20 15:31:03] CH1 data: {"text": "\u5934", "revise_round": 2}
[2026-05-20 15:31:03] CH1 data: {"text": "\u3002", "revise_round": 2}
[2026-05-20 15:31:03] CH1 data: {"text": "\u8001", "revise_round": 2}
[2026-05-20 15:31:03] CH1 data: {"text": "\u66f4", "revise_round": 2}
[2026-05-20 15:31:03] CH1 data: {"text": "\u592b", "revise_round": 2}
[2026-05-20 15:31:03] CH1 data: {"text": "\u88ab", "revise_round": 2}
[2026-05-20 15:31:03] CH1 data: {"text": "\u62bc", "revise_round": 2}
[2026-05-20 15:31:03] CH1 data: {"text": "\u5728", "revise_round": 2}
[2026-05-20 15:31:03] CH1 data: {"text": "\u5899", "revise_round": 2}
[2026-05-20 15:31:03] CH1 data: {"text": "\u8fb9", "revise_round": 2}
[2026-05-20 15:31:03] CH1 data: {"text": "\uff0c", "revise_round": 2}
[2026-05-20 15:31:03] CH1 data: {"text": "\u8fde", "revise_round": 2}
[2026-05-20 15:31:03] CH1 data: {"text": "\u54b3", "revise_round": 2}
[2026-05-20 15:31:03] CH1 data: {"text": "\u90fd", "revise_round": 2}
[2026-05-20 15:31:03] CH1 data: {"text": "\u4e0d", "revise_round": 2}
[2026-05-20 15:31:03] CH1 data: {"text": "\u6562", "revise_round": 2}
[2026-05-20 15:31:03] CH1 data: {"text": "\u51fa", "revise_round": 2}
[2026-05-20 15:31:03] CH1 data: {"text": "\u58f0", "revise_round": 2}
[2026-05-20 15:31:03] CH1 data: {"text": "\u3002", "revise_round": 2}
[2026-05-20 15:31:03] CH1 data: {"text": "\u6c88", "revise_round": 2}
[2026-05-20 15:31:03] CH1 data: {"text": "\u7167", "revise_round": 2}
[2026-05-20 15:31:03] CH1 data: {"text": "\u7ad9", "revise_round": 2}
[2026-05-20 15:31:03] CH1 data: {"text": "\u5230", "revise_round": 2}
[2026-05-20 15:31:03] CH1 data: {"text": "\u5c01", "revise_round": 2}
[2026-05-20 15:31:03] CH1 data: {"text": "\u7ebf", "revise_round": 2}
[2026-05-20 15:31:03] CH1 data: {"text": "\u5916", "revise_round": 2}
[2026-05-20 15:31:03] CH1 data: {"text": "\uff0c", "revise_round": 2}
[2026-05-20 15:31:03] CH1 data: {"text": "\u95fb", "revise_round": 2}
[2026-05-20 15:31:03] CH1 data: {"text": "\u7740", "revise_round": 2}
[2026-05-20 15:31:03] CH1 data: {"text": "\u96e8", "revise_round": 2}
[2026-05-20 15:31:03] CH1 data: {"text": "\u91cc\u7684", "revise_round": 2}
[2026-05-20 15:31:03] CH1 data: {"text": "\u6cb9", "revise_round": 2}
[2026-05-20 15:31:03] CH1 data: {"text": "\u8165", "revise_round": 2}
[2026-05-20 15:31:03] CH1 data: {"text": "\uff0c\u628a", "revise_round": 2}
[2026-05-20 15:31:03] CH1 data: {"text": "\u8896", "revise_round": 2}
[2026-05-20 15:31:03] CH1 data: {"text": "\u4e2d", "revise_round": 2}
[2026-05-20 15:31:03] CH1 data: {"text": "\u90a3", "revise_round": 2}
[2026-05-20 15:31:03] CH1 data: {"text": "\u679a", "revise_round": 2}
[2026-05-20 15:31:03] CH1 data: {"text": "\u7f16\u53f7", "revise_round": 2}
[2026-05-20 15:31:03] CH1 data: {"text": "\u7eb8", "revise_round": 2}
[2026-05-20 15:31:03] CH1 data: {"text": "\u5c01", "revise_round": 2}
[2026-05-20 15:31:03] CH1 data: {"text": "\u6309", "revise_round": 2}
[2026-05-20 15:31:03] CH1 data: {"text": "\u7a33", "revise_round": 2}
[2026-05-20 15:31:03] CH1 data: {"text": "\u3002\n\n", "revise_round": 2}
[2026-05-20 15:31:03] CH1 data: {"text": "\u5929", "revise_round": 2}
[2026-05-20 15:31:03] CH1 data: {"text": "\u4eae", "revise_round": 2}
[2026-05-20 15:31:03] CH1 data: {"text": "\u524d", "revise_round": 2}
[2026-05-20 15:31:03] CH1 data: {"text": "\uff0c\u4ed6", "revise_round": 2}
[2026-05-20 15:31:03] CH1 data: {"text": "\u53ea", "revise_round": 2}
[2026-05-20 15:31:04] CH1 data: {"text": "\u5269", "revise_round": 2}
[2026-05-20 15:31:04] CH1 data: {"text": "\u4e24", "revise_round": 2}
[2026-05-20 15:31:04] CH1 data: {"text": "\u6761", "revise_round": 2}
[2026-05-20 15:31:04] CH1 data: {"text": "\u8def", "revise_round": 2}
[2026-05-20 15:31:04] CH1 data: {"text": "\uff1a", "revise_round": 2}
[2026-05-20 15:31:04] CH1 data: {"text": "\u67e5", "revise_round": 2}
[2026-05-20 15:31:04] CH1 data: {"text": "\u9b42", "revise_round": 2}
[2026-05-20 15:31:04] CH1 data: {"text": "\u706f", "revise_round": 2}
[2026-05-20 15:31:04] CH1 data: {"text": "\u4ece", "revise_round": 2}
[2026-05-20 15:31:04] CH1 data: {"text": "\u54ea", "revise_round": 2}
[2026-05-20 15:31:04] CH1 data: {"text": "\u6765", "revise_round": 2}
[2026-05-20 15:31:04] CH1 data: {"text": "\uff0c", "revise_round": 2}
[2026-05-20 15:31:04] CH1 data: {"text": "\u67e5", "revise_round": 2}
[2026-05-20 15:31:04] CH1 data: {"text": "\u56de", "revise_round": 2}
[2026-05-20 15:31:04] CH1 data: {"text": "\u7167", "revise_round": 2}
[2026-05-20 15:31:04] CH1 data: {"text": "\u5370", "revise_round": 2}
[2026-05-20 15:31:04] CH1 data: {"text": "\u4ece", "revise_round": 2}
[2026-05-20 15:31:04] CH1 data: {"text": "\u8c01", "revise_round": 2}
[2026-05-20 15:31:04] CH1 data: {"text": "\u624b", "revise_round": 2}
[2026-05-20 15:31:04] CH1 data: {"text": "\u91cc", "revise_round": 2}
[2026-05-20 15:31:04] CH1 data: {"text": "\u51fa\u53bb", "revise_round": 2}
[2026-05-20 15:31:04] CH1 data: {"text": "\u3002", "revise_round": 2}
[2026-05-20 15:31:04] CH1 data: {"status": "saved", "chapter_id": "e9d02dad-5778-4d92-a447-6b2dff36ddb4", "word_count": 4303, "revise_round": 2}
[2026-05-20 15:31:04] CH1 data: {"event": "evaluating", "round": 3}
[2026-05-20 15:39:33] CH1 data: {"event": "scored", "round": 3, "overall": 9.16, "issues": 1}
[2026-05-20 15:39:33] CH1 data: {"event": "revise_skipped", "reason": "score_above_threshold", "overall": 9.16, "threshold": 8.2}
[2026-05-20 15:39:33] CH1 data: {"status": "completed"}
[2026-05-20 15:39:33] CH1 data: [DONE]
[2026-05-20 15:39:33] REGEN_CH1_DONE last={"status": "completed"}
[2026-05-20 15:39:33] REGEN_CH2_START 57191f57-8931-4f7c-95c0-aab70406febd
[2026-05-20 15:39:33] CH2_HTTP 200
[2026-05-20 15:39:33] CH2 data: {"status": "generating", "message": "Starting..."}
[2026-05-20 15:42:42] CH2 data: {"text": "\u94dc"}
[2026-05-20 15:42:42] CH2 data: {"text": "\u9523"}
[2026-05-20 15:42:42] CH2 data: {"text": "\u5148"}
[2026-05-20 15:42:42] CH2 data: {"text": "\u7838"}
[2026-05-20 15:42:42] CH2 data: {"text": "\u4e0b\u6765"}
[2026-05-20 15:42:42] CH2 data: {"text": "\u3002\n\n"}
[2026-05-20 15:42:42] CH2 data: {"text": "\u4e00\u4e0b"}
[2026-05-20 15:42:42] CH2 data: {"text": "\uff0c\u4e24"}
[2026-05-20 15:42:42] CH2 data: {"text": "\u4e0b"}
[2026-05-20 15:42:42] CH2 data: {"text": "\uff0c"}
[2026-05-20 15:42:42] CH2 data: {"text": "\u9707"}
[2026-05-20 15:42:42] CH2 data: {"text": "\u5f97"}
[2026-05-20 15:42:42] CH2 data: {"text": "\u5e99"}
[2026-05-20 15:42:42] CH2 data: {"text": "\u524d"}
[2026-05-20 15:42:42] CH2 data: {"text": "\u9999"}
[2026-05-20 15:42:42] CH2 data: {"text": "\u6848"}
[2026-05-20 15:42:42] CH2 data: {"text": "\u4e0a\u7684"}
[2026-05-20 15:42:42] CH2 data: {"text": "\u7070"}
[2026-05-20 15:42:42] CH2 data: {"text": "\u90fd"}
[2026-05-20 15:42:42] CH2 data: {"text": "\u5728"}
[2026-05-20 15:42:42] CH2 data: {"text": "\u8df3"}
[2026-05-20 15:42:42] CH2 data: {"text": "\u3002"}
[2026-05-20 15:42:42] CH2 data: {"text": "\u559d"}
[2026-05-20 15:42:42] CH2 data: {"text": "\u4ee4"}
[2026-05-20 15:42:42] CH2 data: {"text": "\u7d27"}
[2026-05-20 15:42:42] CH2 data: {"text": "\u8ddf"}
[2026-05-20 15:42:42] CH2 data: {"text": "\u7740"}
[2026-05-20 15:42:42] CH2 data: {"text": "\u538b"}
[2026-05-20 15:42:42] CH2 data: {"text": "\u8fc7"}
[2026-05-20 15:42:42] CH2 data: {"text": "\u77f3"}
[2026-05-20 15:42:42] CH2 data: {"text": "\u9636"}
[2026-05-20 15:42:42] CH2 data: {"text": "\uff1a\u201c"}
[2026-05-20 15:42:42] CH2 data: {"text": "\u56db"}
[2026-05-20 15:42:42] CH2 data: {"text": "\u95e8"}
[2026-05-20 15:42:42] CH2 data: {"text": "\u4e0d\u5f00"}
[2026-05-20 15:42:42] CH2 data: {"text": "\uff01"}
[2026-05-20 15:42:42] CH2 data: {"text": "\u8857"}
[2026-05-20 15:42:42] CH2 data: {"text": "\u53e3"}
[2026-05-20 15:42:42] CH2 data: {"text": "\u8bbe"}
[2026-05-20 15:42:42] CH2 data: {"text": "\u7b7e"}
[2026-05-20 15:42:42] CH2 data: {"text": "\uff0c"}
[2026-05-20 15:42:42] CH2 data: {"text": "\u751f"}
[2026-05-20 15:42:42] CH2 data: {"text": "\u4eba"}
[2026-05-20 15:42:42] CH2 data: {"text": "\u505c"}
[2026-05-20 15:42:42] CH2 data: {"text": "\u6b65"}
[2026-05-20 15:42:42] CH2 data: {"text": "\uff0c"}
[2026-05-20 15:42:42] CH2 data: {"text": "\u65e7"}
[2026-05-20 15:42:42] CH2 data: {"text": "\u6237"}
[2026-05-20 15:42:42] CH2 data: {"text": "\u9a8c"}
[2026-05-20 15:42:42] CH2 data: {"text": "\u7c4d"}
[2026-05-20 15:42:42] CH2 data: {"text": "\uff01\u201d"}
[2026-05-20 15:42:42] CH2 data: {"text": "\u539f"}
[2026-05-20 15:42:42] CH2 data: {"text": "\u672c"}
[2026-05-20 15:42:42] CH2 data: {"text": "\u8981"}
[2026-05-20 15:42:42] CH2 data: {"text": "\u6563"}
[2026-05-20 15:42:42] CH2 data: {"text": "\u7684\u4eba"}
[2026-05-20 15:42:42] CH2 data: {"text": "\u7fa4"}
[2026-05-20 15:42:42] CH2 data: {"text": "\u88ab"}
[2026-05-20 15:42:42] CH2 data: {"text": "\u8fd9\u4e00"}
[2026-05-20 15:42:42] CH2 data: {"text": "\u58f0"}
[2026-05-20 15:42:42] CH2 data: {"text": "\u559d"}
[2026-05-20 15:42:42] CH2 data: {"text": "\u4f4f"}
[2026-05-20 15:42:42] CH2 data: {"text": "\uff0c"}
[2026-05-20 15:42:42] CH2 data: {"text": "\u6324"}
[2026-05-20 15:42:43] CH2 data: {"text": "\u5728"}
[2026-05-20 15:42:43] CH2 data: {"text": "\u5e99"}
[2026-05-20 15:42:43] CH2 data: {"text": "\u95e8"}
[2026-05-20 15:42:43] CH2 data: {"text": "\u3001"}
[2026-05-20 15:42:43] CH2 data: {"text": "\u5eca"}
[2026-05-20 15:42:43] CH2 data: {"text": "\u67f1"}
[2026-05-20 15:42:43] CH2 data: {"text": "\u3001"}
[2026-05-20 15:42:43] CH2 data: {"text": "\u77f3"}
[2026-05-20 15:42:43] CH2 data: {"text": "\u72ee"}
[2026-05-20 15:42:43] CH2 data: {"text": "\u65c1"}
[2026-05-20 15:42:43] CH2 data: {"text": "\uff0c"}
[2026-05-20 15:42:43] CH2 data: {"text": "\u8c01"}
[2026-05-20 15:42:43] CH2 data: {"text": "\u4e5f"}
[2026-05-20 15:42:43] CH2 data: {"text": "\u4e0d"}
[2026-05-20 15:42:43] CH2 data: {"text": "\u6562"}
[2026-05-20 15:42:43] CH2 data: {"text": "\u5148"}
[2026-05-20 15:42:43] CH2 data: {"text": "\u52a8"}
[2026-05-20 15:42:43] CH2 data: {"text": "\u3002\n\n"}
[2026-05-20 15:42:43] CH2 data: {"text": "\u5b88"}
[2026-05-20 15:42:43] CH2 data: {"text": "\u5907"}
[2026-05-20 15:42:43] CH2 data: {"text": "\u7ad9"}
[2026-05-20 15:42:43] CH2 data: {"text": "\u5728"}
[2026-05-20 15:42:43] CH2 data: {"text": "\u5c38"}
[2026-05-20 15:42:43] CH2 data: {"text": "\u677f"}
[2026-05-20 15:42:43] CH2 data: {"text": "\u8fb9"}
[2026-05-20 15:42:43] CH2 data: {"text": "\uff0c"}
[2026-05-20 15:42:43] CH2 data: {"text": "\u8fde"}
[2026-05-20 15:42:43] CH2 data: {"text": "\u770b"}
[2026-05-20 15:42:43] CH2 data: {"text": "\u90fd"}
[2026-05-20 15:42:43] CH2 data: {"text": "\u6ca1"}
[2026-05-20 15:42:43] CH2 data: {"text": "\u518d"}
[2026-05-20 15:42:43] CH2 data: {"text": "\u770b"}
[2026-05-20 15:42:43] CH2 data: {"text": "\u5730"}
[2026-05-20 15:42:43] CH2 data: {"text": "\u4e0a\u7684"}
[2026-05-20 15:42:43] CH2 data: {"text": "\u8840"}
[2026-05-20 15:42:43] CH2 data: {"text": "\u75d5"}
[2026-05-20 15:42:43] CH2 data: {"text": "\uff0c\u53ea"}
[2026-05-20 15:42:43] CH2 data: {"text": "\u62ac"}
[2026-05-20 15:42:43] CH2 data: {"text": "\u624b"}
[2026-05-20 15:42:43] CH2 data: {"text": "\u4e00\u70b9"}
[2026-05-20 15:42:43] CH2 data: {"text": "\uff1a\u201c"}
[2026-05-20 15:42:43] CH2 data: {"text": "\u4eba"}
[2026-05-20 15:42:43] CH2 data: {"text": "\u6848"}
[2026-05-20 15:42:43] CH2 data: {"text": "\uff0c"}
[2026-05-20 15:42:43] CH2 data: {"text": "\u5148"}
[2026-05-20 15:42:43] CH2 data: {"text": "\u6309"}
[2026-05-20 15:42:43] CH2 data: {"text": "\u4eba"}
[2026-05-20 15:42:43] CH2 data: {"text": "\u6848"}
[2026-05-20 15:42:43] CH2 data: {"text": "\u8bb0"}
[2026-05-20 15:42:43] CH2 data: {"text": "\u3002"}
[2026-05-20 15:42:43] CH2 data: {"text": "\u4e0d\u662f"}
[2026-05-20 15:42:43] CH2 data: {"text": "\u653e"}
[2026-05-20 15:42:44] CH2 data: {"text": "\u6848"}
[2026-05-20 15:42:44] CH2 data: {"text": "\uff0c\u66f4"}
[2026-05-20 15:42:44] CH2 data: {"text": "\u4e0d\u662f"}
[2026-05-20 15:42:44] CH2 data: {"text": "\u653e"}
[2026-05-20 15:42:44] CH2 data: {"text": "\u4eba"}
[2026-05-20 15:42:44] CH2 data: {"text": "\u3002"}
[2026-05-20 15:42:44] CH2 data: {"text": "\u9b42"}
[2026-05-20 15:42:44] CH2 data: {"text": "\u706f"}
[2026-05-20 15:42:44] CH2 data: {"text": "\u6536"}
[2026-05-20 15:42:44] CH2 data: {"text": "\u8d77"}
[2026-05-20 15:42:44] CH2 data: {"text": "\uff0c"}
[2026-05-20 15:42:44] CH2 data: {"text": "\u5c38"}
[2026-05-20 15:42:44] CH2 data: {"text": "\u4f53"}
[2026-05-20 15:42:44] CH2 data: {"text": "\u62ac"}
[2026-05-20 15:42:44] CH2 data: {"text": "\u56de"}
[2026-05-20 15:42:44] CH2 data: {"text": "\uff0c"}
[2026-05-20 15:42:44] CH2 data: {"text": "\u6848"}
[2026-05-20 15:42:44] CH2 data: {"text": "\u518c"}
[2026-05-20 15:42:44] CH2 data: {"text": "\u968f"}
[2026-05-20 15:42:44] CH2 data: {"text": "\u884c"}
[2026-05-20 15:42:44] CH2 data: {"text": "\u3002"}
[2026-05-20 15:42:44] CH2 data: {"text": "\u8001"}
[2026-05-20 15:42:44] CH2 data: {"text": "\u66f4"}
[2026-05-20 15:42:44] CH2 data: {"text": "\u592b"}
[2026-05-20 15:42:44] CH2 data: {"text": "\uff0c"}
[2026-05-20 15:42:44] CH2 data: {"text": "\u62bc"}
[2026-05-20 15:42:44] CH2 data: {"text": "\u56de"}
[2026-05-20 15:42:44] CH2 data: {"text": "\u8859"}
[2026-05-20 15:42:44] CH2 data: {"text": "\u5185"}
[2026-05-20 15:42:44] CH2 data: {"text": "\uff0c"}
[2026-05-20 15:42:44] CH2 data: {"text": "\u91cd"}
[2026-05-20 15:42:44] CH2 data: {"text": "\u5f55"}
[2026-05-20 15:42:44] CH2 data: {"text": "\u53e3"}
[2026-05-20 15:42:44] CH2 data: {"text": "\u4f9b"}
[2026-05-20 15:42:44] CH2 data: {"text": "\u3002\u201d\n\n"}
[2026-05-20 15:42:44] CH2 data: {"text": "\u5dee"}
[2026-05-20 15:42:44] CH2 data: {"text": "\u5f79"}
[2026-05-20 15:42:44] CH2 data: {"text": "\u5e94"}
[2026-05-20 15:42:44] CH2 data: {"text": "\u58f0"}
[2026-05-20 15:42:44] CH2 data: {"text": "\u4e71"}
[2026-05-20 15:42:44] CH2 data: {"text": "\u52a8"}
[2026-05-20 15:42:44] CH2 data: {"text": "\u3002"}
[2026-05-20 15:42:44] CH2 data: {"text": "\u4e24"}
[2026-05-20 15:42:44] CH2 data: {"text": "\u4eba"}
[2026-05-20 15:42:44] CH2 data: {"text": "\u53bb"}
[2026-05-20 15:42:44] CH2 data: {"text": "\u62ac"}
[2026-05-20 15:42:44] CH2 data: {"text": "\u5c38"}
[2026-05-20 15:42:44] CH2 data: {"text": "\u677f"}
[2026-05-20 15:42:44] CH2 data: {"text": "\uff0c\u4e00"}
[2026-05-20 15:42:44] CH2 data: {"text": "\u4eba"}
[2026-05-20 15:42:44] CH2 data: {"text": "\u626f"}
[2026-05-20 15:42:44] CH2 data: {"text": "\u7ea2"}
[2026-05-20 15:42:44] CH2 data: {"text": "\u5e03"}
[2026-05-20 15:42:44] CH2 data: {"text": "\u7f69"}
[2026-05-20 15:42:44] CH2 data: {"text": "\u4f4f"}
[2026-05-20 15:42:45] CH2 data: {"text": "\u90a3"}
[2026-05-20 15:42:45] CH2 data: {"text": "\u76cf"}
[2026-05-20 15:42:45] CH2 data: {"text": "\u9b42"}
[2026-05-20 15:42:45] CH2 data: {"text": "\u706f"}
[2026-05-20 15:42:45] CH2 data: {"text": "\uff0c"}
[2026-05-20 15:42:45] CH2 data: {"text": "\u4e66"}
[2026-05-20 15:42:45] CH2 data: {"text": "\u624b"}
[2026-05-20 15:42:45] CH2 data: {"text": "\u628a"}
[2026-05-20 15:42:45] CH2 data: {"text": "\u6848"}
[2026-05-20 15:42:45] CH2 data: {"text": "\u518c"}
[2026-05-20 15:42:45] CH2 data: {"text": "\u4ece"}
[2026-05-20 15:42:45] CH2 data: {"text": "\u4f9b"}
[2026-05-20 15:42:45] CH2 data: {"text": "\u684c"}
[2026-05-20 15:42:45] CH2 data: {"text": "\u8fb9"}
[2026-05-20 15:42:45] CH2 data: {"text": "\u62b1"}
[2026-05-20 15:42:45] CH2 data: {"text": "\u8d77"}
[2026-05-20 15:42:45] CH2 data: {"text": "\uff0c"}
[2026-05-20 15:42:45] CH2 data: {"text": "\u7d27"}
[2026-05-20 15:42:45] CH2 data: {"text": "\u7d27"}
[2026-05-20 15:42:45] CH2 data: {"text": "\u5939"}
[2026-05-20 15:42:45] CH2 data: {"text": "\u5728"}
[2026-05-20 15:42:45] CH2 data: {"text": "\u8098"}
[2026-05-20 15:42:45] CH2 data: {"text": "\u4e0b"}
[2026-05-20 15:42:45] CH2 data: {"text": "\u3002"}
[2026-05-20 15:42:45] CH2 data: {"text": "\u9ed1"}
[2026-05-20 15:42:45] CH2 data: {"text": "\u84d1"}
[2026-05-20 15:42:45] CH2 data: {"text": "\u4eba"}
[2026-05-20 15:42:45] CH2 data: {"text": "\u4ece"}
[2026-05-20 15:42:45] CH2 data: {"text": "\u6a90"}
[2026-05-20 15:42:45] CH2 data: {"text": "\u5f71"}
[2026-05-20 15:42:45] CH2 data: {"text": "\u91cc"}
[2026-05-20 15:42:45] CH2 data: {"text": "\u8d70"}
[2026-05-20 15:42:45] CH2 data: {"text": "\u51fa\u6765"}
[2026-05-20 15:42:45] CH2 data: {"text": "\uff0c"}
[2026-05-20 15:42:45] CH2 data: {"text": "\u4ee4"}
[2026-05-20 15:42:45] CH2 data: {"text": "\u724c"}
[2026-05-20 15:42:46] CH2 data: {"text": "\u53ea"}
[2026-05-20 15:42:46] CH2 data: {"text": "\u4e00"}
[2026-05-20 15:42:46] CH2 data: {"text": "\u7ffb"}
[2026-05-20 15:42:46] CH2 data: {"text": "\uff0c"}
[2026-05-20 15:42:46] CH2 data: {"text": "\u7c97"}
[2026-05-20 15:42:46] CH2 data: {"text": "\u9ebb"}
[2026-05-20 15:42:46] CH2 data: {"text": "\u62bc"}
[2026-05-20 15:42:46] CH2 data: {"text": "\u7ef3"}
[2026-05-20 15:42:46] CH2 data: {"text": "\u4fbf"}
[2026-05-20 15:42:46] CH2 data: {"text": "\u9012"}
[2026-05-20 15:42:46] CH2 data: {"text": "\u5230\u4e86"}
[2026-05-20 15:42:46] CH2 data: {"text": "\u4ed6"}
[2026-05-20 15:42:46] CH2 data: {"text": "\u624b"}
[2026-05-20 15:42:46] CH2 data: {"text": "\u91cc"}
[2026-05-20 15:42:46] CH2 data: {"text": "\u3002\n\n"}
[2026-05-20 15:42:46] CH2 data: {"text": "\u8001"}
[2026-05-20 15:42:46] CH2 data: {"text": "\u66f4"}
[2026-05-20 15:42:46] CH2 data: {"text": "\u592b"}
[2026-05-20 15:42:46] CH2 data: {"text": "\u88ab"}
[2026-05-20 15:42:46] CH2 data: {"text": "\u62fd"}
[2026-05-20 15:42:46] CH2 data: {"text": "\u5f97"}
[2026-05-20 15:42:46] CH2 data: {"text": "\u4e00\u4e2a"}
[2026-05-20 15:42:46] CH2 data: {"text": "\u8d94"}
[2026-05-20 15:42:46] CH2 data: {"text": "\u8d84"}
[2026-05-20 15:42:46] CH2 data: {"text": "\uff0c"}
[2026-05-20 15:42:46] CH2 data: {"text": "\u819d"}
[2026-05-20 15:42:46] CH2 data: {"text": "\u5f2f"}
[2026-05-20 15:42:46] CH2 data: {"text": "\u51e0"}
[2026-05-20 15:42:46] CH2 data: {"text": "\u4e4e"}
[2026-05-20 15:42:46] CH2 data: {"text": "\u8dea"}
[2026-05-20 15:42:46] CH2 data: {"text": "\u4e0b"}
[2026-05-20 15:42:46] CH2 data: {"text": "\u53bb"}
[2026-05-20 15:42:46] CH2 data: {"text": "\uff0c"}
[2026-05-20 15:42:46] CH2 data: {"text": "\u5634"}
[2026-05-20 15:42:46] CH2 data: {"text": "\u5507"}
[2026-05-20 15:42:46] CH2 data: {"text": "\u6296"}
[2026-05-20 15:42:46] CH2 data: {"text": "\u4e86"}
[2026-05-20 15:42:46] CH2 data: {"text": "\u4e24"}
[2026-05-20 15:42:46] CH2 data: {"text": "\u4e0b"}
[2026-05-20 15:42:47] CH2 data: {"text": "\uff0c"}
[2026-05-20 15:42:47] CH2 data: {"text": "\u7ec8"}
[2026-05-20 15:42:47] CH2 data: {"text": "\u7a76"}
[2026-05-20 15:42:47] CH2 data: {"text": "\u6ca1"}
[2026-05-20 15:42:47] CH2 data: {"text": "\u6562"}
[2026-05-20 15:42:47] CH2 data: {"text": "\u51fa"}
[2026-05-20 15:42:47] CH2 data: {"text": "\u58f0"}
[2026-05-20 15:42:47] CH2 data: {"text": "\u3002\n\n"}
[2026-05-20 15:42:47] CH2 data: {"text": "\u8896"}
[2026-05-20 15:42:47] CH2 data: {"text": "\u4e2d\u7684"}
[2026-05-20 15:42:47] CH2 data: {"text": "\u7eb8"}
[2026-05-20 15:42:47] CH2 data: {"text": "\u5305"}
[2026-05-20 15:42:47] CH2 data: {"text": "\u784c"}
[2026-05-20 15:42:47] CH2 data: {"text": "\u7740"}
[2026-05-20 15:42:47] CH2 data: {"text": "\u8155"}
[2026-05-20 15:42:47] CH2 data: {"text": "\u9aa8"}
[2026-05-20 15:42:47] CH2 data: {"text": "\uff0c"}
[2026-05-20 15:42:47] CH2 data: {"text": "\u6000"}
[2026-05-20 15:42:47] CH2 data: {"text": "\u91cc"}
[2026-05-20 15:42:47] CH2 data: {"text": "\u90a3"}
[2026-05-20 15:42:47] CH2 data: {"text": "\u53ea"}
[2026-05-20 15:42:47] CH2 data: {"text": "\u6b8b"}
[2026-05-20 15:42:47] CH2 data: {"text": "\u706f"}
[2026-05-20 15:42:47] CH2 data: {"text": "\u8d34"}
[2026-05-20 15:42:47] CH2 data: {"text": "\u7740"}
[2026-05-20 15:42:47] CH2 data: {"text": "\u808b"}
[2026-05-20 15:42:47] CH2 data: {"text": "\u4fa7"}
[2026-05-20 15:42:47] CH2 data: {"text": "\uff0c"}
[2026-05-20 15:42:47] CH2 data: {"text": "\u51b7"}
[2026-05-20 15:42:47] CH2 data: {"text": "\u5f97"}
[2026-05-20 15:42:47] CH2 data: {"text": "\u50cf"}
[2026-05-20 15:42:47] CH2 data: {"text": "\u5757"}
[2026-05-20 15:42:47] CH2 data: {"text": "\u94c1"}
[2026-05-20 15:42:47] CH2 data: {"text": "\u3002"}
[2026-05-20 15:42:47] CH2 data: {"text": "\u6c88"}
[2026-05-20 15:42:47] CH2 data: {"text": "\u7167"}
[2026-05-20 15:42:47] CH2 data: {"text": "\u770b"}
[2026-05-20 15:42:47] CH2 data: {"text": "\u7740"}
[2026-05-20 15:42:47] CH2 data: {"text": "\u9ed1"}
[2026-05-20 15:42:47] CH2 data: {"text": "\u84d1"}
[2026-05-20 15:42:47] CH2 data: {"text": "\u4eba"}
[2026-05-20 15:42:47] CH2 data: {"text": "\u628a"}
[2026-05-20 15:42:47] CH2 data: {"text": "\u7ef3"}
[2026-05-20 15:42:47] CH2 data: {"text": "\u5934"}
[2026-05-20 15:42:47] CH2 data: {"text": "\u7ed5"}
[2026-05-20 15:42:47] CH2 data: {"text": "\u4e86"}
[2026-05-20 15:42:47] CH2 data: {"text": "\u534a"}
[2026-05-20 15:42:47] CH2 data: {"text": "\u5708"}
[2026-05-20 15:42:47] CH2 data: {"text": "\uff0c"}
[2026-05-20 15:42:47] CH2 data: {"text": "\u773c"}
[2026-05-20 15:42:47] CH2 data: {"text": "\u795e"}
[2026-05-20 15:42:47] CH2 data: {"text": "\u53c8"}
[2026-05-20 15:42:47] CH2 data: {"text": "\u843d"}
[2026-05-20 15:42:47] CH2 data: {"text": "\u5230"}
[2026-05-20 15:42:47] CH2 data: {"text": "\u8001"}
[2026-05-20 15:42:47] CH2 data: {"text": "\u66f4"}
[2026-05-20 15:42:47] CH2 data: {"text": "\u592b"}
[2026-05-20 15:42:47] CH2 data: {"text": "\u8138"}
[2026-05-20 15:42:48] CH2 data: {"text": "\u4e0a"}
[2026-05-20 15:42:48] CH2 data: {"text": "\u3002"}
[2026-05-20 15:42:48] CH2 data: {"text": "\u90a3"}
[2026-05-20 15:42:48] CH2 data: {"text": "\u5f20"}
[2026-05-20 15:42:48] CH2 data: {"text": "\u8001"}
[2026-05-20 15:42:48] CH2 data: {"text": "\u8138"}
[2026-05-20 15:42:48] CH2 data: {"text": "\u53d1"}
[2026-05-20 15:42:48] CH2 data: {"text": "\u767d"}
[2026-05-20 15:42:48] CH2 data: {"text": "\uff0c"}
[2026-05-20 15:42:48] CH2 data: {"text": "\u6015"}
[2026-05-20 15:42:48] CH2 data: {"text": "\u5f97"}
[2026-05-20 15:42:48] CH2 data: {"text": "\u4e0d"}
[2026-05-20 15:42:48] CH2 data: {"text": "\u53ea"}
[2026-05-20 15:42:48] CH2 data: {"text": "\u50cf"}
[2026-05-20 15:42:48] CH2 data: {"text": "\u6015"}
[2026-05-20 15:42:48] CH2 data: {"text": "\u4e00"}
[2026-05-20 15:42:48] CH2 data: {"text": "\u987f"}
[2026-05-20 15:42:48] CH2 data: {"text": "\u677f"}
[2026-05-20 15:42:48] CH2 data: {"text": "\u5b50"}
[2026-05-20 15:42:48] CH2 data: {"text": "\u3002"}
[2026-05-20 15:42:48] CH2 data: {"text": "\u53ef"}
[2026-05-20 15:42:48] CH2 data: {"text": "\u8fd9"}
[2026-05-20 15:42:48] CH2 data: {"text": "\u8fd8"}
[2026-05-20 15:42:48] CH2 data: {"text": "\u4e0d\u662f"}
[2026-05-20 15:42:48] CH2 data: {"text": "\u7b54\u6848"}
[2026-05-20 15:42:48] CH2 data: {"text": "\uff0c\u53ea"}
[2026-05-20 15:42:48] CH2 data: {"text": "\u80fd"}
[2026-05-20 15:42:48] CH2 data: {"text": "\u5148"}
[2026-05-20 15:42:48] CH2 data: {"text": "\u8bb0"}
[2026-05-20 15:42:48] CH2 data: {"text": "\u4e0b"}
[2026-05-20 15:42:48] CH2 data: {"text": "\u3002\n\n"}
[2026-05-20 15:42:48] CH2 data: {"text": "\u4ed6"}
[2026-05-20 15:42:48] CH2 data: {"text": "\u4e00\u6b65"}
[2026-05-20 15:42:48] CH2 data: {"text": "\u6a2a"}
[2026-05-20 15:42:48] CH2 data: {"text": "\u51fa\u6765"}
[2026-05-20 15:42:48] CH2 data: {"text": "\uff0c"}
[2026-05-20 15:42:48] CH2 data: {"text": "\u6321"}
[2026-05-20 15:42:48] CH2 data: {"text": "\u5728"}
[2026-05-20 15:42:48] CH2 data: {"text": "\u77f3"}
[2026-05-20 15:42:48] CH2 data: {"text": "\u9636"}
[2026-05-20 15:42:48] CH2 data: {"text": "\u524d"}
[2026-05-20 15:42:48] CH2 data: {"text": "\u3002\n\n"}
[2026-05-20 15:42:48] CH2 data: {"text": "\u201c"}
[2026-05-20 15:42:48] CH2 data: {"text": "\u65e2"}
[2026-05-20 15:42:48] CH2 data: {"text": "\u6309"}
[2026-05-20 15:42:48] CH2 data: {"text": "\u4eba"}
[2026-05-20 15:42:48] CH2 data: {"text": "\u6848"}
[2026-05-20 15:42:49] CH2 data: {"text": "\u8bb0"}
[2026-05-20 15:42:49] CH2 data: {"text": "\uff0c\u5c31"}
[2026-05-20 15:42:49] CH2 data: {"text": "\u4e0d\u80fd"}
[2026-05-20 15:42:49] CH2 data: {"text": "\u53ea"}
[2026-05-20 15:42:49] CH2 data: {"text": "\u91cd"}
[2026-05-20 15:42:49] CH2 data: {"text": "\u5f55"}
[2026-05-20 15:42:49] CH2 data: {"text": "\u4e00\u53e5"}
[2026-05-20 15:42:49] CH2 data: {"text": "\u89c1"}
[2026-05-20 15:42:49] CH2 data: {"text": "\u706f"}
[2026-05-20 15:42:49] CH2 data: {"text": "\u3002\u201d"}
[2026-05-20 15:42:49] CH2 data: {"text": "\u6c88"}
[2026-05-20 15:42:49] CH2 data: {"text": "\u7167"}
[2026-05-20 15:42:49] CH2 data: {"text": "\u76ef"}
[2026-05-20 15:42:49] CH2 data: {"text": "\u7740"}
[2026-05-20 15:42:49] CH2 data: {"text": "\u5b88"}
[2026-05-20 15:42:49] CH2 data: {"text": "\u5907"}
[2026-05-20 15:42:49] CH2 data: {"text": "\uff0c\u201c"}
[2026-05-20 15:42:49] CH2 data: {"text": "\u6628"}
[2026-05-20 15:42:49] CH2 data: {"text": "\u591c"}
[2026-05-20 15:42:49] CH2 data: {"text": "\u66f4"}
[2026-05-20 15:42:49] CH2 data: {"text": "\u8def"}
[2026-05-20 15:42:49] CH2 data: {"text": "\u8981"}
[2026-05-20 15:42:49] CH2 data: {"text": "\u6309"}
[2026-05-20 15:42:49] CH2 data: {"text": "\u6848"}
[2026-05-20 15:42:49] CH2 data: {"text": "\u518c"}
[2026-05-20 15:42:49] CH2 data: {"text": "\u590d"}
[2026-05-20 15:42:49] CH2 data: {"text": "\u6838"}
[2026-05-20 15:42:49] CH2 data: {"text": "\u3002"}
[2026-05-20 15:42:49] CH2 data: {"text": "\u54ea"}
[2026-05-20 15:42:49] CH2 data: {"text": "\u6761"}
[2026-05-20 15:42:49] CH2 data: {"text": "\u8857"}
[2026-05-20 15:42:49] CH2 data: {"text": "\u8d77"}
[2026-05-20 15:42:49] CH2 data: {"text": "\u66f4"}
[2026-05-20 15:42:49] CH2 data: {"text": "\uff0c"}
[2026-05-20 15:42:49] CH2 data: {"text": "\u54ea"}
[2026-05-20 15:42:49] CH2 data: {"text": "\u6761"}
[2026-05-20 15:42:49] CH2 data: {"text": "\u5df7"}
[2026-05-20 15:42:49] CH2 data: {"text": "\u65ad"}
[2026-05-20 15:42:49] CH2 data: {"text": "\u66f4"}
[2026-05-20 15:42:49] CH2 data: {"text": "\uff0c"}
[2026-05-20 15:42:49] CH2 data: {"text": "\u8c01"}
[2026-05-20 15:42:49] CH2 data: {"text": "\u5728"}
[2026-05-20 15:42:49] CH2 data: {"text": "\u51e0"}
[2026-05-20 15:42:49] CH2 data: {"text": "\u66f4"}
[2026-05-20 15:42:49] CH2 data: {"text": "\u65f6"}
[2026-05-20 15:42:49] CH2 data: {"text": "\u542c"}
[2026-05-20 15:42:49] CH2 data: {"text": "\u89c1"}
[2026-05-20 15:42:49] CH2 data: {"text": "\u6886"}
[2026-05-20 15:42:49] CH2 data: {"text": "\u58f0"}
[2026-05-20 15:42:49] CH2 data: {"text": "\uff0c\u90fd"}
[2026-05-20 15:42:50] CH2 data: {"text": "\u5f97"}
[2026-05-20 15:42:50] CH2 data: {"text": "\u5bf9"}
[2026-05-20 15:42:50] CH2 data: {"text": "\u3002"}
[2026-05-20 15:42:50] CH2 data: {"text": "\u66f4"}
[2026-05-20 15:42:50] CH2 data: {"text": "\u592b"}
[2026-05-20 15:42:50] CH2 data: {"text": "\u8bf4"}
[2026-05-20 15:42:50] CH2 data: {"text": "\u4ec0\u4e48"}
[2026-05-20 15:42:50] CH2 data: {"text": "\uff0c"}
[2026-05-20 15:42:50] CH2 data: {"text": "\u5f97"}
[2026-05-20 15:42:50] CH2 data: {"text": "\u843d"}
[2026-05-20 15:42:50] CH2 data: {"text": "\u5728"}
[2026-05-20 15:42:50] CH2 data: {"text": "\u8def"}
[2026-05-20 15:42:50] CH2 data: {"text": "\u4e0a"}
[2026-05-20 15:42:50] CH2 data: {"text": "\uff0c\u4e0d"}
[2026-05-20 15:42:50] CH2 data: {"text": "\u8be5"}
[2026-05-20 15:42:50] CH2 data: {"text": "\u53ea"}
[2026-05-20 15:42:50] CH2 data: {"text": "\u843d"}
[2026-05-20 15:42:50] CH2 data: {"text": "\u5728"}
[2026-05-20 15:42:50] CH2 data: {"text": "\u5802"}
[2026-05-20 15:42:50] CH2 data: {"text": "\u4e0b"}
[2026-05-20 15:42:50] CH2 data: {"text": "\u5634"}
[2026-05-20 15:42:50] CH2 data: {"text": "\u4e0a"}
[2026-05-20 15:42:50] CH2 data: {"text": "\u3002\u201d\n\n"}
[2026-05-20 15:42:50] CH2 data: {"text": "\u5b88"}
[2026-05-20 15:42:50] CH2 data: {"text": "\u5907"}
[2026-05-20 15:42:50] CH2 data: {"text": "\u770b"}
[2026-05-20 15:42:50] CH2 data: {"text": "\u4e86"}
[2026-05-20 15:42:50] CH2 data: {"text": "\u4ed6"}
[2026-05-20 15:42:50] CH2 data: {"text": "\u4e00"}
[2026-05-20 15:42:50] CH2 data: {"text": "\u773c"}
[2026-05-20 15:42:50] CH2 data: {"text": "\uff0c"}
[2026-05-20 15:42:50] CH2 data: {"text": "\u773c"}
[2026-05-20 15:42:50] CH2 data: {"text": "\u91cc"}
[2026-05-20 15:42:50] CH2 data: {"text": "\u90a3"}
[2026-05-20 15:42:50] CH2 data: {"text": "\u70b9"}
[2026-05-20 15:42:50] CH2 data: {"text": "\u51b7"}
[2026-05-20 15:42:50] CH2 data: {"text": "\u610f"}
[2026-05-20 15:42:50] CH2 data: {"text": "\u6ca1"}
[2026-05-20 15:42:50] CH2 data: {"text": "\u52a8"}
[2026-05-20 15:42:50] CH2 data: {"text": "\uff1a\u201c"}
[2026-05-20 15:42:50] CH2 data: {"text": "\u4f60"}
[2026-05-20 15:42:50] CH2 data: {"text": "\u8fd8"}
[2026-05-20 15:42:50] CH2 data: {"text": "\u8981"}
[2026-05-20 15:42:50] CH2 data: {"text": "\u6559"}
[2026-05-20 15:42:50] CH2 data: {"text": "\u6211"}
[2026-05-20 15:42:50] CH2 data: {"text": "\u529e"}
[2026-05-20 15:42:50] CH2 data: {"text": "\u6848"}
[2026-05-20 15:42:50] CH2 data: {"text": "\uff1f\u201d\n\n"}
[2026-05-20 15:42:50] CH2 data: {"text": "\u201c"}
[2026-05-20 15:42:50] CH2 data: {"text": "\u6211"}
[2026-05-20 15:42:50] CH2 data: {"text": "\u53ea"}
[2026-05-20 15:42:50] CH2 data: {"text": "\u8981"}
[2026-05-20 15:42:50] CH2 data: {"text": "\u4f9d"}
[2026-05-20 15:42:50] CH2 data: {"text": "\u6848"}
[2026-05-20 15:42:50] CH2 data: {"text": "\u518c"}
[2026-05-20 15:42:50] CH2 data: {"text": "\u6838"}
[2026-05-20 15:42:50] CH2 data: {"text": "\u8def"}
[2026-05-20 15:42:50] CH2 data: {"text": "\u3002\u201d"}
[2026-05-20 15:42:50] CH2 data: {"text": "\u6c88"}
[2026-05-20 15:42:50] CH2 data: {"text": "\u7167"}
[2026-05-20 15:42:50] CH2 data: {"text": "\u9053"}
[2026-05-20 15:42:50] CH2 data: {"text": "\uff0c\u201c"}
[2026-05-20 15:42:50] CH2 data: {"text": "\u518c"}
[2026-05-20 15:42:51] CH2 data: {"text": "\u5b50"}
[2026-05-20 15:42:51] CH2 data: {"text": "\u5728"}
[2026-05-20 15:42:51] CH2 data: {"text": "\u5b98"}
[2026-05-20 15:42:51] CH2 data: {"text": "\u5e9c"}
[2026-05-20 15:42:51] CH2 data: {"text": "\u624b"}
[2026-05-20 15:42:51] CH2 data: {"text": "\u91cc"}
[2026-05-20 15:42:51] CH2 data: {"text": "\uff0c\u4eba"}
[2026-05-20 15:42:51] CH2 data: {"text": "\u4e5f"}
[2026-05-20 15:42:51] CH2 data: {"text": "\u5728"}
[2026-05-20 15:42:51] CH2 data: {"text": "\u5b98"}
[2026-05-20 15:42:51] CH2 data: {"text": "\u5e9c"}
[2026-05-20 15:42:51] CH2 data: {"text": "\u624b"}
[2026-05-20 15:42:51] CH2 data: {"text": "\u91cc"}
[2026-05-20 15:42:51] CH2 data: {"text": "\uff0c\u6211"}
[2026-05-20 15:42:51] CH2 data: {"text": "\u4e0d\u8fc7"}
[2026-05-20 15:42:51] CH2 data: {"text": "\u968f"}
[2026-05-20 15:42:51] CH2 data: {"text": "\u884c"}
[2026-05-20 15:42:51] CH2 data: {"text": "\u3002"}
[2026-05-20 15:42:51] CH2 data: {"text": "\u82e5"}
[2026-05-20 15:42:51] CH2 data: {"text": "\u66f4"}
[2026-05-20 15:42:51] CH2 data: {"text": "\u8def"}
[2026-05-20 15:42:51] CH2 data: {"text": "\u5bf9"}
[2026-05-20 15:42:51] CH2 data: {"text": "\u4e0d\u4e0a"}
[2026-05-20 15:42:51] CH2 data: {"text": "\uff0c"}
[2026-05-20 15:42:51] CH2 data: {"text": "\u4eca\u65e5"}
[2026-05-20 15:42:51] CH2 data: {"text": "\u8fd9"}
[2026-05-20 15:42:51] CH2 data: {"text": "\u4efd"}
[2026-05-20 15:42:51] CH2 data: {"text": "\u53e3"}
[2026-05-20 15:42:51] CH2 data: {"text": "\u4f9b"}
[2026-05-20 15:42:51] CH2 data: {"text": "\uff0c"}
[2026-05-20 15:42:51] CH2 data: {"text": "\u660e"}
[2026-05-20 15:42:51] CH2 data: {"text": "\u65e5"}
[2026-05-20 15:42:51] CH2 data: {"text": "\u8c01"}
[2026-05-20 15:42:51] CH2 data: {"text": "\u90fd"}
[2026-05-20 15:42:51] CH2 data: {"text": "\u80fd"}
[2026-05-20 15:42:51] CH2 data: {"text": "\u7ffb"}
[2026-05-20 15:42:51] CH2 data: {"text": "\u3002\u201d\n\n"}
[2026-05-20 15:42:51] CH2 data: {"text": "\u5e99"}
[2026-05-20 15:42:51] CH2 data: {"text": "\u524d"}
[2026-05-20 15:42:51] CH2 data: {"text": "\u8fd8"}
[2026-05-20 15:42:51] CH2 data: {"text": "\u56f4"}
[2026-05-20 15:42:51] CH2 data: {"text": "\u7740"}
[2026-05-20 15:42:51] CH2 data: {"text": "\u4eba"}
[2026-05-20 15:42:51] CH2 data: {"text": "\u3002"}
[2026-05-20 15:42:51] CH2 data: {"text": "\u6709\u4eba"}
[2026-05-20 15:42:51] CH2 data: {"text": "\u542c"}
[2026-05-20 15:42:51] CH2 data: {"text": "\u89c1"}
[2026-05-20 15:42:51] CH2 data: {"text": "\u201c"}
[2026-05-20 15:42:51] CH2 data: {"text": "\u8c01"}
[2026-05-20 15:42:51] CH2 data: {"text": "\u90fd"}
[2026-05-20 15:42:51] CH2 data: {"text": "\u80fd"}
[2026-05-20 15:42:51] CH2 data: {"text": "\u7ffb"}
[2026-05-20 15:42:51] CH2 data: {"text": "\u201d\uff0c"}
[2026-05-20 15:42:51] CH2 data: {"text": "\u4e0b"}
[2026-05-20 15:42:51] CH2 data: {"text": "\u610f\u8bc6"}
[2026-05-20 15:42:52] CH2 data: {"text": "\u53c8"}
[2026-05-20 15:42:52] CH2 data: {"text": "\u671d"}
[2026-05-20 15:42:52] CH2 data: {"text": "\u5c38"}
[2026-05-20 15:42:52] CH2 data: {"text": "\u677f"}
[2026-05-20 15:42:52] CH2 data: {"text": "\u90a3"}
[2026-05-20 15:42:52] CH2 data: {"text": "\u8fb9"}
[2026-05-20 15:42:52] CH2 data: {"text": "\u770b"}
[2026-05-20 15:42:52] CH2 data: {"text": "\u3002"}
[2026-05-20 15:42:52] CH2 data: {"text": "\u5b88"}
[2026-05-20 15:42:52] CH2 data: {"text": "\u5907"}
[2026-05-20 15:42:52] CH2 data: {"text": "\u7684"}
[2026-05-20 15:42:52] CH2 data: {"text": "\u8138"}
[2026-05-20 15:42:52] CH2 data: {"text": "\u6c89"}
[2026-05-20 15:42:52] CH2 data: {"text": "\u4e86\u4e00"}
[2026-05-20 15:42:52] CH2 data: {"text": "\u77ac"}
[2026-05-20 15:42:52] CH2 data: {"text": "\uff0c\u5374"}
[2026-05-20 15:42:52] CH2 data: {"text": "\u6ca1\u6709"}
[2026-05-20 15:42:52] CH2 data: {"text": "\u7acb"}
[2026-05-20 15:42:52] CH2 data: {"text": "\u523b"}
[2026-05-20 15:42:52] CH2 data: {"text": "\u53d1"}
[2026-05-20 15:42:52] CH2 data: {"text": "\u4f5c"}
[2026-05-20 15:42:52] CH2 data: {"text": "\u3002\u4ed6"}
[2026-05-20 15:42:52] CH2 data: {"text": "\u638c"}
[2026-05-20 15:42:52] CH2 data: {"text": "\u7740"}
[2026-05-20 15:42:52] CH2 data: {"text": "\u5c01"}
[2026-05-20 15:42:52] CH2 data: {"text": "\u57ce"}
[2026-05-20 15:42:52] CH2 data: {"text": "\u3001"}
[2026-05-20 15:42:52] CH2 data: {"text": "\u5dee"}
[2026-05-20 15:42:52] CH2 data: {"text": "\u5f79"}
[2026-05-20 15:42:52] CH2 data: {"text": "\u3001"}
[2026-05-20 15:42:52] CH2 data: {"text": "\u6848"}
[2026-05-20 15:42:52] CH2 data: {"text": "\u518c"}
[2026-05-20 15:42:52] CH2 data: {"text": "\uff0c"}
[2026-05-20 15:42:52] CH2 data: {"text": "\u773c"}
[2026-05-20 15:42:52] CH2 data: {"text": "\u4e0b"}
[2026-05-20 15:42:52] CH2 data: {"text": "\u8981"}
[2026-05-20 15:42:52] CH2 data: {"text": "\u7684\u662f"}
[2026-05-20 15:42:52] CH2 data: {"text": "\u628a"}
[2026-05-20 15:42:52] CH2 data: {"text": "\u5c40"}
[2026-05-20 15:42:52] CH2 data: {"text": "\u9762"}
[2026-05-20 15:42:52] CH2 data: {"text": "\u91cd\u65b0"}
[2026-05-20 15:42:52] CH2 data: {"text": "\u6525"}
[2026-05-20 15:42:52] CH2 data: {"text": "\u56de"}
[2026-05-20 15:42:52] CH2 data: {"text": "\u53bb"}
[2026-05-20 15:42:52] CH2 data: {"text": "\uff0c\u4e0d"}
[2026-05-20 15:42:52] CH2 data: {"text": "\u662f\u5728"}
[2026-05-20 15:42:52] CH2 data: {"text": "\u5e99"}
[2026-05-20 15:42:52] CH2 data: {"text": "\u524d"}
[2026-05-20 15:42:52] CH2 data: {"text": "\u8ddf"}
[2026-05-20 15:42:52] CH2 data: {"text": "\u6c88"}
[2026-05-20 15:42:52] CH2 data: {"text": "\u7167"}
[2026-05-20 15:42:52] CH2 data: {"text": "\u63b0"}
[2026-05-20 15:42:52] CH2 data: {"text": "\u5f00"}
[2026-05-20 15:42:52] CH2 data: {"text": "\u5435"}
[2026-05-20 15:42:53] CH2 data: {"text": "\u3002\n\n"}
[2026-05-20 15:42:53] CH2 data: {"text": "\u9523"}
[2026-05-20 15:42:53] CH2 data: {"text": "\u53c8"}
[2026-05-20 15:42:53] CH2 data: {"text": "\u54cd"}
[2026-05-20 15:42:53] CH2 data: {"text": "\u4e86\u4e00"}
[2026-05-20 15:42:53] CH2 data: {"text": "\u58f0"}
[2026-05-20 15:42:53] CH2 data: {"text": "\u3002\n\n"}
[2026-05-20 15:42:53] CH2 data: {"text": "\u5b88"}
[2026-05-20 15:42:53] CH2 data: {"text": "\u5907"}
[2026-05-20 15:42:53] CH2 data: {"text": "\u8f6c"}
[2026-05-20 15:42:53] CH2 data: {"text": "\u5411"}
[2026-05-20 15:42:53] CH2 data: {"text": "\u4e66"}
[2026-05-20 15:42:53] CH2 data: {"text": "\u624b"}
[2026-05-20 15:42:53] CH2 data: {"text": "\uff1a\u201c"}
[2026-05-20 15:42:53] CH2 data: {"text": "\u6848"}
[2026-05-20 15:42:53] CH2 data: {"text": "\u518c"}
[2026-05-20 15:42:53] CH2 data: {"text": "\u8ddf"}
[2026-05-20 15:42:53] CH2 data: {"text": "\u7740"}
[2026-05-20 15:42:53] CH2 data: {"text": "\u3002\u201d"}
[2026-05-20 15:42:53] CH2 data: {"text": "\u53c8"}
[2026-05-20 15:42:53] CH2 data: {"text": "\u70b9"}
[2026-05-20 15:42:53] CH2 data: {"text": "\u4e86"}
[2026-05-20 15:42:53] CH2 data: {"text": "\u4e09"}
[2026-05-20 15:42:53] CH2 data: {"text": "\u540d"}
[2026-05-20 15:42:53] CH2 data: {"text": "\u5dee"}
[2026-05-20 15:42:53] CH2 data: {"text": "\u5f79"}
[2026-05-20 15:42:53] CH2 data: {"text": "\uff0c\u201c"}
[2026-05-20 15:42:53] CH2 data: {"text": "\u4f60"}
[2026-05-20 15:42:53] CH2 data: {"text": "\u4eec"}
[2026-05-20 15:42:53] CH2 data: {"text": "\u76ef"}
[2026-05-20 15:42:53] CH2 data: {"text": "\u968f"}
[2026-05-20 15:42:53] CH2 data: {"text": "\u3002"}
[2026-05-20 15:42:53] CH2 data: {"text": "\u7ed9"}
[2026-05-20 15:42:53] CH2 data: {"text": "\u4ed6"}
[2026-05-20 15:42:53] CH2 data: {"text": "\u534a"}
[2026-05-20 15:42:53] CH2 data: {"text": "\u4e2a"}
[2026-05-20 15:42:53] CH2 data: {"text": "\u65f6"}
[2026-05-20 15:42:53] CH2 data: {"text": "\u8fb0"}
[2026-05-20 15:42:53] CH2 data: {"text": "\uff0c\u53ea"}
[2026-05-20 15:42:53] CH2 data: {"text": "\u51c6"}
[2026-05-20 15:42:53] CH2 data: {"text": "\u590d"}
[2026-05-20 15:42:53] CH2 data: {"text": "\u6838"}
[2026-05-20 15:42:53] CH2 data: {"text": "\u6253"}
[2026-05-20 15:42:53] CH2 data: {"text": "\u66f4"}
[2026-05-20 15:42:53] CH2 data: {"text": "\u8def\u7ebf"}
[2026-05-20 15:42:53] CH2 data: {"text": "\uff0c\u4e0d"}
[2026-05-20 15:42:53] CH2 data: {"text": "\u51c6"}
[2026-05-20 15:42:53] CH2 data: {"text": "\u79bb"}
[2026-05-20 15:42:53] CH2 data: {"text": "\u62bc"}
[2026-05-20 15:42:53] CH2 data: {"text": "\uff0c\u4e0d"}
[2026-05-20 15:42:53] CH2 data: {"text": "\u51c6"}
[2026-05-20 15:42:53] CH2 data: {"text": "\u5355"}
[2026-05-20 15:42:54] CH2 data: {"text": "\u72ec"}
[2026-05-20 15:42:54] CH2 data: {"text": "\u95ee"}
[2026-05-20 15:42:54] CH2 data: {"text": "\u4f9b"}
[2026-05-20 15:42:54] CH2 data: {"text": "\u3002"}
[2026-05-20 15:42:54] CH2 data: {"text": "\u534a"}
[2026-05-20 15:42:54] CH2 data: {"text": "\u4e2a"}
[2026-05-20 15:42:54] CH2 data: {"text": "\u65f6"}
[2026-05-20 15:42:54] CH2 data: {"text": "\u8fb0"}
[2026-05-20 15:42:54] CH2 data: {"text": "\u540e"}
[2026-05-20 15:42:54] CH2 data: {"text": "\uff0c\u4eba"}
[2026-05-20 15:42:54] CH2 data: {"text": "\u3001"}
[2026-05-20 15:42:54] CH2 data: {"text": "\u518c"}
[2026-05-20 15:42:54] CH2 data: {"text": "\uff0c\u90fd"}
[2026-05-20 15:42:54] CH2 data: {"text": "\u56de"}
[2026-05-20 15:42:54] CH2 data: {"text": "\u8859"}
[2026-05-20 15:42:54] CH2 data: {"text": "\u3002\u201d\n\n"}
[2026-05-20 15:42:54] CH2 data: {"text": "\u4ed6"}
[2026-05-20 15:42:54] CH2 data: {"text": "\u987f"}
[2026-05-20 15:42:54] CH2 data: {"text": "\u4e86"}
[2026-05-20 15:42:54] CH2 data: {"text": "\u987f"}
[2026-05-20 15:42:54] CH2 data: {"text": "\uff0c"}
[2026-05-20 15:42:54] CH2 data: {"text": "\u76ee"}
[2026-05-20 15:42:54] CH2 data: {"text": "\u5149"}
[2026-05-20 15:42:54] CH2 data: {"text": "\u50cf"}
[2026-05-20 15:42:54] CH2 data: {"text": "\u5200"}
[2026-05-20 15:42:54] CH2 data: {"text": "\u80cc"}
[2026-05-20 15:42:54] CH2 data: {"text": "\u4e00\u6837"}
[2026-05-20 15:42:54] CH2 data: {"text": "\u626b"}
[2026-05-20 15:42:54] CH2 data: {"text": "\u8fc7"}
[2026-05-20 15:42:54] CH2 data: {"text": "\u6765"}
[2026-05-20 15:42:54] CH2 data: {"text": "\u3002\n\n"}
[2026-05-20 15:42:54] CH2 data: {"text": "\u201c"}
[2026-05-20 15:42:54] CH2 data: {"text": "\u82e5"}
[2026-05-20 15:42:54] CH2 data: {"text": "\u6709"}
[2026-05-20 15:42:54] CH2 data: {"text": "\u95ea"}
[2026-05-20 15:42:54] CH2 data: {"text": "\u5931"}
[2026-05-20 15:42:54] CH2 data: {"text": "\uff0c"}
[2026-05-20 15:42:54] CH2 data: {"text": "\u5148"}
[2026-05-20 15:42:54] CH2 data: {"text": "\u62ff"}
[2026-05-20 15:42:54] CH2 data: {"text": "\u4f60"}
[2026-05-20 15:42:54] CH2 data: {"text": "\u3002\u201d\n\n"}
[2026-05-20 15:42:54] CH2 data: {"text": "\u201c"}
[2026-05-20 15:42:54] CH2 data: {"text": "\u597d"}
[2026-05-20 15:42:54] CH2 data: {"text": "\u3002\u201d"}
[2026-05-20 15:42:54] CH2 data: {"text": "\u6c88"}
[2026-05-20 15:42:54] CH2 data: {"text": "\u7167"}
[2026-05-20 15:42:54] CH2 data: {"text": "\u5e94"}
[2026-05-20 15:42:54] CH2 data: {"text": "\u5f97"}
[2026-05-20 15:42:54] CH2 data: {"text": "\u5f88"}
[2026-05-20 15:42:54] CH2 data: {"text": "\u5e73"}
[2026-05-20 15:42:54] CH2 data: {"text": "\u3002\n\n"}
[2026-05-20 15:42:54] CH2 data: {"text": "\u9ed1"}
[2026-05-20 15:42:54] CH2 data: {"text": "\u84d1"}
[2026-05-20 15:42:54] CH2 data: {"text": "\u4eba"}
[2026-05-20 15:42:54] CH2 data: {"text": "\u8fd9"}
[2026-05-20 15:42:54] CH2 data: {"text": "\u65f6"}
[2026-05-20 15:42:55] CH2 data: {"text": "\u624d"}
[2026-05-20 15:42:55] CH2 data: {"text": "\u5f00"}
[2026-05-20 15:42:55] CH2 data: {"text": "\u53e3"}
[2026-05-20 15:42:55] CH2 data: {"text": "\uff0c"}
[2026-05-20 15:42:55] CH2 data: {"text": "\u58f0\u97f3"}
[2026-05-20 15:42:55] CH2 data: {"text": "\u5e72"}
[2026-05-20 15:42:55] CH2 data: {"text": "\u51b7"}
[2026-05-20 15:42:55] CH2 data: {"text": "\uff1a\u201c"}
[2026-05-20 15:42:55] CH2 data: {"text": "\u90a3"}
[2026-05-20 15:42:55] CH2 data: {"text": "\u5c31"}
[2026-05-20 15:42:55] CH2 data: {"text": "\u8d70"}
[2026-05-20 15:42:55] CH2 data: {"text": "\u5427"}
[2026-05-20 15:42:55] CH2 data: {"text": "\u3002"}
[2026-05-20 15:42:55] CH2 data: {"text": "\u6c88"}
[2026-05-20 15:42:55] CH2 data: {"text": "\u7167"}
[2026-05-20 15:42:55] CH2 data: {"text": "\uff0c\u4f60"}
[2026-05-20 15:42:55] CH2 data: {"text": "\u65e2"}
[2026-05-20 15:42:55] CH2 data: {"text": "\u8981"}
[2026-05-20 15:42:55] CH2 data: {"text": "\u8ddf"}
[2026-05-20 15:42:55] CH2 data: {"text": "\u8def"}
[2026-05-20 15:42:55] CH2 data: {"text": "\uff0c\u5c31"}
[2026-05-20 15:42:55] CH2 data: {"text": "\u8ddf"}
[2026-05-20 15:42:55] CH2 data: {"text": "\u7d27"}
[2026-05-20 15:42:55] CH2 data: {"text": "\u4e9b"}
[2026-05-20 15:42:55] CH2 data: {"text": "\u3002"}
[2026-05-20 15:42:55] CH2 data: {"text": "\u522b"}
[2026-05-20 15:42:55] CH2 data: {"text": "\u628a"}
[2026-05-20 15:42:55] CH2 data: {"text": "\u81ea\u5df1"}
[2026-05-20 15:42:55] CH2 data: {"text": "\u4e5f"}
[2026-05-20 15:42:55] CH2 data: {"text": "\u8ddf"}
[2026-05-20 15:42:55] CH2 data: {"text": "\u4e22"}
[2026-05-20 15:42:55] CH2 data: {"text": "\u4e86"}
[2026-05-20 15:42:55] CH2 data: {"text": "\u3002\u201d\n\n"}
[2026-05-20 15:42:55] CH2 data: {"text": "\u8001"}
[2026-05-20 15:42:55] CH2 data: {"text": "\u66f4"}
[2026-05-20 15:42:55] CH2 data: {"text": "\u592b"}
[2026-05-20 15:42:55] CH2 data: {"text": "\u88ab"}
[2026-05-20 15:42:55] CH2 data: {"text": "\u4ed6"}
[2026-05-20 15:42:55] CH2 data: {"text": "\u4e00"}
[2026-05-20 15:42:55] CH2 data: {"text": "\u62fd"}
[2026-05-20 15:42:55] CH2 data: {"text": "\uff0c"}
[2026-05-20 15:42:55] CH2 data: {"text": "\u80a9"}
[2026-05-20 15:42:55] CH2 data: {"text": "\u5934"}
[2026-05-20 15:42:55] CH2 data: {"text": "\u731b"}
[2026-05-20 15:42:55] CH2 data: {"text": "\u5730"}
[2026-05-20 15:42:55] CH2 data: {"text": "\u7f29"}
[2026-05-20 15:42:55] CH2 data: {"text": "\u8d77"}
[2026-05-20 15:42:55] CH2 data: {"text": "\u3002"}
[2026-05-20 15:42:55] CH2 data: {"text": "\u6c88"}
[2026-05-20 15:42:55] CH2 data: {"text": "\u7167"}
[2026-05-20 15:42:55] CH2 data: {"text": "\u987a"}
[2026-05-20 15:42:56] CH2 data: {"text": "\u52bf"}
[2026-05-20 15:42:56] CH2 data: {"text": "\u9760"}
[2026-05-20 15:42:56] CH2 data: {"text": "\u8fd1"}
[2026-05-20 15:42:56] CH2 data: {"text": "\u534a"}
[2026-05-20 15:42:56] CH2 data: {"text": "\u6b65"}
[2026-05-20 15:42:56] CH2 data: {"text": "\uff0c\u53ea"}
[2026-05-20 15:42:56] CH2 data: {"text": "\u6765"}
[2026-05-20 15:42:56] CH2 data: {"text": "\u5f97"}
[2026-05-20 15:42:56] CH2 data: {"text": "\u53ca"}
[2026-05-20 15:42:56] CH2 data: {"text": "\u770b"}
[2026-05-20 15:42:56] CH2 data: {"text": "\u6e05"}
[2026-05-20 15:42:56] CH2 data: {"text": "\u4ed6"}
[2026-05-20 15:42:56] CH2 data: {"text": "\u624b"}
[2026-05-20 15:42:56] CH2 data: {"text": "\u8155"}
[2026-05-20 15:42:56] CH2 data: {"text": "\u4e0a"}
[2026-05-20 15:42:56] CH2 data: {"text": "\u90a3"}
[2026-05-20 15:42:56] CH2 data: {"text": "\u5708"}
[2026-05-20 15:42:56] CH2 data: {"text": "\u52d2"}
[2026-05-20 15:42:56] CH2 data: {"text": "\u75d5"}
[2026-05-20 15:42:56] CH2 data: {"text": "\uff0c\u8fd8\u6709"}
[2026-05-20 15:42:56] CH2 data: {"text": "\u5589"}
[2026-05-20 15:42:56] CH2 data: {"text": "\u7ed3"}
[2026-05-20 15:42:56] CH2 data: {"text": "\u6025"}
[2026-05-20 15:42:56] CH2 data: {"text": "\u6025"}
[2026-05-20 15:42:56] CH2 data: {"text": "\u6eda"}
[2026-05-20 15:42:56] CH2 data: {"text": "\u52a8"}
[2026-05-20 15:42:56] CH2 data: {"text": "\u3002"}
[2026-05-20 15:42:56] CH2 data: {"text": "\u8001"}
[2026-05-20 15:42:56] CH2 data: {"text": "\u66f4"}
[2026-05-20 15:42:56] CH2 data: {"text": "\u592b"}
[2026-05-20 15:42:56] CH2 data: {"text": "\u50cf"}
[2026-05-20 15:42:56] CH2 data: {"text": "\u662f"}
[2026-05-20 15:42:56] CH2 data: {"text": "\u60f3"}
[2026-05-20 15:42:56] CH2 data: {"text": "\u770b"}
[2026-05-20 15:42:56] CH2 data: {"text": "\u4ed6"}
[2026-05-20 15:42:56] CH2 data: {"text": "\uff0c\u53c8"}
[2026-05-20 15:42:56] CH2 data: {"text": "\u88ab"}
[2026-05-20 15:42:56] CH2 data: {"text": "\u9ed1"}
[2026-05-20 15:42:56] CH2 data: {"text": "\u84d1"}
[2026-05-20 15:42:56] CH2 data: {"text": "\u4eba"}
[2026-05-20 15:42:56] CH2 data: {"text": "\u8896"}
[2026-05-20 15:42:56] CH2 data: {"text": "\u53e3"}
[2026-05-20 15:42:56] CH2 data: {"text": "\u4e00"}
[2026-05-20 15:42:56] CH2 data: {"text": "\u538b"}
[2026-05-20 15:42:56] CH2 data: {"text": "\uff0c"}
[2026-05-20 15:42:56] CH2 data: {"text": "\u773c"}
[2026-05-20 15:42:56] CH2 data: {"text": "\u795e"}
[2026-05-20 15:42:56] CH2 data: {"text": "\u7acb"}
[2026-05-20 15:42:57] CH2 data: {"text": "\u523b"}
[2026-05-20 15:42:57] CH2 data: {"text": "\u5782"}
[2026-05-20 15:42:57] CH2 data: {"text": "\u4e86"}
[2026-05-20 15:42:57] CH2 data: {"text": "\u4e0b"}
[2026-05-20 15:42:57] CH2 data: {"text": "\u53bb"}
[2026-05-20 15:42:57] CH2 data: {"text": "\u3002\n\n"}
[2026-05-20 15:42:57] CH2 data: {"text": "\u8fd9"}
[2026-05-20 15:42:57] CH2 data: {"text": "\u4e00\u4e0b"}
[2026-05-20 15:42:57] CH2 data: {"text": "\uff0c"}
[2026-05-20 15:42:57] CH2 data: {"text": "\u6c88"}
[2026-05-20 15:42:57] CH2 data: {"text": "\u7167"}
[2026-05-20 15:42:57] CH2 data: {"text": "\u66f4"}
[2026-05-20 15:42:57] CH2 data: {"text": "\u4e0d"}
[2026-05-20 15:42:57] CH2 data: {"text": "\u8bf4"}
[2026-05-20 15:42:57] CH2 data: {"text": "\u5e9f"}
[2026-05-20 15:42:57] CH2 data: {"text": "\u8bdd"}
[2026-05-20 15:42:57] CH2 data: {"text": "\u3002\n\n"}
[2026-05-20 15:42:57] CH2 data: {"text": "\u5c38"}
[2026-05-20 15:42:57] CH2 data: {"text": "\u677f"}
[2026-05-20 15:42:57] CH2 data: {"text": "\u4ece"}
[2026-05-20 15:42:57] CH2 data: {"text": "\u5e99"}
[2026-05-20 15:42:57] CH2 data: {"text": "\u524d"}
[2026-05-20 15:42:57] CH2 data: {"text": "\u62ac"}
[2026-05-20 15:42:57] CH2 data: {"text": "\u4e0b"}
[2026-05-20 15:42:57] CH2 data: {"text": "\u53bb"}
[2026-05-20 15:42:57] CH2 data: {"text": "\uff0c"}
[2026-05-20 15:42:57] CH2 data: {"text": "\u6728"}
[2026-05-20 15:42:57] CH2 data: {"text": "\u811a"}
[2026-05-20 15:42:57] CH2 data: {"text": "\u64e6"}
[2026-05-20 15:42:57] CH2 data: {"text": "\u8fc7"}
[2026-05-20 15:42:57] CH2 data: {"text": "\u77f3"}
[2026-05-20 15:42:57] CH2 data: {"text": "\u9636"}
[2026-05-20 15:42:57] CH2 data: {"text": "\uff0c"}
[2026-05-20 15:42:57] CH2 data: {"text": "\u53d1"}
[2026-05-20 15:42:57] CH2 data: {"text": "\u51fa"}
[2026-05-20 15:42:57] CH2 data: {"text": "\u4e00"}
[2026-05-20 15:42:57] CH2 data: {"text": "\u4e32"}
[2026-05-20 15:42:57] CH2 data: {"text": "\u6da9"}
[2026-05-20 15:42:57] CH2 data: {"text": "\u54cd"}
[2026-05-20 15:42:57] CH2 data: {"text": "\u3002"}
[2026-05-20 15:42:57] CH2 data: {"text": "\u7f69"}
[2026-05-20 15:42:57] CH2 data: {"text": "\u7740"}
[2026-05-20 15:42:57] CH2 data: {"text": "\u7ea2"}
[2026-05-20 15:42:57] CH2 data: {"text": "\u5e03"}
[2026-05-20 15:42:57] CH2 data: {"text": "\u7684"}
[2026-05-20 15:42:57] CH2 data: {"text": "\u9b42"}
[2026-05-20 15:42:57] CH2 data: {"text": "\u706f"}
[2026-05-20 15:42:57] CH2 data: {"text": "\u88ab"}
[2026-05-20 15:42:57] CH2 data: {"text": "\u5dee"}
[2026-05-20 15:42:57] CH2 data: {"text": "\u5f79"}
[2026-05-20 15:42:57] CH2 data: {"text": "\u62b1"}
[2026-05-20 15:42:57] CH2 data: {"text": "\u8d70"}
[2026-05-20 15:42:57] CH2 data: {"text": "\uff0c"}
[2026-05-20 15:42:57] CH2 data: {"text": "\u5e03"}
[2026-05-20 15:42:58] CH2 data: {"text": "\u89d2"}
[2026-05-20 15:42:58] CH2 data: {"text": "\u4e0b"}
[2026-05-20 15:42:58] CH2 data: {"text": "\u4ecd"}
[2026-05-20 15:42:58] CH2 data: {"text": "\u900f"}
[2026-05-20 15:42:58] CH2 data: {"text": "\u51fa"}
[2026-05-20 15:42:58] CH2 data: {"text": "\u4e00\u70b9"}
[2026-05-20 15:42:58] CH2 data: {"text": "\u786c"}
[2026-05-20 15:42:58] CH2 data: {"text": "\u51b7"}
[2026-05-20 15:42:58] CH2 data: {"text": "\u7684"}
[2026-05-20 15:42:58] CH2 data: {"text": "\u8f6e"}
[2026-05-20 15:42:58] CH2 data: {"text": "\u5ed3"}
[2026-05-20 15:42:58] CH2 data: {"text": "\u3002"}
[2026-05-20 15:42:58] CH2 data: {"text": "\u6848"}
[2026-05-20 15:42:58] CH2 data: {"text": "\u518c"}
[2026-05-20 15:42:58] CH2 data: {"text": "\u5728"}
[2026-05-20 15:42:58] CH2 data: {"text": "\u4e66"}
[2026-05-20 15:42:58] CH2 data: {"text": "\u624b"}
[2026-05-20 15:42:58] CH2 data: {"text": "\u81c2"}
[2026-05-20 15:42:58] CH2 data: {"text": "\u5f2f"}
[2026-05-20 15:42:58] CH2 data: {"text": "\u91cc"}
[2026-05-20 15:42:58] CH2 data: {"text": "\uff0c"}
[2026-05-20 15:42:58] CH2 data: {"text": "\u5c01"}
[2026-05-20 15:42:58] CH2 data: {"text": "\u76ae"}
[2026-05-20 15:42:58] CH2 data: {"text": "\u6cbe"}
[2026-05-20 15:42:58] CH2 data: {"text": "\u7740"}
[2026-05-20 15:42:58] CH2 data: {"text": "\u9999"}
[2026-05-20 15:42:58] CH2 data: {"text": "\u7070"}
[2026-05-20 15:42:58] CH2 data: {"text": "\u3002"}
[2026-05-20 15:42:58] CH2 data: {"text": "\u53e6\u4e00"}
[2026-05-20 15:42:58] CH2 data: {"text": "\u8fb9"}
[2026-05-20 15:42:58] CH2 data: {"text": "\uff0c"}
[2026-05-20 15:42:58] CH2 data: {"text": "\u4f20"}
[2026-05-20 15:42:58] CH2 data: {"text": "\u4ee4"}
[2026-05-20 15:42:58] CH2 data: {"text": "\u7684"}
[2026-05-20 15:42:58] CH2 data: {"text": "\u5dee"}
[2026-05-20 15:42:58] CH2 data: {"text": "\u5f79"}
[2026-05-20 15:42:58] CH2 data: {"text": "\u5df2\u7ecf"}
[2026-05-20 15:42:58] CH2 data: {"text": "\u5206"}
[2026-05-20 15:42:58] CH2 data: {"text": "\u5934"}
[2026-05-20 15:42:58] CH2 data: {"text": "\u51b2"}
[2026-05-20 15:42:58] CH2 data: {"text": "\u5411"}
[2026-05-20 15:42:58] CH2 data: {"text": "\u56db"}
[2026-05-20 15:42:58] CH2 data: {"text": "\u95e8"}
[2026-05-20 15:42:58] CH2 data: {"text": "\uff0c"}
[2026-05-20 15:42:58] CH2 data: {"text": "\u4e1c"}
[2026-05-20 15:42:58] CH2 data: {"text": "\u8857"}
[2026-05-20 15:42:58] CH2 data: {"text": "\u5148"}
[2026-05-20 15:42:58] CH2 data: {"text": "\u4f20"}
[2026-05-20 15:42:58] CH2 data: {"text": "\u6765"}
[2026-05-20 15:42:58] CH2 data: {"text": "\u95e9"}
[2026-05-20 15:42:58] CH2 data: {"text": "\u6728"}
[2026-05-20 15:42:58] CH2 data: {"text": "\u843d"}
[2026-05-20 15:42:58] CH2 data: {"text": "\u69fd"}
[2026-05-20 15:42:58] CH2 data: {"text": "\u7684"}
[2026-05-20 15:42:58] CH2 data: {"text": "\u95f7"}
[2026-05-20 15:42:59] CH2 data: {"text": "\u54cd"}
[2026-05-20 15:42:59] CH2 data: {"text": "\uff0c"}
[2026-05-20 15:42:59] CH2 data: {"text": "\u63a5"}
[2026-05-20 15:42:59] CH2 data: {"text": "\u7740"}
[2026-05-20 15:42:59] CH2 data: {"text": "\u662f"}
[2026-05-20 15:42:59] CH2 data: {"text": "\u5e97"}
[2026-05-20 15:42:59] CH2 data: {"text": "\u94fa"}
[2026-05-20 15:42:59] CH2 data: {"text": "\u534a"}
[2026-05-20 15:42:59] CH2 data: {"text": "\u6247"}
[2026-05-20 15:42:59] CH2 data: {"text": "\u95e8"}
[2026-05-20 15:42:59] CH2 data: {"text": "\u677f"}
[2026-05-20 15:42:59] CH2 data: {"text": "\u201c"}
[2026-05-20 15:42:59] CH2 data: {"text": "\u7830"}
[2026-05-20 15:42:59] CH2 data: {"text": "\u201d"}
[2026-05-20 15:42:59] CH2 data: {"text": "\u5730"}
[2026-05-20 15:42:59] CH2 data: {"text": "\u6263"}
[2026-05-20 15:42:59] CH2 data: {"text": "\u4e0a"}
[2026-05-20 15:42:59] CH2 data: {"text": "\u3002"}
[2026-05-20 15:42:59] CH2 data: {"text": "\u5c01"}
[2026-05-20 15:42:59] CH2 data: {"text": "\u57ce"}
[2026-05-20 15:42:59] CH2 data: {"text": "\u4e0d\u662f"}
[2026-05-20 15:42:59] CH2 data: {"text": "\u4e00\u53e5"}
[2026-05-20 15:42:59] CH2 data: {"text": "\u8bdd"}
[2026-05-20 15:42:59] CH2 data: {"text": "\uff0c\u662f"}
[2026-05-20 15:42:59] CH2 data: {"text": "\u4e00"}
[2026-05-20 15:42:59] CH2 data: {"text": "\u6761"}
[2026-05-20 15:42:59] CH2 data: {"text": "\u6761"}
[2026-05-20 15:42:59] CH2 data: {"text": "\u8857"}
[2026-05-20 15:42:59] CH2 data: {"text": "\u53e3"}
[2026-05-20 15:42:59] CH2 data: {"text": "\u7acb"}
[2026-05-20 15:42:59] CH2 data: {"text": "\u8d77\u6765"}
[2026-05-20 15:42:59] CH2 data: {"text": "\u7684"}
[2026-05-20 15:43:00] CH2 data: {"text": "\u7ef3"}
[2026-05-20 15:43:00] CH2 data: {"text": "\u7b7e"}
[2026-05-20 15:43:00] CH2 data: {"text": "\uff0c\u662f"}
[2026-05-20 15:43:00] CH2 data: {"text": "\u4e00"}
[2026-05-20 15:43:00] CH2 data: {"text": "\u5f20"}
[2026-05-20 15:43:00] CH2 data: {"text": "\u6162"}
[2026-05-20 15:43:00] CH2 data: {"text": "\u6162"}
[2026-05-20 15:43:00] CH2 data: {"text": "\u62c9"}
[2026-05-20 15:43:00] CH2 data: {"text": "\u7d27"}
[2026-05-20 15:43:00] CH2 data: {"text": "\u7684"}
[2026-05-20 15:43:00] CH2 data: {"text": "\u7f51"}
[2026-05-20 15:43:00] CH2 data: {"text": "\u3002\n\n"}
[2026-05-20 15:43:00] CH2 data: {"text": "\u6c88"}
[2026-05-20 15:43:00] CH2 data: {"text": "\u7167"}
[2026-05-20 15:43:00] CH2 data: {"text": "\u8d70"}
[2026-05-20 15:43:00] CH2 data: {"text": "\u5728"}
[2026-05-20 15:43:00] CH2 data: {"text": "\u62bc"}
[2026-05-20 15:43:00] CH2 data: {"text": "\u9001"}
[2026-05-20 15:43:00] CH2 data: {"text": "\u961f"}
[2026-05-20 15:43:00] CH2 data: {"text": "\u4fa7"}
[2026-05-20 15:43:00] CH2 data: {"text": "\uff0c\u4e0d"}
[2026-05-20 15:43:00] CH2 data: {"text": "\u524d"}
[2026-05-20 15:43:00] CH2 data: {"text": "\u4e0d"}
[2026-05-20 15:43:00] CH2 data: {"text": "\u540e"}
[2026-05-20 15:43:00] CH2 data: {"text": "\u3002"}
[2026-05-20 15:43:00] CH2 data: {"text": "\u4e09"}
[2026-05-20 15:43:00] CH2 data: {"text": "\u540d"}
[2026-05-20 15:43:00] CH2 data: {"text": "\u5dee"}
[2026-05-20 15:43:00] CH2 data: {"text": "\u5f79"}
[2026-05-20 15:43:00] CH2 data: {"text": "\u628a"}
[2026-05-20 15:43:00] CH2 data: {"text": "\u4ed6"}
[2026-05-20 15:43:00] CH2 data: {"text": "\u5939"}
[2026-05-20 15:43:00] CH2 data: {"text": "\u4f4f"}
[2026-05-20 15:43:00] CH2 data: {"text": "\uff0c"}
[2026-05-20 15:43:00] CH2 data: {"text": "\u65e2"}
[2026-05-20 15:43:00] CH2 data: {"text": "\u50cf"}
[2026-05-20 15:43:00] CH2 data: {"text": "\u966a"}
[2026-05-20 15:43:00] CH2 data: {"text": "\u540c"}
[2026-05-20 15:43:00] CH2 data: {"text": "\uff0c\u4e5f"}
[2026-05-20 15:43:00] CH2 data: {"text": "\u50cf"}
[2026-05-20 15:43:01] CH2 data: {"text": "\u770b"}
[2026-05-20 15:43:01] CH2 data: {"text": "\u62bc"}
[2026-05-20 15:43:01] CH2 data: {"text": "\u3002"}
[2026-05-20 15:43:01] CH2 data: {"text": "\u5b88"}
[2026-05-20 15:43:01] CH2 data: {"text": "\u5907"}
[2026-05-20 15:43:01] CH2 data: {"text": "\u6ca1\u6709"}
[2026-05-20 15:43:01] CH2 data: {"text": "\u9a73"}
[2026-05-20 15:43:01] CH2 data: {"text": "\u56de"}
[2026-05-20 15:43:01] CH2 data: {"text": "\u4ed6\u7684"}
[2026-05-20 15:43:01] CH2 data: {"text": "\u7406"}
[2026-05-20 15:43:01] CH2 data: {"text": "\uff0c\u5374"}
[2026-05-20 15:43:01] CH2 data: {"text": "\u53ea"}
[2026-05-20 15:43:01] CH2 data: {"text": "\u7ed9"}
[2026-05-20 15:43:01] CH2 data: {"text": "\u4e86"}
[2026-05-20 15:43:01] CH2 data: {"text": "\u6700"}
[2026-05-20 15:43:01] CH2 data: {"text": "\u7a84"}
[2026-05-20 15:43:01] CH2 data: {"text": "\u7684\u4e00"}
[2026-05-20 15:43:01] CH2 data: {"text": "\u9053"}
[2026-05-20 15:43:01] CH2 data: {"text": "\u7f1d"}
[2026-05-20 15:43:01] CH2 data: {"text": "\uff1b"}
[2026-05-20 15:43:01] CH2 data: {"text": "\u7f1d"}
[2026-05-20 15:43:01] CH2 data: {"text": "\u91cc"}
[2026-05-20 15:43:01] CH2 data: {"text": "\u80fd"}
[2026-05-20 15:43:01] CH2 data: {"text": "\u8d70"}
[2026-05-20 15:43:01] CH2 data: {"text": "\u4eba"}
[2026-05-20 15:43:01] CH2 data: {"text": "\uff0c\u4e5f"}
[2026-05-20 15:43:01] CH2 data: {"text": "\u80fd"}
[2026-05-20 15:43:01] CH2 data: {"text": "\u7ede"}
[2026-05-20 15:43:01] CH2 data: {"text": "\u4eba"}
[2026-05-20 15:43:01] CH2 data: {"text": "\u3002\n\n"}
[2026-05-20 15:43:01] CH2 data: {"text": "\u51fa\u4e86"}
[2026-05-20 15:43:01] CH2 data: {"text": "\u5e99"}
[2026-05-20 15:43:01] CH2 data: {"text": "\u524d"}
[2026-05-20 15:43:01] CH2 data: {"text": "\u77f3"}
[2026-05-20 15:43:01] CH2 data: {"text": "\u576a"}
[2026-05-20 15:43:01] CH2 data: {"text": "\uff0c"}
[2026-05-20 15:43:01] CH2 data: {"text": "\u961f"}
[2026-05-20 15:43:01] CH2 data: {"text": "\u4f0d"}
[2026-05-20 15:43:01] CH2 data: {"text": "\u8f6c"}
[2026-05-20 15:43:01] CH2 data: {"text": "\u4e0a"}
[2026-05-20 15:43:01] CH2 data: {"text": "\u5317"}
[2026-05-20 15:43:01] CH2 data: {"text": "\u8857"}
[2026-05-20 15:43:01] CH2 data: {"text": "\u3002"}
[2026-05-20 15:43:01] CH2 data: {"text": "\u9ed1"}
[2026-05-20 15:43:02] CH2 data: {"text": "\u84d1"}
[2026-05-20 15:43:02] CH2 data: {"text": "\u4eba\u5728"}
[2026-05-20 15:43:02] CH2 data: {"text": "\u524d"}
[2026-05-20 15:43:02] CH2 data: {"text": "\u626f"}
[2026-05-20 15:43:02] CH2 data: {"text": "\u7ef3"}
[2026-05-20 15:43:02] CH2 data: {"text": "\uff0c"}
[2026-05-20 15:43:02] CH2 data: {"text": "\u8001"}
[2026-05-20 15:43:02] CH2 data: {"text": "\u66f4"}
[2026-05-20 15:43:02] CH2 data: {"text": "\u592b"}
[2026-05-20 15:43:02] CH2 data: {"text": "\u8dcc"}
[2026-05-20 15:43:02] CH2 data: {"text": "\u8dcc"}
[2026-05-20 15:43:02] CH2 data: {"text": "\u649e"}
[2026-05-20 15:43:02] CH2 data: {"text": "\u649e"}
[2026-05-20 15:43:02] CH2 data: {"text": "\u8ddf"}
[2026-05-20 15:43:02] CH2 data: {"text": "\u7740"}
[2026-05-20 15:43:02] CH2 data: {"text": "\uff0c"}
[2026-05-20 15:43:02] CH2 data: {"text": "\u4e66"}
[2026-05-20 15:43:02] CH2 data: {"text": "\u624b"}
[2026-05-20 15:43:02] CH2 data: {"text": "\u62b1"}
[2026-05-20 15:43:02] CH2 data: {"text": "\u518c"}
[2026-05-20 15:43:02] CH2 data: {"text": "\u5598"}
[2026-05-20 15:43:02] CH2 data: {"text": "\u7740"}
[2026-05-20 15:43:02] CH2 data: {"text": "\u6c14"}
[2026-05-20 15:43:02] CH2 data: {"text": "\u8ffd"}
[2026-05-20 15:43:02] CH2 data: {"text": "\u5728"}
[2026-05-20 15:43:02] CH2 data: {"text": "\u540e"}
[2026-05-20 15:43:02] CH2 data: {"text": "\u5934"}
[2026-05-20 15:43:02] CH2 data: {"text": "\uff0c"}
[2026-05-20 15:43:02] CH2 data: {"text": "\u4e24\u4e2a"}
[2026-05-20 15:43:02] CH2 data: {"text": "\u5dee"}
[2026-05-20 15:43:02] CH2 data: {"text": "\u5f79"}
[2026-05-20 15:43:02] CH2 data: {"text": "\u5f00"}
[2026-05-20 15:43:02] CH2 data: {"text": "\u9053"}
[2026-05-20 15:43:02] CH2 data: {"text": "\uff0c\u4e00\u4e2a"}
[2026-05-20 15:43:02] CH2 data: {"text": "\u5dee"}
[2026-05-20 15:43:02] CH2 data: {"text": "\u5f79"}
[2026-05-20 15:43:02] CH2 data: {"text": "\u6b7b"}
[2026-05-20 15:43:02] CH2 data: {"text": "\u76ef"}
[2026-05-20 15:43:02] CH2 data: {"text": "\u6c88"}
[2026-05-20 15:43:02] CH2 data: {"text": "\u7167"}
[2026-05-20 15:43:02] CH2 data: {"text": "\u3002"}
[2026-05-20 15:43:02] CH2 data: {"text": "\u8857"}
[2026-05-20 15:43:02] CH2 data: {"text": "\u8fb9"}
[2026-05-20 15:43:02] CH2 data: {"text": "\u4f4f"}
[2026-05-20 15:43:02] CH2 data: {"text": "\u6237"}
[2026-05-20 15:43:02] CH2 data: {"text": "\u542c"}
[2026-05-20 15:43:03] CH2 data: {"text": "\u89c1"}
[2026-05-20 15:43:03] CH2 data: {"text": "\u9523"}
[2026-05-20 15:43:03] CH2 data: {"text": "\u58f0"}
[2026-05-20 15:43:03] CH2 data: {"text": "\u7eb7"}
[2026-05-20 15:43:03] CH2 data: {"text": "\u7eb7"}
[2026-05-20 15:43:03] CH2 data: {"text": "\u63a2"}
[2026-05-20 15:43:03] CH2 data: {"text": "\u5934"}
[2026-05-20 15:43:03] CH2 data: {"text": "\uff0c\u53c8"}
[2026-05-20 15:43:03] CH2 data: {"text": "\u88ab"}
[2026-05-20 15:43:03] CH2 data: {"text": "\u559d"}
[2026-05-20 15:43:03] CH2 data: {"text": "\u9000"}
[2026-05-20 15:43:03] CH2 data: {"text": "\u3002"}
[2026-05-20 15:43:03] CH2 data: {"text": "\u65e5"}
[2026-05-20 15:43:03] CH2 data: {"text": "\u5934"}
[2026-05-20 15:43:03] CH2 data: {"text": "\u521a"}
[2026-05-20 15:43:03] CH2 data: {"text": "\u722c"}
[2026-05-20 15:43:03] CH2 data: {"text": "\u5230"}
[2026-05-20 15:43:03] CH2 data: {"text": "\u5c4b"}
[2026-05-20 15:43:03] CH2 data: {"text": "\u810a"}
[2026-05-20 15:43:03] CH2 data: {"text": "\uff0c"}
[2026-05-20 15:43:03] CH2 data: {"text": "\u5149"}
[2026-05-20 15:43:03] CH2 data: {"text": "\u8fd8"}
[2026-05-20 15:43:03] CH2 data: {"text": "\u8584"}
[2026-05-20 15:43:03] CH2 data: {"text": "\uff0c"}
[2026-05-20 15:43:03] CH2 data: {"text": "\u5317"}
[2026-05-20 15:43:03] CH2 data: {"text": "\u8857"}
[2026-05-20 15:43:03] CH2 data: {"text": "\u53e3"}
[2026-05-20 15:43:03] CH2 data: {"text": "\u5374"}
[2026-05-20 15:43:03] CH2 data: {"text": "\u5df2\u7ecf"}
[2026-05-20 15:43:03] CH2 data: {"text": "\u6709"}
[2026-05-20 15:43:03] CH2 data: {"text": "\u4e86"}
[2026-05-20 15:43:03] CH2 data: {"text": "\u5173"}
[2026-05-20 15:43:03] CH2 data: {"text": "\u95e8"}
[2026-05-20 15:43:03] CH2 data: {"text": "\u7684"}
[2026-05-20 15:43:03] CH2 data: {"text": "\u54cd"}
[2026-05-20 15:43:03] CH2 data: {"text": "\u52a8"}
[2026-05-20 15:43:03] CH2 data: {"text": "\u3002\n\n"}
[2026-05-20 15:43:03] CH2 data: {"text": "\u9ed1"}
[2026-05-20 15:43:03] CH2 data: {"text": "\u84d1"}
[2026-05-20 15:43:03] CH2 data: {"text": "\u4eba"}
[2026-05-20 15:43:03] CH2 data: {"text": "\u62bc"}
[2026-05-20 15:43:03] CH2 data: {"text": "\u7740"}
[2026-05-20 15:43:03] CH2 data: {"text": "\u8001"}
[2026-05-20 15:43:03] CH2 data: {"text": "\u66f4"}
[2026-05-20 15:43:03] CH2 data: {"text": "\u592b"}
[2026-05-20 15:43:03] CH2 data: {"text": "\u8fc7"}
[2026-05-20 15:43:03] CH2 data: {"text": "\u5317"}
[2026-05-20 15:43:03] CH2 data: {"text": "\u8857"}
[2026-05-20 15:43:03] CH2 data: {"text": "\uff0c"}
[2026-05-20 15:43:03] CH2 data: {"text": "\u534a"}
[2026-05-20 15:43:03] CH2 data: {"text": "\u4e2a"}
[2026-05-20 15:43:03] CH2 data: {"text": "\u65f6"}
[2026-05-20 15:43:03] CH2 data: {"text": "\u8fb0"}
[2026-05-20 15:43:03] CH2 data: {"text": "\u7684"}
[2026-05-20 15:43:03] CH2 data: {"text": "\u540d"}
[2026-05-20 15:43:04] CH2 data: {"text": "\u5206"}
[2026-05-20 15:43:04] CH2 data: {"text": "\u5f00\u59cb"}
[2026-05-20 15:43:04] CH2 data: {"text": "\u5012"}
[2026-05-20 15:43:04] CH2 data: {"text": "\u6570"}
[2026-05-20 15:43:04] CH2 data: {"text": "\u3002"}
[2026-05-20 15:43:04] CH2 data: {"text": "\n\n"}
[2026-05-20 15:44:55] CH2 data: {"text": "\u94dc"}
[2026-05-20 15:44:55] CH2 data: {"text": "\u9523"}
[2026-05-20 15:44:55] CH2 data: {"text": "\u4e00"}
[2026-05-20 15:44:55] CH2 data: {"text": "\u58f0"}
[2026-05-20 15:44:55] CH2 data: {"text": "\u7d27"}
[2026-05-20 15:44:55] CH2 data: {"text": "\u8fc7"}
[2026-05-20 15:44:55] CH2 data: {"text": "\u4e00"}
[2026-05-20 15:44:55] CH2 data: {"text": "\u58f0"}
[2026-05-20 15:44:55] CH2 data: {"text": "\uff0c"}
[2026-05-20 15:44:55] CH2 data: {"text": "\u5317"}
[2026-05-20 15:44:55] CH2 data: {"text": "\u8857"}
[2026-05-20 15:44:55] CH2 data: {"text": "\u5c3d"}
[2026-05-20 15:44:55] CH2 data: {"text": "\u5934"}
[2026-05-20 15:44:55] CH2 data: {"text": "\u7684"}
[2026-05-20 15:44:55] CH2 data: {"text": "\u6728"}
[2026-05-20 15:44:56] CH2 data: {"text": "\u6805"}
[2026-05-20 15:44:56] CH2 data: {"text": "\u53ea"}
[2026-05-20 15:44:56] CH2 data: {"text": "\u7559"}
[2026-05-20 15:44:56] CH2 data: {"text": "\u4e0b\u4e00"}
[2026-05-20 15:44:56] CH2 data: {"text": "\u9053"}
[2026-05-20 15:44:56] CH2 data: {"text": "\u7a84"}
[2026-05-20 15:44:56] CH2 data: {"text": "\u53e3"}
[2026-05-20 15:44:56] CH2 data: {"text": "\u3002\n\n"}
[2026-05-20 15:44:56] CH2 data: {"text": "\u88ab"}
[2026-05-20 15:44:56] CH2 data: {"text": "\u62e6"}
[2026-05-20 15:44:56] CH2 data: {"text": "\u4e0b"}
[2026-05-20 15:44:56] CH2 data: {"text": "\u7684"}
[2026-05-20 15:44:56] CH2 data: {"text": "\u6311"}
[2026-05-20 15:44:56] CH2 data: {"text": "\u62c5"}
[2026-05-20 15:44:56] CH2 data: {"text": "\u4eba"}
[2026-05-20 15:44:56] CH2 data: {"text": "\u3001"}
[2026-05-20 15:44:56] CH2 data: {"text": "\u836f"}
[2026-05-20 15:44:56] CH2 data: {"text": "\u94fa"}
[2026-05-20 15:44:56] CH2 data: {"text": "\u4f19"}
[2026-05-20 15:44:56] CH2 data: {"text": "\u8ba1"}
[2026-05-20 15:44:56] CH2 data: {"text": "\u3001"}
[2026-05-20 15:44:56] CH2 data: {"text": "\u8d76"}
[2026-05-20 15:44:56] CH2 data: {"text": "\u65e9"}
[2026-05-20 15:44:56] CH2 data: {"text": "\u8f66"}
[2026-05-20 15:44:56] CH2 data: {"text": "\u7684"}
[2026-05-20 15:44:56] CH2 data: {"text": "\u628a"}
[2026-05-20 15:44:56] CH2 data: {"text": "\u5f0f"}
[2026-05-20 15:44:56] CH2 data: {"text": "\u5168"}
[2026-05-20 15:44:56] CH2 data: {"text": "\u5835"}
[2026-05-20 15:44:56] CH2 data: {"text": "\u5728\u90a3\u91cc"}
[2026-05-20 15:44:56] CH2 data: {"text": "\uff0c"}
[2026-05-20 15:44:56] CH2 data: {"text": "\u6c57"}
[2026-05-20 15:44:56] CH2 data: {"text": "\u9178"}
[2026-05-20 15:44:56] CH2 data: {"text": "\u3001"}
[2026-05-20 15:44:56] CH2 data: {"text": "\u7272"}
[2026-05-20 15:44:56] CH2 data: {"text": "\u53e3"}
[2026-05-20 15:44:56] CH2 data: {"text": "\u81ca"}
[2026-05-20 15:44:56] CH2 data: {"text": "\u6c14"}
[2026-05-20 15:44:56] CH2 data: {"text": "\u548c"}
[2026-05-20 15:44:56] CH2 data: {"text": "\u6e7f"}
[2026-05-20 15:44:57] CH2 data: {"text": "\u6ce5"}
[2026-05-20 15:44:57] CH2 data: {"text": "\u5473"}
[2026-05-20 15:44:57] CH2 data: {"text": "\u4e00"}
[2026-05-20 15:44:57] CH2 data: {"text": "\u9f50"}
[2026-05-20 15:44:57] CH2 data: {"text": "\u5f80"}
[2026-05-20 15:44:57] CH2 data: {"text": "\u56de"}
[2026-05-20 15:44:57] CH2 data: {"text": "\u9876"}
[2026-05-20 15:44:57] CH2 data: {"text": "\u3002"}
[2026-05-20 15:44:57] CH2 data: {"text": "\u62bc"}
[2026-05-20 15:44:57] CH2 data: {"text": "\u7ef3"}
[2026-05-20 15:44:57] CH2 data: {"text": "\u7ef7"}
[2026-05-20 15:44:57] CH2 data: {"text": "\u5f97"}
[2026-05-20 15:44:57] CH2 data: {"text": "\u7b14"}
[2026-05-20 15:44:57] CH2 data: {"text": "\u76f4"}
[2026-05-20 15:44:57] CH2 data: {"text": "\uff0c"}
[2026-05-20 15:44:57] CH2 data: {"text": "\u52d2"}
[2026-05-20 15:44:57] CH2 data: {"text": "\u5f97"}
[2026-05-20 15:44:57] CH2 data: {"text": "\u90a3"}
[2026-05-20 15:44:57] CH2 data: {"text": "\u53cc"}
[2026-05-20 15:44:57] CH2 data: {"text": "\u8001"}
[2026-05-20 15:44:57] CH2 data: {"text": "\u624b"}
[2026-05-20 15:44:57] CH2 data: {"text": "\u53d1"}
[2026-05-20 15:44:57] CH2 data: {"text": "\u9752"}
[2026-05-20 15:44:57] CH2 data: {"text": "\u3002\n\n"}
[2026-05-20 15:44:57] CH2 data: {"text": "\u6c88"}
[2026-05-20 15:44:57] CH2 data: {"text": "\u7167"}
[2026-05-20 15:44:57] CH2 data: {"text": "\u8ddf"}
[2026-05-20 15:44:57] CH2 data: {"text": "\u5230"}
[2026-05-20 15:44:57] CH2 data: {"text": "\u5e9f"}
[2026-05-20 15:44:57] CH2 data: {"text": "\u706f"}
[2026-05-20 15:44:57] CH2 data: {"text": "\u94fa"}
[2026-05-20 15:44:57] CH2 data: {"text": "\u9644\u8fd1"}
[2026-05-20 15:44:57] CH2 data: {"text": "\u65f6"}
[2026-05-20 15:44:57] CH2 data: {"text": "\uff0c"}
[2026-05-20 15:44:57] CH2 data: {"text": "\u5df2\u7ecf"}
[2026-05-20 15:44:57] CH2 data: {"text": "\u80fd"}
[2026-05-20 15:44:57] CH2 data: {"text": "\u770b"}
[2026-05-20 15:44:57] CH2 data: {"text": "\u89c1"}
[2026-05-20 15:44:57] CH2 data: {"text": "\u540e"}
[2026-05-20 15:44:57] CH2 data: {"text": "\u5df7"}
[2026-05-20 15:44:57] CH2 data: {"text": "\u584c"}
[2026-05-20 15:44:57] CH2 data: {"text": "\u5899"}
[2026-05-20 15:44:57] CH2 data: {"text": "\u7684"}
[2026-05-20 15:44:57] CH2 data: {"text": "\u77f3"}
[2026-05-20 15:44:57] CH2 data: {"text": "\u6cbf"}
[2026-05-20 15:44:57] CH2 data: {"text": "\u3002"}
[2026-05-20 15:44:57] CH2 data: {"text": "\u6309"}
[2026-05-20 15:44:57] CH2 data: {"text": "\u66f4"}
[2026-05-20 15:44:57] CH2 data: {"text": "\u592b"}
[2026-05-20 15:44:57] CH2 data: {"text": "\u5e73"}
[2026-05-20 15:44:57] CH2 data: {"text": "\u65e5"}
[2026-05-20 15:44:57] CH2 data: {"text": "\u6253"}
[2026-05-20 15:44:57] CH2 data: {"text": "\u66f4"}
[2026-05-20 15:44:57] CH2 data: {"text": "\u7684"}
[2026-05-20 15:44:57] CH2 data: {"text": "\u8def"}
[2026-05-20 15:44:57] CH2 data: {"text": "\uff0c"}
[2026-05-20 15:44:57] CH2 data: {"text": "\u524d"}
[2026-05-20 15:44:57] CH2 data: {"text": "\u5934"}
[2026-05-20 15:44:57] CH2 data: {"text": "\u8be5"}
[2026-05-20 15:44:57] CH2 data: {"text": "\u6298"}
[2026-05-20 15:44:57] CH2 data: {"text": "\u5411"}
[2026-05-20 15:44:57] CH2 data: {"text": "\u5317"}
[2026-05-20 15:44:57] CH2 data: {"text": "\u504f"}
[2026-05-20 15:44:57] CH2 data: {"text": "\u95e8"}
[2026-05-20 15:44:57] CH2 data: {"text": "\u3002"}
[2026-05-20 15:44:57] CH2 data: {"text": "\u9ed1"}
[2026-05-20 15:44:57] CH2 data: {"text": "\u84d1"}
[2026-05-20 15:44:57] CH2 data: {"text": "\u4eba"}
[2026-05-20 15:44:57] CH2 data: {"text": "\u5374"}
[2026-05-20 15:44:57] CH2 data: {"text": "\u5728"}
[2026-05-20 15:44:57] CH2 data: {"text": "\u5df7"}
[2026-05-20 15:44:57] CH2 data: {"text": "\u53e3"}
[2026-05-20 15:44:57] CH2 data: {"text": "\u4e00"}
[2026-05-20 15:44:57] CH2 data: {"text": "\u6536"}
[2026-05-20 15:44:57] CH2 data: {"text": "\u7ef3"}
[2026-05-20 15:44:57] CH2 data: {"text": "\uff0c"}
[2026-05-20 15:44:57] CH2 data: {"text": "\u62ac"}
[2026-05-20 15:44:57] CH2 data: {"text": "\u624b"}
[2026-05-20 15:44:57] CH2 data: {"text": "\u4eae"}
[2026-05-20 15:44:57] CH2 data: {"text": "\u4ee4"}
[2026-05-20 15:44:57] CH2 data: {"text": "\u724c"}
[2026-05-20 15:44:57] CH2 data: {"text": "\u3002\n\n"}
[2026-05-20 15:44:57] CH2 data: {"text": "\u201c"}
[2026-05-20 15:44:57] CH2 data: {"text": "\u6539"}
[2026-05-20 15:44:57] CH2 data: {"text": "\u9053"}
[2026-05-20 15:44:57] CH2 data: {"text": "\u3002"}
[2026-05-20 15:44:57] CH2 data: {"text": "\u56de"}
[2026-05-20 15:44:57] CH2 data: {"text": "\u8859"}
[2026-05-20 15:44:58] CH2 data: {"text": "\u3002\u201d\n\n"}
[2026-05-20 15:44:58] CH2 data: {"text": "\u6c88"}
[2026-05-20 15:44:58] CH2 data: {"text": "\u7167"}
[2026-05-20 15:44:58] CH2 data: {"text": "\u811a"}
[2026-05-20 15:44:58] CH2 data: {"text": "\u4e0b\u4e00"}
[2026-05-20 15:44:58] CH2 data: {"text": "\u505c"}
[2026-05-20 15:44:58] CH2 data: {"text": "\uff1a\u201c"}
[2026-05-20 15:44:58] CH2 data: {"text": "\u590d"}
[2026-05-20 15:44:58] CH2 data: {"text": "\u6838"}
[2026-05-20 15:44:58] CH2 data: {"text": "\u8def\u7ebf"}
[2026-05-20 15:44:58] CH2 data: {"text": "\u4e0d"}
[2026-05-20 15:44:58] CH2 data: {"text": "\u5728"}
[2026-05-20 15:44:58] CH2 data: {"text": "\u56de"}
[2026-05-20 15:44:58] CH2 data: {"text": "\u8859"}
[2026-05-20 15:44:58] CH2 data: {"text": "\u8def"}
[2026-05-20 15:44:58] CH2 data: {"text": "\u4e0a"}
[2026-05-20 15:44:58] CH2 data: {"text": "\u3002\u201d\n\n"}
[2026-05-20 15:44:58] CH2 data: {"text": "\u9ed1"}
[2026-05-20 15:44:58] CH2 data: {"text": "\u84d1"}
[2026-05-20 15:44:58] CH2 data: {"text": "\u4eba"}
[2026-05-20 15:44:58] CH2 data: {"text": "\u8fde"}
[2026-05-20 15:44:58] CH2 data: {"text": "\u773c"}
[2026-05-20 15:44:58] CH2 data: {"text": "\u76ae"}
[2026-05-20 15:44:58] CH2 data: {"text": "\u90fd"}
[2026-05-20 15:44:58] CH2 data: {"text": "\u6ca1"}
[2026-05-20 15:44:58] CH2 data: {"text": "\u62ac"}
[2026-05-20 15:44:58] CH2 data: {"text": "\uff1a\u201c"}
[2026-05-20 15:44:58] CH2 data: {"text": "\u5b88"}
[2026-05-20 15:44:58] CH2 data: {"text": "\u5907"}
[2026-05-20 15:44:58] CH2 data: {"text": "\u65b0"}
[2026-05-20 15:44:58] CH2 data: {"text": "\u53e3"}
[2026-05-20 15:44:58] CH2 data: {"text": "\u4ee4"}
[2026-05-20 15:44:58] CH2 data: {"text": "\uff0c"}
[2026-05-20 15:44:58] CH2 data: {"text": "\u5148"}
[2026-05-20 15:44:58] CH2 data: {"text": "\u91cd"}
[2026-05-20 15:44:58] CH2 data: {"text": "\u5f55"}
[2026-05-20 15:44:58] CH2 data: {"text": "\u53e3"}
[2026-05-20 15:44:58] CH2 data: {"text": "\u4f9b"}
[2026-05-20 15:44:58] CH2 data: {"text": "\u3002"}
[2026-05-20 15:44:58] CH2 data: {"text": "\u4f60"}
[2026-05-20 15:44:58] CH2 data: {"text": "\u82e5"}
[2026-05-20 15:44:58] CH2 data: {"text": "\u8981"}
[2026-05-20 15:44:58] CH2 data: {"text": "\u770b"}
[2026-05-20 15:44:58] CH2 data: {"text": "\uff0c\u5c31"}
[2026-05-20 15:44:58] CH2 data: {"text": "\u56de"}
[2026-05-20 15:44:58] CH2 data: {"text": "\u8859"}
[2026-05-20 15:44:58] CH2 data: {"text": "\u770b"}
[2026-05-20 15:44:58] CH2 data: {"text": "\u3002\u201d\n\n"}
[2026-05-20 15:44:58] CH2 data: {"text": "\u65c1"}
[2026-05-20 15:45:00] CH2 data: {"text": "\u8fb9"}
[2026-05-20 15:45:00] CH2 data: {"text": "\u5dee"}
[2026-05-20 15:45:00] CH2 data: {"text": "\u5f79"}
[2026-05-20 15:45:01] CH2 data: {"text": "\u7acb"}
[2026-05-20 15:45:01] CH2 data: {"text": "\u523b"}
[2026-05-20 15:45:01] CH2 data: {"text": "\u53d8"}
[2026-05-20 15:45:01] CH2 data: {"text": "\u4f4d"}
[2026-05-20 15:45:01] CH2 data: {"text": "\uff0c\u4e00\u4e2a"}
[2026-05-20 15:45:01] CH2 data: {"text": "\u626f"}
[2026-05-20 15:45:01] CH2 data: {"text": "\u7d27"}
[2026-05-20 15:45:01] CH2 data: {"text": "\u8001"}
[2026-05-20 15:45:01] CH2 data: {"text": "\u66f4"}
[2026-05-20 15:45:01] CH2 data: {"text": "\u592b"}
[2026-05-20 15:45:01] CH2 data: {"text": "\uff0c\u4e00\u4e2a"}
[2026-05-20 15:45:01] CH2 data: {"text": "\u6a2a"}
[2026-05-20 15:45:01] CH2 data: {"text": "\u8eab"}
[2026-05-20 15:45:01] CH2 data: {"text": "\u62e6"}
[2026-05-20 15:45:01] CH2 data: {"text": "\u4f4f"}
[2026-05-20 15:45:01] CH2 data: {"text": "\u6c88"}
[2026-05-20 15:45:01] CH2 data: {"text": "\u7167"}
[2026-05-20 15:45:01] CH2 data: {"text": "\uff0c"}
[2026-05-20 15:45:01] CH2 data: {"text": "\u53e6"}
[2026-05-20 15:45:01] CH2 data: {"text": "\u4e00\u4e2a"}
[2026-05-20 15:45:01] CH2 data: {"text": "\u53bb"}
[2026-05-20 15:45:01] CH2 data: {"text": "\u524d"}
[2026-05-20 15:45:01] CH2 data: {"text": "\u5934"}
[2026-05-20 15:45:01] CH2 data: {"text": "\u559d"}
[2026-05-20 15:45:01] CH2 data: {"text": "\u5f00"}
[2026-05-20 15:45:01] CH2 data: {"text": "\u884c"}
[2026-05-20 15:45:01] CH2 data: {"text": "\u4eba"}
[2026-05-20 15:45:01] CH2 data: {"text": "\u3002"}
[2026-05-20 15:45:01] CH2 data: {"text": "\u90a3"}
[2026-05-20 15:45:01] CH2 data: {"text": "\u534a"}
[2026-05-20 15:45:01] CH2 data: {"text": "\u4e2a"}
[2026-05-20 15:45:01] CH2 data: {"text": "\u65f6"}
[2026-05-20 15:45:01] CH2 data: {"text": "\u8fb0"}
[2026-05-20 15:45:01] CH2 data: {"text": "\u8fd8"}
[2026-05-20 15:45:01] CH2 data: {"text": "\u6ca1"}
[2026-05-20 15:45:01] CH2 data: {"text": "\u8d70"}
[2026-05-20 15:45:01] CH2 data: {"text": "\u5b8c"}
[2026-05-20 15:45:01] CH2 data: {"text": "\uff0c\u53ef"}
[2026-05-20 15:45:01] CH2 data: {"text": "\u4ee4"}
[2026-05-20 15:45:01] CH2 data: {"text": "\u724c"}
[2026-05-20 15:45:01] CH2 data: {"text": "\u4e00"}
[2026-05-20 15:45:01] CH2 data: {"text": "\u4eae"}
[2026-05-20 15:45:01] CH2 data: {"text": "\uff0c\u4ed6"}
[2026-05-20 15:45:01] CH2 data: {"text": "\u8fd9"}
[2026-05-20 15:45:01] CH2 data: {"text": "\u70b9"}
[2026-05-20 15:45:01] CH2 data: {"text": "\u540d"}
[2026-05-20 15:45:01] CH2 data: {"text": "\u5206"}
[2026-05-20 15:45:01] CH2 data: {"text": "\u8584"}
[2026-05-20 15:45:01] CH2 data: {"text": "\u5f97"}
[2026-05-20 15:45:01] CH2 data: {"text": "\u50cf"}
[2026-05-20 15:45:01] CH2 data: {"text": "\u7eb8"}
[2026-05-20 15:45:01] CH2 data: {"text": "\u3002"}
[2026-05-20 15:45:01] CH2 data: {"text": "\u771f"}
[2026-05-20 15:45:01] CH2 data: {"text": "\u88ab"}
[2026-05-20 15:45:01] CH2 data: {"text": "\u5e26"}
[2026-05-20 15:45:01] CH2 data: {"text": "\u56de"}
[2026-05-20 15:45:01] CH2 data: {"text": "\u53bb"}
[2026-05-20 15:45:01] CH2 data: {"text": "\uff0c"}
[2026-05-20 15:45:01] CH2 data: {"text": "\u95e8"}
[2026-05-20 15:45:01] CH2 data: {"text": "\u4e00"}
[2026-05-20 15:45:01] CH2 data: {"text": "\u5173"}
[2026-05-20 15:45:01] CH2 data: {"text": "\uff0c"}
[2026-05-20 15:45:01] CH2 data: {"text": "\u6848"}
[2026-05-20 15:45:01] CH2 data: {"text": "\u518c"}
[2026-05-20 15:45:01] CH2 data: {"text": "\u600e\u4e48"}
[2026-05-20 15:45:01] CH2 data: {"text": "\u8bb0"}
[2026-05-20 15:45:01] CH2 data: {"text": "\uff0c"}
[2026-05-20 15:45:01] CH2 data: {"text": "\u53e3"}
[2026-05-20 15:45:01] CH2 data: {"text": "\u4f9b"}
[2026-05-20 15:45:01] CH2 data: {"text": "\u600e\u4e48"}
[2026-05-20 15:45:01] CH2 data: {"text": "\u5199"}
[2026-05-20 15:45:01] CH2 data: {"text": "\uff0c\u90fd"}
[2026-05-20 15:45:01] CH2 data: {"text": "\u8f6e"}
[2026-05-20 15:45:01] CH2 data: {"text": "\u4e0d\u5230"}
[2026-05-20 15:45:01] CH2 data: {"text": "\u4ed6"}
[2026-05-20 15:45:02] CH2 data: {"text": "\u63d2"}
[2026-05-20 15:45:02] CH2 data: {"text": "\u624b"}
[2026-05-20 15:45:02] CH2 data: {"text": "\u3002\n\n"}
[2026-05-20 15:45:02] CH2 data: {"text": "\u8001"}
[2026-05-20 15:45:02] CH2 data: {"text": "\u66f4"}
[2026-05-20 15:45:02] CH2 data: {"text": "\u592b"}
[2026-05-20 15:45:02] CH2 data: {"text": "\u542c"}
[2026-05-20 15:45:02] CH2 data: {"text": "\u89c1"}
[2026-05-20 15:45:02] CH2 data: {"text": "\u201c"}
[2026-05-20 15:45:02] CH2 data: {"text": "\u56de"}
[2026-05-20 15:45:02] CH2 data: {"text": "\u8859"}
[2026-05-20 15:45:02] CH2 data: {"text": "\u201d"}
[2026-05-20 15:45:02] CH2 data: {"text": "\u4e24\u4e2a"}
[2026-05-20 15:45:02] CH2 data: {"text": "\u5b57"}
[2026-05-20 15:45:02] CH2 data: {"text": "\uff0c"}
[2026-05-20 15:45:02] CH2 data: {"text": "\u819d"}
[2026-05-20 15:45:02] CH2 data: {"text": "\u5f2f"}
[2026-05-20 15:45:02] CH2 data: {"text": "\u660e\u663e"}
[2026-05-20 15:45:02] CH2 data: {"text": "\u4e00"}
[2026-05-20 15:45:02] CH2 data: {"text": "\u8f6f"}
[2026-05-20 15:45:02] CH2 data: {"text": "\uff0c"}
[2026-05-20 15:45:02] CH2 data: {"text": "\u978b"}
[2026-05-20 15:45:02] CH2 data: {"text": "\u5e95"}
[2026-05-20 15:45:02] CH2 data: {"text": "\u5728"}
[2026-05-20 15:45:02] CH2 data: {"text": "\u9752"}
[2026-05-20 15:45:02] CH2 data: {"text": "\u6ce5"}
[2026-05-20 15:45:02] CH2 data: {"text": "\u4e0a"}
[2026-05-20 15:45:02] CH2 data: {"text": "\u8e6d"}
[2026-05-20 15:45:02] CH2 data: {"text": "\u51fa"}
[2026-05-20 15:45:02] CH2 data: {"text": "\u534a"}
[2026-05-20 15:45:02] CH2 data: {"text": "\u9053"}
[2026-05-20 15:45:02] CH2 data: {"text": "\u767d"}
[2026-05-20 15:45:02] CH2 data: {"text": "\u75d5"}
[2026-05-20 15:45:02] CH2 data: {"text": "\uff0c"}
[2026-05-20 15:45:02] CH2 data: {"text": "\u8fde"}
[2026-05-20 15:45:02] CH2 data: {"text": "\u5934"}
[2026-05-20 15:45:02] CH2 data: {"text": "\u90fd"}
[2026-05-20 15:45:02] CH2 data: {"text": "\u4e0d"}
[2026-05-20 15:45:02] CH2 data: {"text": "\u6562"}
[2026-05-20 15:45:02] CH2 data: {"text": "\u62ac"}
[2026-05-20 15:45:02] CH2 data: {"text": "\u3002\n\n"}
[2026-05-20 15:45:02] CH2 data: {"text": "\u6c88"}
[2026-05-20 15:45:02] CH2 data: {"text": "\u7167"}
[2026-05-20 15:45:02] CH2 data: {"text": "\u76ee"}
[2026-05-20 15:45:02] CH2 data: {"text": "\u5149"}
[2026-05-20 15:45:02] CH2 data: {"text": "\u4e00"}
[2026-05-20 15:45:02] CH2 data: {"text": "\u504f"}
[2026-05-20 15:45:02] CH2 data: {"text": "\uff0c"}
[2026-05-20 15:45:02] CH2 data: {"text": "\u843d"}
[2026-05-20 15:45:02] CH2 data: {"text": "\u5728"}
[2026-05-20 15:45:02] CH2 data: {"text": "\u584c"}
[2026-05-20 15:45:02] CH2 data: {"text": "\u5899"}
[2026-05-20 15:45:02] CH2 data: {"text": "\u4e0b"}
[2026-05-20 15:45:02] CH2 data: {"text": "\u3002"}
[2026-05-20 15:45:02] CH2 data: {"text": "\u77f3"}
[2026-05-20 15:45:02] CH2 data: {"text": "\u6cbf"}
[2026-05-20 15:45:02] CH2 data: {"text": "\u751f"}
[2026-05-20 15:45:02] CH2 data: {"text": "\u82d4"}
[2026-05-20 15:45:02] CH2 data: {"text": "\uff0c"}
[2026-05-20 15:45:02] CH2 data: {"text": "\u4e0b\u9762"}
[2026-05-20 15:45:02] CH2 data: {"text": "\u9ed1"}
[2026-05-20 15:45:02] CH2 data: {"text": "\u6c89"}
[2026-05-20 15:45:02] CH2 data: {"text": "\u6c89"}
[2026-05-20 15:45:02] CH2 data: {"text": "\u51f9"}
[2026-05-20 15:45:02] CH2 data: {"text": "\u8fdb\u53bb"}
[2026-05-20 15:45:02] CH2 data: {"text": "\u4e00"}
[2026-05-20 15:45:02] CH2 data: {"text": "\u5757"}
[2026-05-20 15:45:02] CH2 data: {"text": "\uff0c"}
[2026-05-20 15:45:02] CH2 data: {"text": "\u51b7"}
[2026-05-20 15:45:02] CH2 data: {"text": "\u98ce"}
[2026-05-20 15:45:02] CH2 data: {"text": "\u8d34"}
[2026-05-20 15:45:02] CH2 data: {"text": "\u7740"}
[2026-05-20 15:45:02] CH2 data: {"text": "\u5730"}
[2026-05-20 15:45:02] CH2 data: {"text": "\u76ae"}
[2026-05-20 15:45:02] CH2 data: {"text": "\u5f80"}
[2026-05-20 15:45:02] CH2 data: {"text": "\u5916"}
[2026-05-20 15:45:02] CH2 data: {"text": "\u94bb"}
[2026-05-20 15:45:02] CH2 data: {"text": "\u3002"}
[2026-05-20 15:45:02] CH2 data: {"text": "\u90a3"}
[2026-05-20 15:45:02] CH2 data: {"text": "\u662f"}
[2026-05-20 15:45:02] CH2 data: {"text": "\u65e7"}
[2026-05-20 15:45:02] CH2 data: {"text": "\u6e20"}
[2026-05-20 15:45:02] CH2 data: {"text": "\uff0c"}
[2026-05-20 15:45:02] CH2 data: {"text": "\u65e9"}
[2026-05-20 15:45:02] CH2 data: {"text": "\u5e74"}
[2026-05-20 15:45:02] CH2 data: {"text": "\u7ed9"}
[2026-05-20 15:45:02] CH2 data: {"text": "\u5317"}
[2026-05-20 15:45:02] CH2 data: {"text": "\u57ce"}
[2026-05-20 15:45:02] CH2 data: {"text": "\u6cc4"}
[2026-05-20 15:45:02] CH2 data: {"text": "\u96e8"}
[2026-05-20 15:45:02] CH2 data: {"text": "\u6c34"}
[2026-05-20 15:45:02] CH2 data: {"text": "\uff0c"}
[2026-05-20 15:45:02] CH2 data: {"text": "\u540e\u6765"}
[2026-05-20 15:45:02] CH2 data: {"text": "\u5899"}
[2026-05-20 15:45:02] CH2 data: {"text": "\u584c"}
[2026-05-20 15:45:02] CH2 data: {"text": "\u4e86"}
[2026-05-20 15:45:02] CH2 data: {"text": "\u534a"}
[2026-05-20 15:45:02] CH2 data: {"text": "\u8fb9"}
[2026-05-20 15:45:02] CH2 data: {"text": "\uff0c"}
[2026-05-20 15:45:02] CH2 data: {"text": "\u5165\u53e3"}
[2026-05-20 15:45:02] CH2 data: {"text": "\u7a84"}
[2026-05-20 15:45:02] CH2 data: {"text": "\u5f97"}
[2026-05-20 15:45:02] CH2 data: {"text": "\u50cf"}
[2026-05-20 15:45:02] CH2 data: {"text": "\u72d7"}
[2026-05-20 15:45:02] CH2 data: {"text": "\u6d1e"}
[2026-05-20 15:45:02] CH2 data: {"text": "\uff0c"}
[2026-05-20 15:45:02] CH2 data: {"text": "\u5de1"}
[2026-05-20 15:45:02] CH2 data: {"text": "\u591c"}
[2026-05-20 15:45:02] CH2 data: {"text": "\u7684\u4eba"}
[2026-05-20 15:45:02] CH2 data: {"text": "\u77e5\u9053"}
[2026-05-20 15:45:02] CH2 data: {"text": "\uff0c"}
[2026-05-20 15:45:02] CH2 data: {"text": "\u5916"}
[2026-05-20 15:45:02] CH2 data: {"text": "\u4eba"}
[2026-05-20 15:45:02] CH2 data: {"text": "\u672a"}
[2026-05-20 15:45:02] CH2 data: {"text": "\u5fc5"}
[2026-05-20 15:45:03] CH2 data: {"text": "\u8ba4"}
[2026-05-20 15:45:03] CH2 data: {"text": "\u5f97"}
[2026-05-20 15:45:03] CH2 data: {"text": "\u3002\n\n"}
[2026-05-20 15:45:03] CH2 data: {"text": "\u524d"}
[2026-05-20 15:45:03] CH2 data: {"text": "\u5934"}
[2026-05-20 15:45:03] CH2 data: {"text": "\u76d8"}
[2026-05-20 15:45:03] CH2 data: {"text": "\u67e5"}
[2026-05-20 15:45:03] CH2 data: {"text": "\u53c8"}
[2026-05-20 15:45:03] CH2 data: {"text": "\u5835"}
[2026-05-20 15:45:03] CH2 data: {"text": "\u4e86\u4e00"}
[2026-05-20 15:45:03] CH2 data: {"text": "\u4e0b"}
[2026-05-20 15:45:03] CH2 data: {"text": "\u3002\u4e00"}
[2026-05-20 15:45:03] CH2 data: {"text": "\u8f86"}
[2026-05-20 15:45:03] CH2 data: {"text": "\u9001"}
[2026-05-20 15:45:03] CH2 data: {"text": "\u67f4"}
[2026-05-20 15:45:03] CH2 data: {"text": "\u7684"}
[2026-05-20 15:45:03] CH2 data: {"text": "\u72ec"}
[2026-05-20 15:45:03] CH2 data: {"text": "\u8f6e"}
[2026-05-20 15:45:03] CH2 data: {"text": "\u8f66"}
[2026-05-20 15:45:03] CH2 data: {"text": "\u5361"}
[2026-05-20 15:45:03] CH2 data: {"text": "\u5728"}
[2026-05-20 15:45:03] CH2 data: {"text": "\u6728"}
[2026-05-20 15:45:03] CH2 data: {"text": "\u6805"}
[2026-05-20 15:45:03] CH2 data: {"text": "\u8fb9"}
[2026-05-20 15:45:03] CH2 data: {"text": "\uff0c"}
[2026-05-20 15:45:03] CH2 data: {"text": "\u8f66"}
[2026-05-20 15:45:03] CH2 data: {"text": "\u628a"}
[2026-05-20 15:45:03] CH2 data: {"text": "\u6a2a"}
[2026-05-20 15:45:03] CH2 data: {"text": "\u4e0d\u8fc7"}
[2026-05-20 15:45:03] CH2 data: {"text": "\u53bb"}
[2026-05-20 15:45:03] CH2 data: {"text": "\uff0c"}
[2026-05-20 15:45:03] CH2 data: {"text": "\u540e"}
[2026-05-20 15:45:03] CH2 data: {"text": "\u5934"}
[2026-05-20 15:45:03] CH2 data: {"text": "\u51e0"}
[2026-05-20 15:45:03] CH2 data: {"text": "\u4e2a\u4eba"}
[2026-05-20 15:45:03] CH2 data: {"text": "\u9f50"}
[2026-05-20 15:45:03] CH2 data: {"text": "\u58f0"}
[2026-05-20 15:45:03] CH2 data: {"text": "\u9a82"}
[2026-05-20 15:45:03] CH2 data: {"text": "\u3002"}
[2026-05-20 15:45:03] CH2 data: {"text": "\u62b1"}
[2026-05-20 15:45:03] CH2 data: {"text": "\u518c"}
[2026-05-20 15:45:03] CH2 data: {"text": "\u7684"}
[2026-05-20 15:45:03] CH2 data: {"text": "\u4e66"}
[2026-05-20 15:45:03] CH2 data: {"text": "\u624b"}
[2026-05-20 15:45:03] CH2 data: {"text": "\u88ab"}
[2026-05-20 15:45:03] CH2 data: {"text": "\u6324"}
[2026-05-20 15:45:03] CH2 data: {"text": "\u5f97"}
[2026-05-20 15:45:03] CH2 data: {"text": "\u4e00\u4e2a"}
[2026-05-20 15:45:03] CH2 data: {"text": "\u8d94"}
[2026-05-20 15:45:03] CH2 data: {"text": "\u8d84"}
[2026-05-20 15:45:03] CH2 data: {"text": "\uff0c"}
[2026-05-20 15:45:03] CH2 data: {"text": "\u5dee"}
[2026-05-20 15:45:03] CH2 data: {"text": "\u70b9"}
[2026-05-20 15:45:03] CH2 data: {"text": "\u628a"}
[2026-05-20 15:45:03] CH2 data: {"text": "\u6848"}
[2026-05-20 15:45:03] CH2 data: {"text": "\u518c"}
[2026-05-20 15:45:03] CH2 data: {"text": "\u6454"}
[2026-05-20 15:45:03] CH2 data: {"text": "\u8fdb"}
[2026-05-20 15:45:03] CH2 data: {"text": "\u6ce5"}
[2026-05-20 15:45:03] CH2 data: {"text": "\u91cc"}
[2026-05-20 15:45:03] CH2 data: {"text": "\uff0c\u770b"}
[2026-05-20 15:45:03] CH2 data: {"text": "\u5b88"}
[2026-05-20 15:45:03] CH2 data: {"text": "\u6c88"}
[2026-05-20 15:45:03] CH2 data: {"text": "\u7167"}
[2026-05-20 15:45:03] CH2 data: {"text": "\u7684"}
[2026-05-20 15:45:03] CH2 data: {"text": "\u5dee"}
[2026-05-20 15:45:03] CH2 data: {"text": "\u5f79"}
[2026-05-20 15:45:03] CH2 data: {"text": "\u4e0b"}
[2026-05-20 15:45:03] CH2 data: {"text": "\u610f\u8bc6"}
[2026-05-20 15:45:03] CH2 data: {"text": "\u4f38"}
[2026-05-20 15:45:03] CH2 data: {"text": "\u624b"}
[2026-05-20 15:45:03] CH2 data: {"text": "\u53bb"}
[2026-05-20 15:45:03] CH2 data: {"text": "\u6276"}
[2026-05-20 15:45:03] CH2 data: {"text": "\u3002\n\n"}
[2026-05-20 15:45:03] CH2 data: {"text": "\u5c31"}
[2026-05-20 15:45:03] CH2 data: {"text": "\u8fd9\u4e00"}
[2026-05-20 15:45:03] CH2 data: {"text": "\u4e71"}
[2026-05-20 15:45:03] CH2 data: {"text": "\u3002\n\n"}
[2026-05-20 15:45:03] CH2 data: {"text": "\u591f"}
[2026-05-20 15:45:03] CH2 data: {"text": "\u4e86"}
[2026-05-20 15:45:03] CH2 data: {"text": "\u3002\n\n"}
[2026-05-20 15:45:03] CH2 data: {"text": "\u6c88"}
[2026-05-20 15:45:03] CH2 data: {"text": "\u7167"}
[2026-05-20 15:45:03] CH2 data: {"text": "\u8d34"}
[2026-05-20 15:45:03] CH2 data: {"text": "\u8fc7\u53bb"}
[2026-05-20 15:45:03] CH2 data: {"text": "\uff0c"}
[2026-05-20 15:45:03] CH2 data: {"text": "\u50cf"}
[2026-05-20 15:45:03] CH2 data: {"text": "\u662f"}
[2026-05-20 15:45:03] CH2 data: {"text": "\u53bb"}
[2026-05-20 15:45:03] CH2 data: {"text": "\u6276"}
[2026-05-20 15:45:03] CH2 data: {"text": "\u8001"}
[2026-05-20 15:45:03] CH2 data: {"text": "\u66f4"}
[2026-05-20 15:45:03] CH2 data: {"text": "\u592b"}
[2026-05-20 15:45:03] CH2 data: {"text": "\uff0c"}
[2026-05-20 15:45:03] CH2 data: {"text": "\u8896"}
[2026-05-20 15:45:03] CH2 data: {"text": "\u91cc"}
[2026-05-20 15:45:03] CH2 data: {"text": "\u538b"}
[2026-05-20 15:45:03] CH2 data: {"text": "\u7740"}
[2026-05-20 15:45:03] CH2 data: {"text": "\u7684"}
[2026-05-20 15:45:03] CH2 data: {"text": "\u8584"}
[2026-05-20 15:45:03] CH2 data: {"text": "\u5203"}
[2026-05-20 15:45:03] CH2 data: {"text": "\u987a"}
[2026-05-20 15:45:03] CH2 data: {"text": "\u624b"}
[2026-05-20 15:45:03] CH2 data: {"text": "\u4e00"}
[2026-05-20 15:45:03] CH2 data: {"text": "\u7ffb"}
[2026-05-20 15:45:03] CH2 data: {"text": "\uff0c"}
[2026-05-20 15:45:03] CH2 data: {"text": "\u8d34"}
[2026-05-20 15:45:03] CH2 data: {"text": "\u7740"}
[2026-05-20 15:45:03] CH2 data: {"text": "\u9ebb"}
[2026-05-20 15:45:03] CH2 data: {"text": "\u7ef3"}
[2026-05-20 15:45:03] CH2 data: {"text": "\u7ef7"}
[2026-05-20 15:45:03] CH2 data: {"text": "\u7d27"}
[2026-05-20 15:45:03] CH2 data: {"text": "\u5904"}
[2026-05-20 15:45:03] CH2 data: {"text": "\u62b9"}
[2026-05-20 15:45:03] CH2 data: {"text": "\u4e0b"}
[2026-05-20 15:45:03] CH2 data: {"text": "\u53bb"}
[2026-05-20 15:45:03] CH2 data: {"text": "\u3002\n\n"}
[2026-05-20 15:45:03] CH2 data: {"text": "\u5693"}
[2026-05-20 15:45:03] CH2 data: {"text": "\u3002\n\n"}
[2026-05-20 15:45:03] CH2 data: {"text": "\u7ef3"}
[2026-05-20 15:45:03] CH2 data: {"text": "\u80a1"}
[2026-05-20 15:45:03] CH2 data: {"text": "\u65ad"}
[2026-05-20 15:45:03] CH2 data: {"text": "\u4e86"}
[2026-05-20 15:45:03] CH2 data: {"text": "\u5927"}
[2026-05-20 15:45:03] CH2 data: {"text": "\u534a"}
[2026-05-20 15:45:04] CH2 data: {"text": "\uff0c\u53ea"}
[2026-05-20 15:45:04] CH2 data: {"text": "\u5269"}
[2026-05-20 15:45:04] CH2 data: {"text": "\u51e0"}
[2026-05-20 15:45:04] CH2 data: {"text": "\u4e1d"}
[2026-05-20 15:45:04] CH2 data: {"text": "\u6302"}
[2026-05-20 15:45:04] CH2 data: {"text": "\u7740"}
[2026-05-20 15:45:04] CH2 data: {"text": "\u3002"}
[2026-05-20 15:45:04] CH2 data: {"text": "\u6c88"}
[2026-05-20 15:45:04] CH2 data: {"text": "\u7167"}
[2026-05-20 15:45:04] CH2 data: {"text": "\u4f4e"}
[2026-05-20 15:45:04] CH2 data: {"text": "\u58f0"}
[2026-05-20 15:45:04] CH2 data: {"text": "\u9053"}
[2026-05-20 15:45:04] CH2 data: {"text": "\uff1a\u201c"}
[2026-05-20 15:45:04] CH2 data: {"text": "\u60f3"}
[2026-05-20 15:45:04] CH2 data: {"text": "\u6d3b"}
[2026-05-20 15:45:04] CH2 data: {"text": "\uff0c"}
[2026-05-20 15:45:04] CH2 data: {"text": "\u8ddf"}
[2026-05-20 15:45:04] CH2 data: {"text": "\u6211"}
[2026-05-20 15:45:04] CH2 data: {"text": "\u8d70"}
[2026-05-20 15:45:04] CH2 data: {"text": "\uff0c"}
[2026-05-20 15:45:04] CH2 data: {"text": "\u522b"}
[2026-05-20 15:45:04] CH2 data: {"text": "\u558a"}
[2026-05-20 15:45:04] CH2 data: {"text": "\u3002\u201d\n\n"}
[2026-05-20 15:45:04] CH2 data: {"text": "\u8001"}
[2026-05-20 15:45:04] CH2 data: {"text": "\u66f4"}
[2026-05-20 15:45:04] CH2 data: {"text": "\u592b"}
[2026-05-20 15:45:04] CH2 data: {"text": "\u6d51"}
[2026-05-20 15:45:04] CH2 data: {"text": "\u8eab"}
[2026-05-20 15:45:04] CH2 data: {"text": "\u4e00"}
[2026-05-20 15:45:04] CH2 data: {"text": "\u98a4"}
[2026-05-20 15:45:04] CH2 data: {"text": "\uff0c"}
[2026-05-20 15:45:04] CH2 data: {"text": "\u5589"}
[2026-05-20 15:45:04] CH2 data: {"text": "\u5934"}
[2026-05-20 15:45:04] CH2 data: {"text": "\u52a8"}
[2026-05-20 15:45:04] CH2 data: {"text": "\u4e86"}
[2026-05-20 15:45:04] CH2 data: {"text": "\u52a8"}
[2026-05-20 15:45:04] CH2 data: {"text": "\uff0c"}
[2026-05-20 15:45:04] CH2 data: {"text": "\u7adf"}
[2026-05-20 15:45:04] CH2 data: {"text": "\u771f"}
[2026-05-20 15:45:04] CH2 data: {"text": "\u6ca1"}
[2026-05-20 15:45:04] CH2 data: {"text": "\u51fa"}
[2026-05-20 15:45:04] CH2 data: {"text": "\u58f0"}
[2026-05-20 15:45:04] CH2 data: {"text": "\u3002"}
[2026-05-20 15:45:05] CH2 data: {"text": "\u6c88"}
[2026-05-20 15:45:05] CH2 data: {"text": "\u7167"}
[2026-05-20 15:45:05] CH2 data: {"text": "\u53cd"}
[2026-05-20 15:45:05] CH2 data: {"text": "\u624b"}
[2026-05-20 15:45:05] CH2 data: {"text": "\u4e00"}
[2026-05-20 15:45:05] CH2 data: {"text": "\u62fd"}
[2026-05-20 15:45:05] CH2 data: {"text": "\uff0c"}
[2026-05-20 15:45:05] CH2 data: {"text": "\u501f"}
[2026-05-20 15:45:05] CH2 data: {"text": "\u7740"}
[2026-05-20 15:45:05] CH2 data: {"text": "\u4eba"}
[2026-05-20 15:45:05] CH2 data: {"text": "\u7fa4"}
[2026-05-20 15:45:05] CH2 data: {"text": "\u4fa7"}
[2026-05-20 15:45:05] CH2 data: {"text": "\u6324"}
[2026-05-20 15:45:05] CH2 data: {"text": "\u7684"}
[2026-05-20 15:45:05] CH2 data: {"text": "\u529b"}
[2026-05-20 15:45:05] CH2 data: {"text": "\u9053"}
[2026-05-20 15:45:05] CH2 data: {"text": "\uff0c\u628a"}
[2026-05-20 15:45:05] CH2 data: {"text": "\u4ed6"}
[2026-05-20 15:45:05] CH2 data: {"text": "\u731b"}
[2026-05-20 15:45:05] CH2 data: {"text": "\u5730"}
[2026-05-20 15:45:05] CH2 data: {"text": "\u5e26"}
[2026-05-20 15:45:05] CH2 data: {"text": "\u79bb"}
[2026-05-20 15:45:05] CH2 data: {"text": "\u539f"}
[2026-05-20 15:45:05] CH2 data: {"text": "\u4f4d"}
[2026-05-20 15:45:05] CH2 data: {"text": "\u3002"}
[2026-05-20 15:45:05] CH2 data: {"text": "\u6700\u540e"}
[2026-05-20 15:45:05] CH2 data: {"text": "\u90a3"}
[2026-05-20 15:45:05] CH2 data: {"text": "\u51e0"}
[2026-05-20 15:45:05] CH2 data: {"text": "\u4e1d"}
[2026-05-20 15:45:05] CH2 data: {"text": "\u9ebb"}
[2026-05-20 15:45:05] CH2 data: {"text": "\u7ef3"}
[2026-05-20 15:45:05] CH2 data: {"text": "\u201c"}
[2026-05-20 15:45:05] CH2 data: {"text": "\u556a"}
[2026-05-20 15:45:05] CH2 data: {"text": "\u201d"}
[2026-05-20 15:45:05] CH2 data: {"text": "\u5730"}
[2026-05-20 15:45:05] CH2 data: {"text": "\u5d29"}
[2026-05-20 15:45:05] CH2 data: {"text": "\u5f00"}
[2026-05-20 15:45:05] CH2 data: {"text": "\uff0c"}
[2026-05-20 15:45:05] CH2 data: {"text": "\u534a"}
[2026-05-20 15:45:05] CH2 data: {"text": "\u622a"}
[2026-05-20 15:45:05] CH2 data: {"text": "\u843d"}
[2026-05-20 15:45:05] CH2 data: {"text": "\u8fdb"}
[2026-05-20 15:45:05] CH2 data: {"text": "\u6c61"}
[2026-05-20 15:45:05] CH2 data: {"text": "\u6c34"}
[2026-05-20 15:45:05] CH2 data: {"text": "\u91cc"}
[2026-05-20 15:45:05] CH2 data: {"text": "\u3002\n\n"}
[2026-05-20 15:45:05] CH2 data: {"text": "\u201c"}
[2026-05-20 15:45:05] CH2 data: {"text": "\u6c88"}
[2026-05-20 15:45:05] CH2 data: {"text": "\u7167"}
[2026-05-20 15:45:05] CH2 data: {"text": "\uff01\u201d"}
[2026-05-20 15:45:05] CH2 data: {"text": "\u9ed1"}
[2026-05-20 15:45:05] CH2 data: {"text": "\u84d1"}
[2026-05-20 15:45:05] CH2 data: {"text": "\u4eba"}
[2026-05-20 15:45:05] CH2 data: {"text": "\u8fd9"}
[2026-05-20 15:45:05] CH2 data: {"text": "\u624d"}
[2026-05-20 15:45:05] CH2 data: {"text": "\u56de"}
[2026-05-20 15:45:05] CH2 data: {"text": "\u5934"}
[2026-05-20 15:45:05] CH2 data: {"text": "\uff0c"}
[2026-05-20 15:45:05] CH2 data: {"text": "\u58f0\u97f3"}
[2026-05-20 15:45:05] CH2 data: {"text": "\u4e00\u4e0b"}
[2026-05-20 15:45:05] CH2 data: {"text": "\u6c89"}
[2026-05-20 15:45:05] CH2 data: {"text": "\u4e86"}
[2026-05-20 15:45:05] CH2 data: {"text": "\uff0c\u201c"}
[2026-05-20 15:45:05] CH2 data: {"text": "\u62ff"}
[2026-05-20 15:45:05] CH2 data: {"text": "\u4f4f"}
[2026-05-20 15:45:05] CH2 data: {"text": "\u4ed6"}
[2026-05-20 15:45:05] CH2 data: {"text": "\uff01\u201d\n\n"}
[2026-05-20 15:45:05] CH2 data: {"text": "\u559d"}
[2026-05-20 15:45:05] CH2 data: {"text": "\u58f0"}
[2026-05-20 15:45:05] CH2 data: {"text": "\u70b8"}
[2026-05-20 15:45:05] CH2 data: {"text": "\u5f00"}
[2026-05-20 15:45:05] CH2 data: {"text": "\uff0c"}
[2026-05-20 15:45:05] CH2 data: {"text": "\u5df7"}
[2026-05-20 15:45:06] CH2 data: {"text": "\u53e3"}
[2026-05-20 15:45:06] CH2 data: {"text": "\u987f"}
[2026-05-20 15:45:06] CH2 data: {"text": "\u65f6"}
[2026-05-20 15:45:06] CH2 data: {"text": "\u4e71"}
[2026-05-20 15:45:06] CH2 data: {"text": "\u4e86"}
[2026-05-20 15:45:06] CH2 data: {"text": "\u3002"}
[2026-05-20 15:45:06] CH2 data: {"text": "\u6709\u4eba"}
[2026-05-20 15:45:06] CH2 data: {"text": "\u56de"}
[2026-05-20 15:45:06] CH2 data: {"text": "\u8eab"}
[2026-05-20 15:45:06] CH2 data: {"text": "\uff0c\u6709"}
[2026-05-20 15:45:06] CH2 data: {"text": "\u4eba"}
[2026-05-20 15:45:06] CH2 data: {"text": "\u8eb2"}
[2026-05-20 15:45:06] CH2 data: {"text": "\u8ba9"}
[2026-05-20 15:45:06] CH2 data: {"text": "\uff0c"}
[2026-05-20 15:45:06] CH2 data: {"text": "\u9001"}
[2026-05-20 15:45:06] CH2 data: {"text": "\u67f4"}
[2026-05-20 15:45:06] CH2 data: {"text": "\u7684"}
[2026-05-20 15:45:06] CH2 data: {"text": "\u8f66"}
[2026-05-20 15:45:06] CH2 data: {"text": "\u8f6e"}
[2026-05-20 15:45:06] CH2 data: {"text": "\u88ab"}
[2026-05-20 15:45:06] CH2 data: {"text": "\u649e"}
[2026-05-20 15:45:06] CH2 data: {"text": "\u5f97"}
[2026-05-20 15:45:06] CH2 data: {"text": "\u4e00"}
[2026-05-20 15:45:06] CH2 data: {"text": "\u6b6a"}
[2026-05-20 15:45:06] CH2 data: {"text": "\uff0c"}
[2026-05-20 15:45:06] CH2 data: {"text": "\u6563"}
[2026-05-20 15:45:06] CH2 data: {"text": "\u51fa"}
[2026-05-20 15:45:06] CH2 data: {"text": "\u4e00"}
[2026-05-20 15:45:06] CH2 data: {"text": "\u5730"}
[2026-05-20 15:45:06] CH2 data: {"text": "\u6728"}
[2026-05-20 15:45:06] CH2 data: {"text": "\u5c51"}
[2026-05-20 15:45:06] CH2 data: {"text": "\u3002"}
[2026-05-20 15:45:06] CH2 data: {"text": "\u6c88"}
[2026-05-20 15:45:06] CH2 data: {"text": "\u7167"}
[2026-05-20 15:45:06] CH2 data: {"text": "\u62d6"}
[2026-05-20 15:45:06] CH2 data: {"text": "\u7740"}
[2026-05-20 15:45:06] CH2 data: {"text": "\u8001"}
[2026-05-20 15:45:06] CH2 data: {"text": "\u66f4"}
[2026-05-20 15:45:06] CH2 data: {"text": "\u592b"}
[2026-05-20 15:45:06] CH2 data: {"text": "\u76f4"}
[2026-05-20 15:45:06] CH2 data: {"text": "\u51b2"}
[2026-05-20 15:45:06] CH2 data: {"text": "\u5e9f"}
[2026-05-20 15:45:06] CH2 data: {"text": "\u706f"}
[2026-05-20 15:45:06] CH2 data: {"text": "\u94fa"}
[2026-05-20 15:45:06] CH2 data: {"text": "\u540e"}
[2026-05-20 15:45:06] CH2 data: {"text": "\u5df7"}
[2026-05-20 15:45:06] CH2 data: {"text": "\uff0c"}
[2026-05-20 15:45:06] CH2 data: {"text": "\u788e"}
[2026-05-20 15:45:06] CH2 data: {"text": "\u74e6"}
[2026-05-20 15:45:07] CH2 data: {"text": "\u5728"}
[2026-05-20 15:45:07] CH2 data: {"text": "\u811a"}
[2026-05-20 15:45:07] CH2 data: {"text": "\u4e0b"}
[2026-05-20 15:45:07] CH2 data: {"text": "\u54af"}
[2026-05-20 15:45:07] CH2 data: {"text": "\u5566"}
[2026-05-20 15:45:07] CH2 data: {"text": "\u4f5c"}
[2026-05-20 15:45:07] CH2 data: {"text": "\u54cd"}
[2026-05-20 15:45:07] CH2 data: {"text": "\u3002"}
[2026-05-20 15:45:07] CH2 data: {"text": "\u6000"}
[2026-05-20 15:45:07] CH2 data: {"text": "\u91cc\u7684"}
[2026-05-20 15:45:07] CH2 data: {"text": "\u6b8b"}
[2026-05-20 15:45:07] CH2 data: {"text": "\u706f"}
[2026-05-20 15:45:07] CH2 data: {"text": "\u784c"}
[2026-05-20 15:45:07] CH2 data: {"text": "\u5f97"}
[2026-05-20 15:45:07] CH2 data: {"text": "\u808b"}
[2026-05-20 15:45:07] CH2 data: {"text": "\u9aa8"}
[2026-05-20 15:45:07] CH2 data: {"text": "\u53d1"}
[2026-05-20 15:45:07] CH2 data: {"text": "\u75bc"}
[2026-05-20 15:45:07] CH2 data: {"text": "\uff0c"}
[2026-05-20 15:45:07] CH2 data: {"text": "\u8896"}
[2026-05-20 15:45:07] CH2 data: {"text": "\u4e2d"}
[2026-05-20 15:45:07] CH2 data: {"text": "\u7eb8"}
[2026-05-20 15:45:07] CH2 data: {"text": "\u5305"}
[2026-05-20 15:45:07] CH2 data: {"text": "\u4e5f"}
[2026-05-20 15:45:07] CH2 data: {"text": "\u88ab"}
[2026-05-20 15:45:07] CH2 data: {"text": "\u6c57"}
[2026-05-20 15:45:07] CH2 data: {"text": "\u6c34"}
[2026-05-20 15:45:07] CH2 data: {"text": "\u6d78"}
[2026-05-20 15:45:07] CH2 data: {"text": "\u51fa"}
[2026-05-20 15:45:07] CH2 data: {"text": "\u6f6e"}
[2026-05-20 15:45:07] CH2 data: {"text": "\u6c14"}
[2026-05-20 15:45:07] CH2 data: {"text": "\u3002\n\n"}
[2026-05-20 15:45:07] CH2 data: {"text": "\u540e"}
[2026-05-20 15:45:07] CH2 data: {"text": "\u5df7"}
[2026-05-20 15:45:07] CH2 data: {"text": "\u7a84"}
[2026-05-20 15:45:07] CH2 data: {"text": "\uff0c"}
[2026-05-20 15:45:07] CH2 data: {"text": "\u5c3d"}
[2026-05-20 15:45:07] CH2 data: {"text": "\u5934"}
[2026-05-20 15:45:07] CH2 data: {"text": "\u66f4"}
[2026-05-20 15:45:07] CH2 data: {"text": "\u7a84"}
[2026-05-20 15:45:07] CH2 data: {"text": "\u3002"}
[2026-05-20 15:45:07] CH2 data: {"text": "\u584c"}
[2026-05-20 15:45:07] CH2 data: {"text": "\u5899"}
[2026-05-20 15:45:07] CH2 data: {"text": "\u4e0b"}
[2026-05-20 15:45:07] CH2 data: {"text": "\u90a3"}
[2026-05-20 15:45:07] CH2 data: {"text": "\u9053"}
[2026-05-20 15:45:07] CH2 data: {"text": "\u9ed1"}
[2026-05-20 15:45:07] CH2 data: {"text": "\u53e3"}
[2026-05-20 15:45:07] CH2 data: {"text": "\u53ea"}
[2026-05-20 15:45:07] CH2 data: {"text": "\u5bb9"}
[2026-05-20 15:45:07] CH2 data: {"text": "\u4e00"}
[2026-05-20 15:45:07] CH2 data: {"text": "\u4eba"}
[2026-05-20 15:45:07] CH2 data: {"text": "\u5148"}
[2026-05-20 15:45:07] CH2 data: {"text": "\u5165"}
[2026-05-20 15:45:07] CH2 data: {"text": "\u3002\n\n"}
[2026-05-20 15:45:08] CH2 data: {"text": "\u201c"}
[2026-05-20 15:45:08] CH2 data: {"text": "\u4e0a"}
[2026-05-20 15:45:08] CH2 data: {"text": "\u53bb"}
[2026-05-20 15:45:08] CH2 data: {"text": "\u3002\u201d\n\n"}
[2026-05-20 15:45:08] CH2 data: {"text": "\u6c88"}
[2026-05-20 15:45:08] CH2 data: {"text": "\u7167"}
[2026-05-20 15:45:08] CH2 data: {"text": "\u534a"}
[2026-05-20 15:45:08] CH2 data: {"text": "\u8e72"}
[2026-05-20 15:45:08] CH2 data: {"text": "\u4e0b"}
[2026-05-20 15:45:08] CH2 data: {"text": "\u53bb"}
[2026-05-20 15:45:08] CH2 data: {"text": "\uff0c"}
[2026-05-20 15:45:08] CH2 data: {"text": "\u53cc"}
[2026-05-20 15:45:08] CH2 data: {"text": "\u624b"}
[2026-05-20 15:45:08] CH2 data: {"text": "\u6258"}
[2026-05-20 15:45:08] CH2 data: {"text": "\u4f4f"}
[2026-05-20 15:45:08] CH2 data: {"text": "\u8001"}
[2026-05-20 15:45:08] CH2 data: {"text": "\u66f4"}
[2026-05-20 15:45:08] CH2 data: {"text": "\u592b"}
[2026-05-20 15:45:08] CH2 data: {"text": "\u7684"}
[2026-05-20 15:45:08] CH2 data: {"text": "\u8170"}
[2026-05-20 15:45:08] CH2 data: {"text": "\u80cc"}
[2026-05-20 15:45:08] CH2 data: {"text": "\uff0c"}
[2026-05-20 15:45:08] CH2 data: {"text": "\u5f80"}
[2026-05-20 15:45:08] CH2 data: {"text": "\u77f3"}
[2026-05-20 15:45:08] CH2 data: {"text": "\u6cbf"}
[2026-05-20 15:45:08] CH2 data: {"text": "\u4e0a\u4e00"}
[2026-05-20 15:45:08] CH2 data: {"text": "\u9001"}
[2026-05-20 15:45:08] CH2 data: {"text": "\u3002"}
[2026-05-20 15:45:08] CH2 data: {"text": "\u8001"}
[2026-05-20 15:45:08] CH2 data: {"text": "\u66f4"}
[2026-05-20 15:45:08] CH2 data: {"text": "\u592b"}
[2026-05-20 15:45:08] CH2 data: {"text": "\u5e74"}
[2026-05-20 15:45:08] CH2 data: {"text": "\u8001"}
[2026-05-20 15:45:08] CH2 data: {"text": "\u817f"}
[2026-05-20 15:45:08] CH2 data: {"text": "\u8f6f"}
[2026-05-20 15:45:08] CH2 data: {"text": "\uff0c"}
[2026-05-20 15:45:08] CH2 data: {"text": "\u819d"}
[2026-05-20 15:45:08] CH2 data: {"text": "\u76d6"}
[2026-05-20 15:45:08] CH2 data: {"text": "\u5728"}
[2026-05-20 15:45:08] CH2 data: {"text": "\u77f3"}
[2026-05-20 15:45:08] CH2 data: {"text": "\u8fb9"}
[2026-05-20 15:45:08] CH2 data: {"text": "\u78d5"}
[2026-05-20 15:45:08] CH2 data: {"text": "\u4e86\u4e00"}
[2026-05-20 15:45:08] CH2 data: {"text": "\u4e0b"}
[2026-05-20 15:45:08] CH2 data: {"text": "\uff0c"}
[2026-05-20 15:45:08] CH2 data: {"text": "\u786c"}
[2026-05-20 15:45:08] CH2 data: {"text": "\u662f"}
[2026-05-20 15:45:08] CH2 data: {"text": "\u54ac"}
[2026-05-20 15:45:08] CH2 data: {"text": "\u7740"}
[2026-05-20 15:45:08] CH2 data: {"text": "\u7259"}
[2026-05-20 15:45:08] CH2 data: {"text": "\u5f80"}
[2026-05-20 15:45:08] CH2 data: {"text": "\u91cc"}
[2026-05-20 15:45:08] CH2 data: {"text": "\u722c"}
[2026-05-20 15:45:08] CH2 data: {"text": "\uff0c"}
[2026-05-20 15:45:08] CH2 data: {"text": "\u80a9"}
[2026-05-20 15:45:08] CH2 data: {"text": "\u80cc"}
[2026-05-20 15:45:09] CH2 data: {"text": "\u64e6"}
[2026-05-20 15:45:09] CH2 data: {"text": "\u8fc7"}
[2026-05-20 15:45:09] CH2 data: {"text": "\u82d4"}
[2026-05-20 15:45:09] CH2 data: {"text": "\u77f3"}
[2026-05-20 15:45:09] CH2 data: {"text": "\uff0c"}
[2026-05-20 15:45:09] CH2 data: {"text": "\u53d1"}
[2026-05-20 15:45:09] CH2 data: {"text": "\u51fa"}
[2026-05-20 15:45:09] CH2 data: {"text": "\u4e00"}
[2026-05-20 15:45:09] CH2 data: {"text": "\u9635"}
[2026-05-20 15:45:09] CH2 data: {"text": "\u6da9"}
[2026-05-20 15:45:09] CH2 data: {"text": "\u54cd"}
[2026-05-20 15:45:09] CH2 data: {"text": "\u3002"}
[2026-05-20 15:45:09] CH2 data: {"text": "\u5df7"}
[2026-05-20 15:45:09] CH2 data: {"text": "\u5916"}
[2026-05-20 15:45:09] CH2 data: {"text": "\u811a"}
[2026-05-20 15:45:09] CH2 data: {"text": "\u6b65"}
[2026-05-20 15:45:09] CH2 data: {"text": "\u5df2\u7ecf"}
[2026-05-20 15:45:09] CH2 data: {"text": "\u8ffd"}
[2026-05-20 15:45:09] CH2 data: {"text": "\u8fdb"}
[2026-05-20 15:45:09] CH2 data: {"text": "\u6765"}
[2026-05-20 15:45:09] CH2 data: {"text": "\uff0c"}
[2026-05-20 15:45:09] CH2 data: {"text": "\u9ed1"}
[2026-05-20 15:45:09] CH2 data: {"text": "\u84d1"}
[2026-05-20 15:45:09] CH2 data: {"text": "\u4eba\u7684"}
[2026-05-20 15:45:09] CH2 data: {"text": "\u547d"}
[2026-05-20 15:45:09] CH2 data: {"text": "\u4ee4"}
[2026-05-20 15:45:09] CH2 data: {"text": "\u53c8"}
[2026-05-20 15:45:09] CH2 data: {"text": "\u51b7"}
[2026-05-20 15:45:09] CH2 data: {"text": "\u53c8"}
[2026-05-20 15:45:09] CH2 data: {"text": "\u76f4"}
[2026-05-20 15:45:09] CH2 data: {"text": "\uff1a\u201c"}
[2026-05-20 15:45:09] CH2 data: {"text": "\u5c01"}
[2026-05-20 15:45:09] CH2 data: {"text": "\u4f4f"}
[2026-05-20 15:45:09] CH2 data: {"text": "\u53e3"}
[2026-05-20 15:45:09] CH2 data: {"text": "\uff01"}
[2026-05-20 15:45:09] CH2 data: {"text": "\u4ed6"}
[2026-05-20 15:45:09] CH2 data: {"text": "\u5e26"}
[2026-05-20 15:45:09] CH2 data: {"text": "\u4eba"}
[2026-05-20 15:45:09] CH2 data: {"text": "\u5165"}
[2026-05-20 15:45:09] CH2 data: {"text": "\u6e20"}
[2026-05-20 15:45:09] CH2 data: {"text": "\u4e86"}
[2026-05-20 15:45:09] CH2 data: {"text": "\uff01\u201d\n\n"}
[2026-05-20 15:45:10] CH2 data: {"text": "\u6c88"}
[2026-05-20 15:45:10] CH2 data: {"text": "\u7167"}
[2026-05-20 15:45:10] CH2 data: {"text": "\u6ca1"}
[2026-05-20 15:45:10] CH2 data: {"text": "\u56de"}
[2026-05-20 15:45:10] CH2 data: {"text": "\u5934"}
[2026-05-20 15:45:10] CH2 data: {"text": "\uff0c"}
[2026-05-20 15:45:10] CH2 data: {"text": "\u7b49"}
[2026-05-20 15:45:10] CH2 data: {"text": "\u8001"}
[2026-05-20 15:45:10] CH2 data: {"text": "\u66f4"}
[2026-05-20 15:45:10] CH2 data: {"text": "\u592b"}
[2026-05-20 15:45:10] CH2 data: {"text": "\u6574"}
[2026-05-20 15:45:10] CH2 data: {"text": "\u4e2a\u4eba"}
[2026-05-20 15:45:10] CH2 data: {"text": "\u94bb"}
[2026-05-20 15:45:10] CH2 data: {"text": "\u8fdb\u53bb"}
[2026-05-20 15:45:10] CH2 data: {"text": "\uff0c"}
[2026-05-20 15:45:10] CH2 data: {"text": "\u7acb"}
[2026-05-20 15:45:10] CH2 data: {"text": "\u523b"}
[2026-05-20 15:45:10] CH2 data: {"text": "\u4fef"}
[2026-05-20 15:45:10] CH2 data: {"text": "\u8eab"}
[2026-05-20 15:45:10] CH2 data: {"text": "\u6293"}
[2026-05-20 15:45:10] CH2 data: {"text": "\u8d77"}
[2026-05-20 15:45:10] CH2 data: {"text": "\u6e20"}
[2026-05-20 15:45:10] CH2 data: {"text": "\u8fb9"}
[2026-05-20 15:45:10] CH2 data: {"text": "\u79ef"}
[2026-05-20 15:45:10] CH2 data: {"text": "\u6c34"}
[2026-05-20 15:45:10] CH2 data: {"text": "\uff0c"}
[2026-05-20 15:45:10] CH2 data: {"text": "\u671d"}
[2026-05-20 15:45:10] CH2 data: {"text": "\u5165\u53e3"}
[2026-05-20 15:45:10] CH2 data: {"text": "\u5916"}
[2026-05-20 15:45:10] CH2 data: {"text": "\u4e24"}
[2026-05-20 15:45:10] CH2 data: {"text": "\u9053"}
[2026-05-20 15:45:10] CH2 data: {"text": "\u6e7f"}
[2026-05-20 15:45:10] CH2 data: {"text": "\u811a"}
[2026-05-20 15:45:10] CH2 data: {"text": "\u5370"}
[2026-05-20 15:45:10] CH2 data: {"text": "\u62b9"}
[2026-05-20 15:45:10] CH2 data: {"text": "\u8fc7\u53bb"}
[2026-05-20 15:45:10] CH2 data: {"text": "\u3002"}
[2026-05-20 15:45:10] CH2 data: {"text": "\u6ce5"}
[2026-05-20 15:45:10] CH2 data: {"text": "\u6c34"}
[2026-05-20 15:45:10] CH2 data: {"text": "\u4e00"}
[2026-05-20 15:45:10] CH2 data: {"text": "\u7cca"}
[2026-05-20 15:45:10] CH2 data: {"text": "\uff0c"}
[2026-05-20 15:45:10] CH2 data: {"text": "\u75d5"}
[2026-05-20 15:45:10] CH2 data: {"text": "\u8ff9"}
[2026-05-20 15:45:10] CH2 data: {"text": "\u4e71"}
[2026-05-20 15:45:10] CH2 data: {"text": "\u4e86"}
[2026-05-20 15:45:10] CH2 data: {"text": "\u5927"}
[2026-05-20 15:45:10] CH2 data: {"text": "\u534a"}
[2026-05-20 15:45:10] CH2 data: {"text": "\uff1b"}
[2026-05-20 15:45:10] CH2 data: {"text": "\u53ef"}
[2026-05-20 15:45:10] CH2 data: {"text": "\u90a3"}
[2026-05-20 15:45:10] CH2 data: {"text": "\u622a"}
[2026-05-20 15:45:10] CH2 data: {"text": "\u65ad"}
[2026-05-20 15:45:10] CH2 data: {"text": "\u7ef3"}
[2026-05-20 15:45:10] CH2 data: {"text": "\u8fd8"}
[2026-05-20 15:45:10] CH2 data: {"text": "\u8eba"}
[2026-05-20 15:45:10] CH2 data: {"text": "\u5728"}
[2026-05-20 15:45:10] CH2 data: {"text": "\u5899"}
[2026-05-20 15:45:10] CH2 data: {"text": "\u6839"}
[2026-05-20 15:45:10] CH2 data: {"text": "\uff0c"}
[2026-05-20 15:45:10] CH2 data: {"text": "\u6cbe"}
[2026-05-20 15:45:10] CH2 data: {"text": "\u7740"}
[2026-05-20 15:45:10] CH2 data: {"text": "\u6ce5"}
[2026-05-20 15:45:10] CH2 data: {"text": "\uff0c"}
[2026-05-20 15:45:10] CH2 data: {"text": "\u6765"}
[2026-05-20 15:45:10] CH2 data: {"text": "\u4e0d"}
[2026-05-20 15:45:10] CH2 data: {"text": "\u53ca"}
[2026-05-20 15:45:10] CH2 data: {"text": "\u6361"}
[2026-05-20 15:45:10] CH2 data: {"text": "\u3002\n\n"}
[2026-05-20 15:45:10] CH2 data: {"text": "\u201c"}
[2026-05-20 15:45:11] CH2 data: {"text": "\u7ef3"}
[2026-05-20 15:45:11] CH2 data: {"text": "\u5728"}
[2026-05-20 15:45:11] CH2 data: {"text": "\u8fd9"}
[2026-05-20 15:45:11] CH2 data: {"text": "\uff01\u201d"}
[2026-05-20 15:45:11] CH2 data: {"text": "\u5916"}
[2026-05-20 15:45:11] CH2 data: {"text": "\u5934"}
[2026-05-20 15:45:11] CH2 data: {"text": "\u6709\u4eba"}
[2026-05-20 15:45:11] CH2 data: {"text": "\u53eb"}
[2026-05-20 15:45:11] CH2 data: {"text": "\u7834"}
[2026-05-20 15:45:11] CH2 data: {"text": "\u4e86"}
[2026-05-20 15:45:11] CH2 data: {"text": "\u58f0"}
[2026-05-20 15:45:11] CH2 data: {"text": "\uff0c\u201c"}
[2026-05-20 15:45:11] CH2 data: {"text": "\u771f"}
[2026-05-20 15:45:11] CH2 data: {"text": "\u662f"}
[2026-05-20 15:45:11] CH2 data: {"text": "\u52ab"}
[2026-05-20 15:45:11] CH2 data: {"text": "\u8bc1"}
[2026-05-20 15:45:11] CH2 data: {"text": "\uff01\u201d\n\n"}
[2026-05-20 15:45:11] CH2 data: {"text": "\u94dc"}
[2026-05-20 15:45:11] CH2 data: {"text": "\u9523"}
[2026-05-20 15:45:11] CH2 data: {"text": "\u58f0"}
[2026-05-20 15:45:11] CH2 data: {"text": "\u968f"}
[2026-05-20 15:45:11] CH2 data: {"text": "\u5373"}
[2026-05-20 15:45:11] CH2 data: {"text": "\u903c"}
[2026-05-20 15:45:11] CH2 data: {"text": "\u8fd1"}
[2026-05-20 15:45:11] CH2 data: {"text": "\uff0c"}
[2026-05-20 15:45:11] CH2 data: {"text": "\u95f7"}
[2026-05-20 15:45:11] CH2 data: {"text": "\u95f7"}
[2026-05-20 15:45:11] CH2 data: {"text": "\u9707"}
[2026-05-20 15:45:11] CH2 data: {"text": "\u8fdb"}
[2026-05-20 15:45:11] CH2 data: {"text": "\u77f3"}
[2026-05-20 15:45:11] CH2 data: {"text": "\u7f1d"}
[2026-05-20 15:45:11] CH2 data: {"text": "\u3002"}
[2026-05-20 15:45:11] CH2 data: {"text": "\u6c88"}
[2026-05-20 15:45:11] CH2 data: {"text": "\u7167"}
[2026-05-20 15:45:11] CH2 data: {"text": "\u4fa7"}
[2026-05-20 15:45:11] CH2 data: {"text": "\u8eab"}
[2026-05-20 15:45:11] CH2 data: {"text": "\u94bb"}
[2026-05-20 15:45:11] CH2 data: {"text": "\u5165"}
[2026-05-20 15:45:11] CH2 data: {"text": "\u65e7"}
[2026-05-20 15:45:11] CH2 data: {"text": "\u6e20"}
[2026-05-20 15:45:11] CH2 data: {"text": "\uff0c"}
[2026-05-20 15:45:11] CH2 data: {"text": "\u80cc"}
[2026-05-20 15:45:11] CH2 data: {"text": "\u540e"}
[2026-05-20 15:45:11] CH2 data: {"text": "\u8863"}
[2026-05-20 15:45:11] CH2 data: {"text": "\u6599"}
[2026-05-20 15:45:11] CH2 data: {"text": "\u521a"}
[2026-05-20 15:45:11] CH2 data: {"text": "\u64e6"}
[2026-05-20 15:45:11] CH2 data: {"text": "\u8fc7"}
[2026-05-20 15:45:12] CH2 data: {"text": "\u77f3"}
[2026-05-20 15:45:12] CH2 data: {"text": "\u6cbf"}
[2026-05-20 15:45:12] CH2 data: {"text": "\uff0c"}
[2026-05-20 15:45:12] CH2 data: {"text": "\u8001"}
[2026-05-20 15:45:12] CH2 data: {"text": "\u66f4"}
[2026-05-20 15:45:12] CH2 data: {"text": "\u592b"}
[2026-05-20 15:45:12] CH2 data: {"text": "\u5c31\u5728"}
[2026-05-20 15:45:12] CH2 data: {"text": "\u9ed1"}
[2026-05-20 15:45:12] CH2 data: {"text": "\u6697"}
[2026-05-20 15:45:12] CH2 data: {"text": "\u91cc"}
[2026-05-20 15:45:12] CH2 data: {"text": "\u4e00"}
[2026-05-20 15:45:12] CH2 data: {"text": "\u628a"}
[2026-05-20 15:45:12] CH2 data: {"text": "\u6525"}
[2026-05-20 15:45:12] CH2 data: {"text": "\u4f4f"}
[2026-05-20 15:45:12] CH2 data: {"text": "\u4e86"}
[2026-05-20 15:45:12] CH2 data: {"text": "\u4ed6\u7684"}
[2026-05-20 15:45:12] CH2 data: {"text": "\u8896"}
[2026-05-20 15:45:12] CH2 data: {"text": "\u5b50"}
[2026-05-20 15:45:12] CH2 data: {"text": "\u3002"}
[2026-05-20 15:45:12] CH2 data: {"text": "\u90a3"}
[2026-05-20 15:45:12] CH2 data: {"text": "\u53ea"}
[2026-05-20 15:45:12] CH2 data: {"text": "\u624b"}
[2026-05-20 15:45:12] CH2 data: {"text": "\u6296"}
[2026-05-20 15:45:12] CH2 data: {"text": "\u5f97"}
[2026-05-20 15:45:12] CH2 data: {"text": "\u5389"}
[2026-05-20 15:45:12] CH2 data: {"text": "\u5bb3"}
[2026-05-20 15:45:12] CH2 data: {"text": "\uff0c"}
[2026-05-20 15:45:12] CH2 data: {"text": "\u6307"}
[2026-05-20 15:45:12] CH2 data: {"text": "\u8282"}
[2026-05-20 15:45:12] CH2 data: {"text": "\u5168"}
[2026-05-20 15:45:12] CH2 data: {"text": "\u662f"}
[2026-05-20 15:45:12] CH2 data: {"text": "\u51b7"}
[2026-05-20 15:45:12] CH2 data: {"text": "\u6c57"}
[2026-05-20 15:45:12] CH2 data: {"text": "\u3002\n\n"}
[2026-05-20 15:45:12] CH2 data: {"text": "\u201c"}
[2026-05-20 15:45:12] CH2 data: {"text": "\u6628"}
[2026-05-20 15:45:12] CH2 data: {"text": "\u591c"}
[2026-05-20 15:45:12] CH2 data: {"text": "\u2026\u2026\u201d"}
[2026-05-20 15:45:12] CH2 data: {"text": "\u8001"}
[2026-05-20 15:45:12] CH2 data: {"text": "\u66f4"}
[2026-05-20 15:45:12] CH2 data: {"text": "\u592b"}
[2026-05-20 15:45:12] CH2 data: {"text": "\u5598"}
[2026-05-20 15:45:12] CH2 data: {"text": "\u5f97"}
[2026-05-20 15:45:12] CH2 data: {"text": "\u50cf"}
[2026-05-20 15:45:12] CH2 data: {"text": "\u7834"}
[2026-05-20 15:45:12] CH2 data: {"text": "\u98ce"}
[2026-05-20 15:45:12] CH2 data: {"text": "\u7bb1"}
[2026-05-20 15:45:12] CH2 data: {"text": "\uff0c\u201c"}
[2026-05-20 15:45:12] CH2 data: {"text": "\u6628"}
[2026-05-20 15:45:12] CH2 data: {"text": "\u591c"}
[2026-05-20 15:45:12] CH2 data: {"text": "\u8fd8\u6709"}
[2026-05-20 15:45:12] CH2 data: {"text": "\u4e00"}
[2026-05-20 15:45:12] CH2 data: {"text": "\u8f86"}
[2026-05-20 15:45:12] CH2 data: {"text": "\u4f9b"}
[2026-05-20 15:45:12] CH2 data: {"text": "\u5949"}
[2026-05-20 15:45:12] CH2 data: {"text": "\u8f66"}
[2026-05-20 15:45:12] CH2 data: {"text": "\u3002\u201d"}
[2026-05-20 15:45:13] CH2 data: {"text": "\n\n"}
[2026-05-20 15:48:38] CH2 data: {"text": "\u6e20"}
[2026-05-20 15:48:38] CH2 data: {"text": "\u58c1"}
[2026-05-20 15:48:38] CH2 data: {"text": "\u6ef4"}
[2026-05-20 15:48:38] CH2 data: {"text": "\u6c34"}
[2026-05-20 15:48:38] CH2 data: {"text": "\uff0c"}
[2026-05-20 15:48:38] CH2 data: {"text": "\u6572"}
[2026-05-20 15:48:38] CH2 data: {"text": "\u5728"}
[2026-05-20 15:48:38] CH2 data: {"text": "\u77f3"}
[2026-05-20 15:48:38] CH2 data: {"text": "\u5934"}
[2026-05-20 15:48:38] CH2 data: {"text": "\u4e0a"}
[2026-05-20 15:48:38] CH2 data: {"text": "\uff0c"}
[2026-05-20 15:48:38] CH2 data: {"text": "\u58f0"}
[2026-05-20 15:48:38] CH2 data: {"text": "\u513f"}
[2026-05-20 15:48:38] CH2 data: {"text": "\u7ec6"}
[2026-05-20 15:48:38] CH2 data: {"text": "\u5f97"}
[2026-05-20 15:48:38] CH2 data: {"text": "\u50cf"}
[2026-05-20 15:48:38] CH2 data: {"text": "\u9488"}
[2026-05-20 15:48:38] CH2 data: {"text": "\u3002"}
[2026-05-20 15:48:38] CH2 data: {"text": "  \n"}
[2026-05-20 15:48:38] CH2 data: {"text": "\u4e00\u4e2a"}
[2026-05-20 15:48:38] CH2 data: {"text": "\u4eba"}
[2026-05-20 15:48:38] CH2 data: {"text": "\u8d34"}
[2026-05-20 15:48:38] CH2 data: {"text": "\u7740"}
[2026-05-20 15:48:38] CH2 data: {"text": "\u6f6e"}
[2026-05-20 15:48:38] CH2 data: {"text": "\u5899"}
[2026-05-20 15:48:38] CH2 data: {"text": "\uff0c"}
[2026-05-20 15:48:38] CH2 data: {"text": "\u5598"}
[2026-05-20 15:48:38] CH2 data: {"text": "\u5f97"}
[2026-05-20 15:48:38] CH2 data: {"text": "\u80f8"}
[2026-05-20 15:48:38] CH2 data: {"text": "\u53e3"}
[2026-05-20 15:48:38] CH2 data: {"text": "\u76f4"}
[2026-05-20 15:48:38] CH2 data: {"text": "\u6296"}
[2026-05-20 15:48:38] CH2 data: {"text": "\u3002"}
[2026-05-20 15:48:38] CH2 data: {"text": "  \n"}
[2026-05-20 15:48:38] CH2 data: {"text": "\u53e6\u4e00"}
[2026-05-20 15:48:38] CH2 data: {"text": "\u53ea"}
[2026-05-20 15:48:38] CH2 data: {"text": "\u624b"}
[2026-05-20 15:48:38] CH2 data: {"text": "\u538b"}
[2026-05-20 15:48:38] CH2 data: {"text": "\u4e0a"}
[2026-05-20 15:48:38] CH2 data: {"text": "\u4ed6\u7684"}
[2026-05-20 15:48:38] CH2 data: {"text": "\u80a9"}
[2026-05-20 15:48:38] CH2 data: {"text": "\uff0c\u628a"}
[2026-05-20 15:48:38] CH2 data: {"text": "\u4eba"}
[2026-05-20 15:48:38] CH2 data: {"text": "\u5f80"}
[2026-05-20 15:48:38] CH2 data: {"text": "\u95f8"}
[2026-05-20 15:48:38] CH2 data: {"text": "\u8179"}
[2026-05-20 15:48:38] CH2 data: {"text": "\u9634"}
[2026-05-20 15:48:38] CH2 data: {"text": "\u91cc"}
[2026-05-20 15:48:38] CH2 data: {"text": "\u53c8"}
[2026-05-20 15:48:38] CH2 data: {"text": "\u62d6"}
[2026-05-20 15:48:38] CH2 data: {"text": "\u4e86"}
[2026-05-20 15:48:38] CH2 data: {"text": "\u534a"}
[2026-05-20 15:48:38] CH2 data: {"text": "\u6b65"}
[2026-05-20 15:48:38] CH2 data: {"text": "\u3002"}
[2026-05-20 15:48:38] CH2 data: {"text": "  \n\n"}
[2026-05-20 15:48:38] CH2 data: {"text": "\u6c88"}
[2026-05-20 15:48:38] CH2 data: {"text": "\u7167"}
[2026-05-20 15:48:38] CH2 data: {"text": "\u4f4e"}
[2026-05-20 15:48:38] CH2 data: {"text": "\u58f0"}
[2026-05-20 15:48:38] CH2 data: {"text": "\u9053"}
[2026-05-20 15:48:38] CH2 data: {"text": "\uff1a\u201c"}
[2026-05-20 15:48:38] CH2 data: {"text": "\u73b0\u5728"}
[2026-05-20 15:48:38] CH2 data: {"text": "\u8bf4"}
[2026-05-20 15:48:38] CH2 data: {"text": "\u3002\u201d"}
[2026-05-20 15:48:38] CH2 data: {"text": "  \n\n"}
[2026-05-20 15:48:39] CH2 data: {"text": "\u8001"}
[2026-05-20 15:48:39] CH2 data: {"text": "\u66f4"}
[2026-05-20 15:48:39] CH2 data: {"text": "\u592b"}
[2026-05-20 15:48:39] CH2 data: {"text": "\u5589"}
[2026-05-20 15:48:39] CH2 data: {"text": "\u5934"}
[2026-05-20 15:48:39] CH2 data: {"text": "\u6eda"}
[2026-05-20 15:48:39] CH2 data: {"text": "\u4e86"}
[2026-05-20 15:48:39] CH2 data: {"text": "\u4e24"}
[2026-05-20 15:48:39] CH2 data: {"text": "\u4e0b"}
[2026-05-20 15:48:39] CH2 data: {"text": "\uff0c"}
[2026-05-20 15:48:39] CH2 data: {"text": "\u50cf"}
[2026-05-20 15:48:39] CH2 data: {"text": "\u662f"}
[2026-05-20 15:48:39] CH2 data: {"text": "\u5148"}
[2026-05-20 15:48:39] CH2 data: {"text": "\u628a"}
[2026-05-20 15:48:39] CH2 data: {"text": "\u80c6"}
[2026-05-20 15:48:39] CH2 data: {"text": "\u5b50"}
[2026-05-20 15:48:39] CH2 data: {"text": "\u54bd"}
[2026-05-20 15:48:39] CH2 data: {"text": "\u4e0b"}
[2026-05-20 15:48:39] CH2 data: {"text": "\u53bb"}
[2026-05-20 15:48:39] CH2 data: {"text": "\uff0c"}
[2026-05-20 15:48:39] CH2 data: {"text": "\u624d"}
[2026-05-20 15:48:39] CH2 data: {"text": "\u54d1"}
[2026-05-20 15:48:39] CH2 data: {"text": "\u7740"}
[2026-05-20 15:48:39] CH2 data: {"text": "\u55d3"}
[2026-05-20 15:48:39] CH2 data: {"text": "\u5b50"}
[2026-05-20 15:48:39] CH2 data: {"text": "\u5f00"}
[2026-05-20 15:48:39] CH2 data: {"text": "\u53e3"}
[2026-05-20 15:48:39] CH2 data: {"text": "\uff1a\u201c"}
[2026-05-20 15:48:39] CH2 data: {"text": "\u6211"}
[2026-05-20 15:48:39] CH2 data: {"text": "\u6628"}
[2026-05-20 15:48:39] CH2 data: {"text": "\u591c"}
[2026-05-20 15:48:39] CH2 data: {"text": "\u5b88"}
[2026-05-20 15:48:39] CH2 data: {"text": "\u5317"}
[2026-05-20 15:48:39] CH2 data: {"text": "\u504f"}
[2026-05-20 15:48:39] CH2 data: {"text": "\u95e8"}
[2026-05-20 15:48:39] CH2 data: {"text": "\uff0c"}
[2026-05-20 15:48:39] CH2 data: {"text": "\u53bb"}
[2026-05-20 15:48:39] CH2 data: {"text": "\u5e9f"}
[2026-05-20 15:48:39] CH2 data: {"text": "\u94fa"}
[2026-05-20 15:48:39] CH2 data: {"text": "\u540e"}
[2026-05-20 15:48:39] CH2 data: {"text": "\u5934"}
[2026-05-20 15:48:39] CH2 data: {"text": "\u6536"}
[2026-05-20 15:48:39] CH2 data: {"text": "\u96e8"}
[2026-05-20 15:48:39] CH2 data: {"text": "\u6876"}
[2026-05-20 15:48:39] CH2 data: {"text": "\uff0c\u770b"}
[2026-05-20 15:48:39] CH2 data: {"text": "\u89c1"}
[2026-05-20 15:48:39] CH2 data: {"text": "\u4e00"}
[2026-05-20 15:48:39] CH2 data: {"text": "\u8f86"}
[2026-05-20 15:48:39] CH2 data: {"text": "\u8f66"}
[2026-05-20 15:48:39] CH2 data: {"text": "\u505c"}
[2026-05-20 15:48:39] CH2 data: {"text": "\u5728"}
[2026-05-20 15:48:40] CH2 data: {"text": "\u540e"}
[2026-05-20 15:48:40] CH2 data: {"text": "\u95e8"}
[2026-05-20 15:48:40] CH2 data: {"text": "\u3002\u201d"}
[2026-05-20 15:48:40] CH2 data: {"text": "\u4ed6"}
[2026-05-20 15:48:40] CH2 data: {"text": "\u62ac"}
[2026-05-20 15:48:40] CH2 data: {"text": "\u4e0d\u8d77"}
[2026-05-20 15:48:40] CH2 data: {"text": "\u5934"}
[2026-05-20 15:48:40] CH2 data: {"text": "\uff0c"}
[2026-05-20 15:48:40] CH2 data: {"text": "\u624b"}
[2026-05-20 15:48:40] CH2 data: {"text": "\u6307"}
[2026-05-20 15:48:40] CH2 data: {"text": "\u6b7b"}
[2026-05-20 15:48:40] CH2 data: {"text": "\u6b7b"}
[2026-05-20 15:48:40] CH2 data: {"text": "\u62a0"}
[2026-05-20 15:48:40] CH2 data: {"text": "\u7740"}
[2026-05-20 15:48:40] CH2 data: {"text": "\u77f3"}
[2026-05-20 15:48:40] CH2 data: {"text": "\u7f1d"}
[2026-05-20 15:48:40] CH2 data: {"text": "\uff0c\u201c"}
[2026-05-20 15:48:40] CH2 data: {"text": "\u90a3"}
[2026-05-20 15:48:40] CH2 data: {"text": "\u4e0d\u662f"}
[2026-05-20 15:48:40] CH2 data: {"text": "\u5bfb"}
[2026-05-20 15:48:40] CH2 data: {"text": "\u5e38"}
[2026-05-20 15:48:40] CH2 data: {"text": "\u8f66"}
[2026-05-20 15:48:40] CH2 data: {"text": "\u3002"}
[2026-05-20 15:48:40] CH2 data: {"text": "\u8f66"}
[2026-05-20 15:48:40] CH2 data: {"text": "\u7bf7"}
[2026-05-20 15:48:40] CH2 data: {"text": "\u538b"}
[2026-05-20 15:48:40] CH2 data: {"text": "\u5f97"}
[2026-05-20 15:48:40] CH2 data: {"text": "\u4f4e"}
[2026-05-20 15:48:40] CH2 data: {"text": "\uff0c"}
[2026-05-20 15:48:40] CH2 data: {"text": "\u8f6e"}
[2026-05-20 15:48:40] CH2 data: {"text": "\u5b50"}
[2026-05-20 15:48:40] CH2 data: {"text": "\u4e0a"}
[2026-05-20 15:48:40] CH2 data: {"text": "\u8fd8"}
[2026-05-20 15:48:40] CH2 data: {"text": "\u6cbe"}
[2026-05-20 15:48:40] CH2 data: {"text": "\u7740"}
[2026-05-20 15:48:40] CH2 data: {"text": "\u65b0"}
[2026-05-20 15:48:40] CH2 data: {"text": "\u6ce5"}
[2026-05-20 15:48:40] CH2 data: {"text": "\uff0c"}
[2026-05-20 15:48:40] CH2 data: {"text": "\u5916"}
[2026-05-20 15:48:40] CH2 data: {"text": "\u5934"}
[2026-05-20 15:48:40] CH2 data: {"text": "\u4e24"}
[2026-05-20 15:48:40] CH2 data: {"text": "\u4e2a\u4eba"}
[2026-05-20 15:48:40] CH2 data: {"text": "\u642c"}
[2026-05-20 15:48:40] CH2 data: {"text": "\u6728"}
[2026-05-20 15:48:40] CH2 data: {"text": "\u7bb1"}
[2026-05-20 15:48:40] CH2 data: {"text": "\uff0c"}
[2026-05-20 15:48:40] CH2 data: {"text": "\u5634"}
[2026-05-20 15:48:40] CH2 data: {"text": "\u91cc"}
[2026-05-20 15:48:40] CH2 data: {"text": "\u90fd"}
[2026-05-20 15:48:40] CH2 data: {"text": "\u53eb"}
[2026-05-20 15:48:40] CH2 data: {"text": "\u91cc"}
[2026-05-20 15:48:41] CH2 data: {"text": "\u5934"}
[2026-05-20 15:48:41] CH2 data: {"text": "\u90a3\u4e2a"}
[2026-05-20 15:48:41] CH2 data: {"text": "\u2014\u2014"}
[2026-05-20 15:48:41] CH2 data: {"text": "\u2018"}
[2026-05-20 15:48:41] CH2 data: {"text": "\u8d35"}
[2026-05-20 15:48:41] CH2 data: {"text": "\u5ba2"}
[2026-05-20 15:48:41] CH2 data: {"text": "\u2019"}
[2026-05-20 15:48:41] CH2 data: {"text": "\u3002\u201d"}
[2026-05-20 15:48:41] CH2 data: {"text": "  \n\n"}
[2026-05-20 15:48:41] CH2 data: {"text": "\u6c88"}
[2026-05-20 15:48:41] CH2 data: {"text": "\u7167"}
[2026-05-20 15:48:41] CH2 data: {"text": "\u6ca1"}
[2026-05-20 15:48:41] CH2 data: {"text": "\u50ac"}
[2026-05-20 15:48:41] CH2 data: {"text": "\uff0c\u53ea"}
[2026-05-20 15:48:41] CH2 data: {"text": "\u628a"}
[2026-05-20 15:48:41] CH2 data: {"text": "\u8eab"}
[2026-05-20 15:48:41] CH2 data: {"text": "\u5b50"}
[2026-05-20 15:48:41] CH2 data: {"text": "\u5f80"}
[2026-05-20 15:48:41] CH2 data: {"text": "\u9634"}
[2026-05-20 15:48:41] CH2 data: {"text": "\u91cc"}
[2026-05-20 15:48:41] CH2 data: {"text": "\u518d"}
[2026-05-20 15:48:41] CH2 data: {"text": "\u538b"}
[2026-05-20 15:48:41] CH2 data: {"text": "\u4e86\u4e00"}
[2026-05-20 15:48:41] CH2 data: {"text": "\u5bf8"}
[2026-05-20 15:48:41] CH2 data: {"text": "\u3002"}
[2026-05-20 15:48:41] CH2 data: {"text": "\u6e20"}
[2026-05-20 15:48:41] CH2 data: {"text": "\u53e3"}
[2026-05-20 15:48:41] CH2 data: {"text": "\u4e0a"}
[2026-05-20 15:48:41] CH2 data: {"text": "\u5934"}
[2026-05-20 15:48:41] CH2 data: {"text": "\u6709"}
[2026-05-20 15:48:41] CH2 data: {"text": "\u811a"}
[2026-05-20 15:48:41] CH2 data: {"text": "\u6b65"}
[2026-05-20 15:48:41] CH2 data: {"text": "\u522e"}
[2026-05-20 15:48:41] CH2 data: {"text": "\u8fc7"}
[2026-05-20 15:48:41] CH2 data: {"text": "\uff0c"}
[2026-05-20 15:48:41] CH2 data: {"text": "\u77f3"}
[2026-05-20 15:48:41] CH2 data: {"text": "\u9762"}
[2026-05-20 15:48:41] CH2 data: {"text": "\u8f7b"}
[2026-05-20 15:48:41] CH2 data: {"text": "\u8f7b"}
[2026-05-20 15:48:41] CH2 data: {"text": "\u4e00"}
[2026-05-20 15:48:41] CH2 data: {"text": "\u9707"}
[2026-05-20 15:48:41] CH2 data: {"text": "\u3002"}
[2026-05-20 15:48:41] CH2 data: {"text": "  \n\n"}
[2026-05-20 15:48:41] CH2 data: {"text": "\u201c"}
[2026-05-20 15:48:41] CH2 data: {"text": "\u4f60"}
[2026-05-20 15:48:41] CH2 data: {"text": "\u770b"}
[2026-05-20 15:48:41] CH2 data: {"text": "\u89c1"}
[2026-05-20 15:48:42] CH2 data: {"text": "\u8f66"}
[2026-05-20 15:48:42] CH2 data: {"text": "\u91cc"}
[2026-05-20 15:48:42] CH2 data: {"text": "\u7684\u4eba"}
[2026-05-20 15:48:42] CH2 data: {"text": "\u4e86"}
[2026-05-20 15:48:42] CH2 data: {"text": "\uff1f\u201d"}
[2026-05-20 15:48:42] CH2 data: {"text": "  \n\n"}
[2026-05-20 15:48:42] CH2 data: {"text": "\u201c"}
[2026-05-20 15:48:42] CH2 data: {"text": "\u6ca1"}
[2026-05-20 15:48:42] CH2 data: {"text": "\u3002\u201d"}
[2026-05-20 15:48:42] CH2 data: {"text": "\u8001"}
[2026-05-20 15:48:42] CH2 data: {"text": "\u66f4"}
[2026-05-20 15:48:42] CH2 data: {"text": "\u592b"}
[2026-05-20 15:48:42] CH2 data: {"text": "\u6447"}
[2026-05-20 15:48:42] CH2 data: {"text": "\u5934"}
[2026-05-20 15:48:42] CH2 data: {"text": "\uff0c"}
[2026-05-20 15:48:42] CH2 data: {"text": "\u8116"}
[2026-05-20 15:48:42] CH2 data: {"text": "\u5b50"}
[2026-05-20 15:48:42] CH2 data: {"text": "\u4e0a\u7684"}
[2026-05-20 15:48:42] CH2 data: {"text": "\u9752"}
[2026-05-20 15:48:42] CH2 data: {"text": "\u7b4b"}
[2026-05-20 15:48:42] CH2 data: {"text": "\u4e00"}
[2026-05-20 15:48:42] CH2 data: {"text": "\u8df3"}
[2026-05-20 15:48:42] CH2 data: {"text": "\u4e00"}
[2026-05-20 15:48:42] CH2 data: {"text": "\u8df3"}
[2026-05-20 15:48:42] CH2 data: {"text": "\uff0c\u201c"}
[2026-05-20 15:48:42] CH2 data: {"text": "\u5e18"}
[2026-05-20 15:48:42] CH2 data: {"text": "\u5b50"}
[2026-05-20 15:48:42] CH2 data: {"text": "\u53ea"}
[2026-05-20 15:48:42] CH2 data: {"text": "\u6380"}
[2026-05-20 15:48:42] CH2 data: {"text": "\u4e86"}
[2026-05-20 15:48:42] CH2 data: {"text": "\u534a"}
[2026-05-20 15:48:42] CH2 data: {"text": "\u89d2"}
[2026-05-20 15:48:42] CH2 data: {"text": "\u3002\u6211"}
[2026-05-20 15:48:42] CH2 data: {"text": "\u53ea"}
[2026-05-20 15:48:42] CH2 data: {"text": "\u95fb"}
[2026-05-20 15:48:42] CH2 data: {"text": "\u89c1"}
[2026-05-20 15:48:42] CH2 data: {"text": "\u4e00"}
[2026-05-20 15:48:42] CH2 data: {"text": "\u80a1"}
[2026-05-20 15:48:42] CH2 data: {"text": "\u9999"}
[2026-05-20 15:48:42] CH2 data: {"text": "\u7070"}
[2026-05-20 15:48:42] CH2 data: {"text": "\u5473"}
[2026-05-20 15:48:42] CH2 data: {"text": "\uff0c"}
[2026-05-20 15:48:42] CH2 data: {"text": "\u548c"}
[2026-05-20 15:48:42] CH2 data: {"text": "\u9053"}
[2026-05-20 15:48:42] CH2 data: {"text": "\u9662"}
[2026-05-20 15:48:42] CH2 data: {"text": "\u91cc"}
[2026-05-20 15:48:42] CH2 data: {"text": "\u5e38"}
[2026-05-20 15:48:42] CH2 data: {"text": "\u70e7"}
[2026-05-20 15:48:42] CH2 data: {"text": "\u7684"}
[2026-05-20 15:48:42] CH2 data: {"text": "\u4e00\u4e2a"}
[2026-05-20 15:48:42] CH2 data: {"text": "\u8def"}
[2026-05-20 15:48:42] CH2 data: {"text": "\u6570"}
[2026-05-20 15:48:42] CH2 data: {"text": "\u5dee"}
[2026-05-20 15:48:42] CH2 data: {"text": "\u4e0d"}
[2026-05-20 15:48:42] CH2 data: {"text": "\u591a"}
[2026-05-20 15:48:42] CH2 data: {"text": "\u3002"}
[2026-05-20 15:48:42] CH2 data: {"text": "\u540e\u6765"}
[2026-05-20 15:48:42] CH2 data: {"text": "\uff0c"}
[2026-05-20 15:48:42] CH2 data: {"text": "\u95e8"}
[2026-05-20 15:48:42] CH2 data: {"text": "\u8fb9"}
[2026-05-20 15:48:43] CH2 data: {"text": "\u90a3"}
[2026-05-20 15:48:43] CH2 data: {"text": "\u4e24\u4e2a"}
[2026-05-20 15:48:43] CH2 data: {"text": "\u968f"}
[2026-05-20 15:48:43] CH2 data: {"text": "\u4ece"}
[2026-05-20 15:48:43] CH2 data: {"text": "\u8bf4"}
[2026-05-20 15:48:43] CH2 data: {"text": "\u8bdd"}
[2026-05-20 15:48:43] CH2 data: {"text": "\uff0c\u6211"}
[2026-05-20 15:48:43] CH2 data: {"text": "\u624d"}
[2026-05-20 15:48:43] CH2 data: {"text": "\u542c"}
[2026-05-20 15:48:43] CH2 data: {"text": "\u89c1"}
[2026-05-20 15:48:43] CH2 data: {"text": "\u4e00\u53e5"}
[2026-05-20 15:48:43] CH2 data: {"text": "\u3002\u201d"}
[2026-05-20 15:48:43] CH2 data: {"text": "\u4ed6"}
[2026-05-20 15:48:43] CH2 data: {"text": "\u987f"}
[2026-05-20 15:48:43] CH2 data: {"text": "\u4e86"}
[2026-05-20 15:48:43] CH2 data: {"text": "\u987f"}
[2026-05-20 15:48:43] CH2 data: {"text": "\uff0c"}
[2026-05-20 15:48:43] CH2 data: {"text": "\u58f0\u97f3"}
[2026-05-20 15:48:43] CH2 data: {"text": "\u66f4"}
[2026-05-20 15:48:43] CH2 data: {"text": "\u4f4e"}
[2026-05-20 15:48:43] CH2 data: {"text": "\uff0c\u201c"}
[2026-05-20 15:48:43] CH2 data: {"text": "\u6709\u4eba"}
[2026-05-20 15:48:43] CH2 data: {"text": "\u63d0"}
[2026-05-20 15:48:43] CH2 data: {"text": "\u4e86"}
[2026-05-20 15:48:43] CH2 data: {"text": "\u2018"}
[2026-05-20 15:48:43] CH2 data: {"text": "\u53db"}
[2026-05-20 15:48:43] CH2 data: {"text": "\u540d"}
[2026-05-20 15:48:43] CH2 data: {"text": "\u2019\uff0c"}
[2026-05-20 15:48:43] CH2 data: {"text": "\u53c8"}
[2026-05-20 15:48:43] CH2 data: {"text": "\u63d0"}
[2026-05-20 15:48:43] CH2 data: {"text": "\u4e86"}
[2026-05-20 15:48:43] CH2 data: {"text": "\u2018"}
[2026-05-20 15:48:43] CH2 data: {"text": "\u65e7"}
[2026-05-20 15:48:43] CH2 data: {"text": "\u706f"}
[2026-05-20 15:48:43] CH2 data: {"text": "\u5370"}
[2026-05-20 15:48:43] CH2 data: {"text": "\u2019"}
[2026-05-20 15:48:43] CH2 data: {"text": "\u3002"}
[2026-05-20 15:48:43] CH2 data: {"text": "\u539f"}
[2026-05-20 15:48:43] CH2 data: {"text": "\u8bdd"}
[2026-05-20 15:48:43] CH2 data: {"text": "\u6211"}
[2026-05-20 15:48:43] CH2 data: {"text": "\u8bb0"}
[2026-05-20 15:48:43] CH2 data: {"text": "\u4e0d"}
[2026-05-20 15:48:43] CH2 data: {"text": "\u5168"}
[2026-05-20 15:48:43] CH2 data: {"text": "\uff0c\u53ea"}
[2026-05-20 15:48:43] CH2 data: {"text": "\u8bb0"}
[2026-05-20 15:48:43] CH2 data: {"text": "\u5f97"}
[2026-05-20 15:48:43] CH2 data: {"text": "\u90a3"}
[2026-05-20 15:48:43] CH2 data: {"text": "\u55d3"}
[2026-05-20 15:48:43] CH2 data: {"text": "\u5b50"}
[2026-05-20 15:48:43] CH2 data: {"text": "\u8bf4"}
[2026-05-20 15:48:43] CH2 data: {"text": "\uff0c"}
[2026-05-20 15:48:43] CH2 data: {"text": "\u2018"}
[2026-05-20 15:48:43] CH2 data: {"text": "\u8fd9"}
[2026-05-20 15:48:44] CH2 data: {"text": "\u4e24"}
[2026-05-20 15:48:44] CH2 data: {"text": "\u6837"}
[2026-05-20 15:48:44] CH2 data: {"text": "\u6405"}
[2026-05-20 15:48:44] CH2 data: {"text": "\u5728"}
[2026-05-20 15:48:44] CH2 data: {"text": "\u4e00"}
[2026-05-20 15:48:44] CH2 data: {"text": "\u5757"}
[2026-05-20 15:48:44] CH2 data: {"text": "\uff0c"}
[2026-05-20 15:48:44] CH2 data: {"text": "\u8c01"}
[2026-05-20 15:48:44] CH2 data: {"text": "\u4e5f"}
[2026-05-20 15:48:44] CH2 data: {"text": "\u522b"}
[2026-05-20 15:48:44] CH2 data: {"text": "\u60f3"}
[2026-05-20 15:48:44] CH2 data: {"text": "\u6d3b"}
[2026-05-20 15:48:44] CH2 data: {"text": "\u7740"}
[2026-05-20 15:48:44] CH2 data: {"text": "\u51fa"}
[2026-05-20 15:48:44] CH2 data: {"text": "\u95e8"}
[2026-05-20 15:48:44] CH2 data: {"text": "\u3002"}
[2026-05-20 15:48:44] CH2 data: {"text": "\u2019"}
[2026-05-20 15:48:44] CH2 data: {"text": "\u201d"}
[2026-05-20 15:48:44] CH2 data: {"text": "  \n\n"}
[2026-05-20 15:48:44] CH2 data: {"text": "\u6c88"}
[2026-05-20 15:48:44] CH2 data: {"text": "\u7167"}
[2026-05-20 15:48:44] CH2 data: {"text": "\u7684"}
[2026-05-20 15:48:44] CH2 data: {"text": "\u6307"}
[2026-05-20 15:48:44] CH2 data: {"text": "\u8282"}
[2026-05-20 15:48:44] CH2 data: {"text": "\u5728"}
[2026-05-20 15:48:44] CH2 data: {"text": "\u706f"}
[2026-05-20 15:48:44] CH2 data: {"text": "\u8eab"}
[2026-05-20 15:48:44] CH2 data: {"text": "\u4e0a"}
[2026-05-20 15:48:44] CH2 data: {"text": "\u8f7b"}
[2026-05-20 15:48:44] CH2 data: {"text": "\u8f7b"}
[2026-05-20 15:48:44] CH2 data: {"text": "\u4e00"}
[2026-05-20 15:48:44] CH2 data: {"text": "\u6263"}
[2026-05-20 15:48:44] CH2 data: {"text": "\u3002"}
[2026-05-20 15:48:44] CH2 data: {"text": "\u94dc"}
[2026-05-20 15:48:44] CH2 data: {"text": "\u58f3"}
[2026-05-20 15:48:44] CH2 data: {"text": "\u51b7"}
[2026-05-20 15:48:44] CH2 data: {"text": "\u5f97"}
[2026-05-20 15:48:44] CH2 data: {"text": "\u53d1"}
[2026-05-20 15:48:44] CH2 data: {"text": "\u786c"}
[2026-05-20 15:48:44] CH2 data: {"text": "\u3002"}
[2026-05-20 15:48:44] CH2 data: {"text": "  \n"}
[2026-05-20 15:48:44] CH2 data: {"text": "\u201c"}
[2026-05-20 15:48:44] CH2 data: {"text": "\u8c01"}
[2026-05-20 15:48:44] CH2 data: {"text": "\u8bf4"}
[2026-05-20 15:48:44] CH2 data: {"text": "\u7684"}
[2026-05-20 15:48:44] CH2 data: {"text": "\uff1f\u201d"}
[2026-05-20 15:48:44] CH2 data: {"text": "  \n\n"}
[2026-05-20 15:48:44] CH2 data: {"text": "\u201c"}
[2026-05-20 15:48:44] CH2 data: {"text": "\u542c"}
[2026-05-20 15:48:44] CH2 data: {"text": "\u4e0d"}
[2026-05-20 15:48:44] CH2 data: {"text": "\u6e05"}
[2026-05-20 15:48:44] CH2 data: {"text": "\u8138"}
[2026-05-20 15:48:44] CH2 data: {"text": "\u3002\u201d"}
[2026-05-20 15:48:45] CH2 data: {"text": "\u8001"}
[2026-05-20 15:48:45] CH2 data: {"text": "\u66f4"}
[2026-05-20 15:48:45] CH2 data: {"text": "\u592b"}
[2026-05-20 15:48:45] CH2 data: {"text": "\u6025"}
[2026-05-20 15:48:45] CH2 data: {"text": "\u5f97"}
[2026-05-20 15:48:45] CH2 data: {"text": "\u989d"}
[2026-05-20 15:48:45] CH2 data: {"text": "\u4e0a"}
[2026-05-20 15:48:45] CH2 data: {"text": "\u5192"}
[2026-05-20 15:48:45] CH2 data: {"text": "\u6c57"}
[2026-05-20 15:48:45] CH2 data: {"text": "\uff0c\u201c"}
[2026-05-20 15:48:45] CH2 data: {"text": "\u50cf"}
[2026-05-20 15:48:45] CH2 data: {"text": "\u4e2a"}
[2026-05-20 15:48:45] CH2 data: {"text": "\u7ba1"}
[2026-05-20 15:48:45] CH2 data: {"text": "\u4e8b"}
[2026-05-20 15:48:45] CH2 data: {"text": "\u7684"}
[2026-05-20 15:48:45] CH2 data: {"text": "\uff0c"}
[2026-05-20 15:48:45] CH2 data: {"text": "\u55d3"}
[2026-05-20 15:48:45] CH2 data: {"text": "\u5b50"}
[2026-05-20 15:48:45] CH2 data: {"text": "\u7ec6"}
[2026-05-20 15:48:45] CH2 data: {"text": "\uff0c"}
[2026-05-20 15:48:45] CH2 data: {"text": "\u8bdd"}
[2026-05-20 15:48:45] CH2 data: {"text": "\u538b"}
[2026-05-20 15:48:45] CH2 data: {"text": "\u5f97"}
[2026-05-20 15:48:45] CH2 data: {"text": "\u5f88"}
[2026-05-20 15:48:45] CH2 data: {"text": "\u4f4e"}
[2026-05-20 15:48:45] CH2 data: {"text": "\u3002\u6211"}
[2026-05-20 15:48:45] CH2 data: {"text": "\u90a3"}
[2026-05-20 15:48:45] CH2 data: {"text": "\u65f6"}
[2026-05-20 15:48:45] CH2 data: {"text": "\u624b"}
[2026-05-20 15:48:45] CH2 data: {"text": "\u91cc"}
[2026-05-20 15:48:45] CH2 data: {"text": "\u8fd8"}
[2026-05-20 15:48:45] CH2 data: {"text": "\u63d0"}
[2026-05-20 15:48:45] CH2 data: {"text": "\u7740"}
[2026-05-20 15:48:45] CH2 data: {"text": "\u6876"}
[2026-05-20 15:48:45] CH2 data: {"text": "\uff0c\u4e0d"}
[2026-05-20 15:48:45] CH2 data: {"text": "\u6562"}
[2026-05-20 15:48:45] CH2 data: {"text": "\u518d"}
[2026-05-20 15:48:45] CH2 data: {"text": "\u5f80"}
[2026-05-20 15:48:45] CH2 data: {"text": "\u95e8"}
[2026-05-20 15:48:45] CH2 data: {"text": "\u91cc"}
[2026-05-20 15:48:45] CH2 data: {"text": "\u9760"}
[2026-05-20 15:48:45] CH2 data: {"text": "\u3002"}
[2026-05-20 15:48:45] CH2 data: {"text": "\u540e\u6765"}
[2026-05-20 15:48:45] CH2 data: {"text": "\u9ed1"}
[2026-05-20 15:48:45] CH2 data: {"text": "\u84d1"}
[2026-05-20 15:48:45] CH2 data: {"text": "\u4eba"}
[2026-05-20 15:48:45] CH2 data: {"text": "\u4e00"}
[2026-05-20 15:48:45] CH2 data: {"text": "\u6765"}
[2026-05-20 15:48:45] CH2 data: {"text": "\uff0c\u6211"}
[2026-05-20 15:48:45] CH2 data: {"text": "\u66f4"}
[2026-05-20 15:48:45] CH2 data: {"text": "\u4e0d"}
[2026-05-20 15:48:45] CH2 data: {"text": "\u6562"}
[2026-05-20 15:48:45] CH2 data: {"text": "\u8bb2"}
[2026-05-20 15:48:45] CH2 data: {"text": "\u4e86"}
[2026-05-20 15:48:46] CH2 data: {"text": "\u3002"}
[2026-05-20 15:48:46] CH2 data: {"text": "\u6211\u8981"}
[2026-05-20 15:48:46] CH2 data: {"text": "\u662f"}
[2026-05-20 15:48:46] CH2 data: {"text": "\u8bf4"}
[2026-05-20 15:48:46] CH2 data: {"text": "\u4e86"}
[2026-05-20 15:48:46] CH2 data: {"text": "\uff0c"}
[2026-05-20 15:48:46] CH2 data: {"text": "\u6628"}
[2026-05-20 15:48:46] CH2 data: {"text": "\u591c"}
[2026-05-20 15:48:46] CH2 data: {"text": "\u90a3"}
[2026-05-20 15:48:46] CH2 data: {"text": "\u8f86"}
[2026-05-20 15:48:46] CH2 data: {"text": "\u8f66"}
[2026-05-20 15:48:46] CH2 data: {"text": "\uff0c"}
[2026-05-20 15:48:46] CH2 data: {"text": "\u4eca"}
[2026-05-20 15:48:46] CH2 data: {"text": "\u6668"}
[2026-05-20 15:48:46] CH2 data: {"text": "\u5c31"}
[2026-05-20 15:48:46] CH2 data: {"text": "\u80fd"}
[2026-05-20 15:48:46] CH2 data: {"text": "\u77e5\u9053"}
[2026-05-20 15:48:46] CH2 data: {"text": "\u6211"}
[2026-05-20 15:48:46] CH2 data: {"text": "\u89c1"}
[2026-05-20 15:48:46] CH2 data: {"text": "\u8fc7"}
[2026-05-20 15:48:46] CH2 data: {"text": "\u4ec0\u4e48"}
[2026-05-20 15:48:46] CH2 data: {"text": "\u3002\u201d"}
[2026-05-20 15:48:46] CH2 data: {"text": "  \n\n"}
[2026-05-20 15:48:46] CH2 data: {"text": "\u6e20"}
[2026-05-20 15:48:46] CH2 data: {"text": "\u9876"}
[2026-05-20 15:48:46] CH2 data: {"text": "\u4e00"}
[2026-05-20 15:48:46] CH2 data: {"text": "\u7f15"}
[2026-05-20 15:48:46] CH2 data: {"text": "\u767d"}
[2026-05-20 15:48:46] CH2 data: {"text": "\u5149"}
[2026-05-20 15:48:46] CH2 data: {"text": "\u659c"}
[2026-05-20 15:48:46] CH2 data: {"text": "\u659c"}
[2026-05-20 15:48:46] CH2 data: {"text": "\u6f0f"}
[2026-05-20 15:48:46] CH2 data: {"text": "\u8fdb"}
[2026-05-20 15:48:46] CH2 data: {"text": "\u6765"}
[2026-05-20 15:48:46] CH2 data: {"text": "\uff0c"}
[2026-05-20 15:48:46] CH2 data: {"text": "\u7167"}
[2026-05-20 15:48:46] CH2 data: {"text": "\u5f97"}
[2026-05-20 15:48:46] CH2 data: {"text": "\u6c34"}
[2026-05-20 15:48:46] CH2 data: {"text": "\u9762"}
[2026-05-20 15:48:46] CH2 data: {"text": "\u53d1"}
[2026-05-20 15:48:46] CH2 data: {"text": "\u4eae"}
[2026-05-20 15:48:46] CH2 data: {"text": "\uff0c\u4e5f"}
[2026-05-20 15:48:46] CH2 data: {"text": "\u628a"}
[2026-05-20 15:48:46] CH2 data: {"text": "\u6c88"}
[2026-05-20 15:48:46] CH2 data: {"text": "\u7167"}
[2026-05-20 15:48:46] CH2 data: {"text": "\u624b"}
[2026-05-20 15:48:46] CH2 data: {"text": "\u91cc\u7684"}
[2026-05-20 15:48:46] CH2 data: {"text": "\u7eb8"}
[2026-05-20 15:48:46] CH2 data: {"text": "\u5305"}
[2026-05-20 15:48:46] CH2 data: {"text": "\u7167"}
[2026-05-20 15:48:46] CH2 data: {"text": "\u51fa"}
[2026-05-20 15:48:46] CH2 data: {"text": "\u4e00"}
[2026-05-20 15:48:47] CH2 data: {"text": "\u5708"}
[2026-05-20 15:48:47] CH2 data: {"text": "\u6d45"}
[2026-05-20 15:48:47] CH2 data: {"text": "\u7070"}
[2026-05-20 15:48:47] CH2 data: {"text": "\u3002"}
[2026-05-20 15:48:47] CH2 data: {"text": "\u5c11"}
[2026-05-20 15:48:47] CH2 data: {"text": "\u4e86"}
[2026-05-20 15:48:47] CH2 data: {"text": "\u90a3"}
[2026-05-20 15:48:47] CH2 data: {"text": "\u4e00"}
[2026-05-20 15:48:47] CH2 data: {"text": "\u64ae"}
[2026-05-20 15:48:47] CH2 data: {"text": "\uff0c"}
[2026-05-20 15:48:47] CH2 data: {"text": "\u5305"}
[2026-05-20 15:48:47] CH2 data: {"text": "\u7eb8"}
[2026-05-20 15:48:47] CH2 data: {"text": "\u5c31"}
[2026-05-20 15:48:47] CH2 data: {"text": "\u8584"}
[2026-05-20 15:48:47] CH2 data: {"text": "\u4e86"}
[2026-05-20 15:48:47] CH2 data: {"text": "\uff0c"}
[2026-05-20 15:48:47] CH2 data: {"text": "\u8fb9"}
[2026-05-20 15:48:47] CH2 data: {"text": "\u89d2"}
[2026-05-20 15:48:47] CH2 data: {"text": "\u5fae"}
[2026-05-20 15:48:47] CH2 data: {"text": "\u5fae"}
[2026-05-20 15:48:47] CH2 data: {"text": "\u584c"}
[2026-05-20 15:48:47] CH2 data: {"text": "\u4e0b"}
[2026-05-20 15:48:47] CH2 data: {"text": "\u53bb"}
[2026-05-20 15:48:47] CH2 data: {"text": "\u3002"}
[2026-05-20 15:48:47] CH2 data: {"text": "  \n"}
[2026-05-20 15:48:47] CH2 data: {"text": "\u4ed6"}
[2026-05-20 15:48:47] CH2 data: {"text": "\u628a"}
[2026-05-20 15:48:47] CH2 data: {"text": "\u6b8b"}
[2026-05-20 15:48:47] CH2 data: {"text": "\u706f"}
[2026-05-20 15:48:47] CH2 data: {"text": "\u53d6"}
[2026-05-20 15:48:47] CH2 data: {"text": "\u51fa\u6765"}
[2026-05-20 15:48:47] CH2 data: {"text": "\uff0c"}
[2026-05-20 15:48:47] CH2 data: {"text": "\u706f"}
[2026-05-20 15:48:47] CH2 data: {"text": "\u53e3"}
[2026-05-20 15:48:47] CH2 data: {"text": "\u7f3a"}
[2026-05-20 15:48:47] CH2 data: {"text": "\u4e86\u4e00"}
[2026-05-20 15:48:47] CH2 data: {"text": "\u89d2"}
[2026-05-20 15:48:47] CH2 data: {"text": "\uff0c"}
[2026-05-20 15:48:47] CH2 data: {"text": "\u5c01"}
[2026-05-20 15:48:47] CH2 data: {"text": "\u8721"}
[2026-05-20 15:48:47] CH2 data: {"text": "\u88c2"}
[2026-05-20 15:48:47] CH2 data: {"text": "\u7740"}
[2026-05-20 15:48:47] CH2 data: {"text": "\u7ec6"}
[2026-05-20 15:48:47] CH2 data: {"text": "\u7eb9"}
[2026-05-20 15:48:47] CH2 data: {"text": "\u3002"}
[2026-05-20 15:48:47] CH2 data: {"text": "  \n\n"}
[2026-05-20 15:48:47] CH2 data: {"text": "\u201c"}
[2026-05-20 15:48:48] CH2 data: {"text": "\u770b"}
[2026-05-20 15:48:48] CH2 data: {"text": "\u7740"}
[2026-05-20 15:48:48] CH2 data: {"text": "\u3002\u201d"}
[2026-05-20 15:48:48] CH2 data: {"text": "  \n\n"}
[2026-05-20 15:48:48] CH2 data: {"text": "\u8001"}
[2026-05-20 15:48:48] CH2 data: {"text": "\u66f4"}
[2026-05-20 15:48:48] CH2 data: {"text": "\u592b"}
[2026-05-20 15:48:48] CH2 data: {"text": "\u8fd8"}
[2026-05-20 15:48:48] CH2 data: {"text": "\u6ca1"}
[2026-05-20 15:48:48] CH2 data: {"text": "\u6765"}
[2026-05-20 15:48:48] CH2 data: {"text": "\u5f97"}
[2026-05-20 15:48:48] CH2 data: {"text": "\u53ca"}
[2026-05-20 15:48:48] CH2 data: {"text": "\u95ee"}
[2026-05-20 15:48:48] CH2 data: {"text": "\uff0c"}
[2026-05-20 15:48:48] CH2 data: {"text": "\u6c88"}
[2026-05-20 15:48:48] CH2 data: {"text": "\u7167"}
[2026-05-20 15:48:48] CH2 data: {"text": "\u5df2\u7ecf"}
[2026-05-20 15:48:48] CH2 data: {"text": "\u637b"}
[2026-05-20 15:48:48] CH2 data: {"text": "\u5f00"}
[2026-05-20 15:48:48] CH2 data: {"text": "\u7eb8"}
[2026-05-20 15:48:48] CH2 data: {"text": "\u5305"}
[2026-05-20 15:48:48] CH2 data: {"text": "\uff0c\u5c06"}
[2026-05-20 15:48:49] CH2 data: {"text": "\u7070"}
[2026-05-20 15:48:49] CH2 data: {"text": "\u672b"}
[2026-05-20 15:48:49] CH2 data: {"text": "\u8f7b"}
[2026-05-20 15:48:49] CH2 data: {"text": "\u8f7b"}
[2026-05-20 15:48:49] CH2 data: {"text": "\u6296"}
[2026-05-20 15:48:49] CH2 data: {"text": "\u8fdb"}
[2026-05-20 15:48:49] CH2 data: {"text": "\u706f"}
[2026-05-20 15:48:49] CH2 data: {"text": "\u76d8"}
[2026-05-20 15:48:49] CH2 data: {"text": "\u91cc"}
[2026-05-20 15:48:49] CH2 data: {"text": "\u3002"}
[2026-05-20 15:48:49] CH2 data: {"text": "\u6307"}
[2026-05-20 15:48:49] CH2 data: {"text": "\u8179"}
[2026-05-20 15:48:49] CH2 data: {"text": "\u521a"}
[2026-05-20 15:48:49] CH2 data: {"text": "\u78b0"}
[2026-05-20 15:48:49] CH2 data: {"text": "\u4e0a"}
[2026-05-20 15:48:49] CH2 data: {"text": "\u53bb"}
[2026-05-20 15:48:49] CH2 data: {"text": "\uff0c"}
[2026-05-20 15:48:49] CH2 data: {"text": "\u4fbf"}
[2026-05-20 15:48:49] CH2 data: {"text": "\u50cf"}
[2026-05-20 15:48:49] CH2 data: {"text": "\u88ab"}
[2026-05-20 15:48:49] CH2 data: {"text": "\u7ec6"}
[2026-05-20 15:48:49] CH2 data: {"text": "\u7802"}
[2026-05-20 15:48:49] CH2 data: {"text": "\u78e8"}
[2026-05-20 15:48:49] CH2 data: {"text": "\u8fc7"}
[2026-05-20 15:48:49] CH2 data: {"text": "\uff0c"}
[2026-05-20 15:48:49] CH2 data: {"text": "\u9ebb"}
[2026-05-20 15:48:49] CH2 data: {"text": "\u75db"}
[2026-05-20 15:48:49] CH2 data: {"text": "\u987a"}
[2026-05-20 15:48:49] CH2 data: {"text": "\u7740"}
[2026-05-20 15:48:49] CH2 data: {"text": "\u624b"}
[2026-05-20 15:48:49] CH2 data: {"text": "\u5fc3"}
[2026-05-20 15:48:49] CH2 data: {"text": "\u7a9c"}
[2026-05-20 15:48:49] CH2 data: {"text": "\u4e86\u4e00"}
[2026-05-20 15:48:49] CH2 data: {"text": "\u4e0b"}
[2026-05-20 15:48:49] CH2 data: {"text": "\u3002"}
[2026-05-20 15:48:49] CH2 data: {"text": "  \n\n"}
[2026-05-20 15:48:49] CH2 data: {"text": "\u706b"}
[2026-05-20 15:48:49] CH2 data: {"text": "\u6298"}
[2026-05-20 15:48:49] CH2 data: {"text": "\u4e00"}
[2026-05-20 15:48:49] CH2 data: {"text": "\u6643"}
[2026-05-20 15:48:49] CH2 data: {"text": "\u3002"}
[2026-05-20 15:48:49] CH2 data: {"text": "  \n"}
[2026-05-20 15:48:49] CH2 data: {"text": "\u5657"}
[2026-05-20 15:48:49] CH2 data: {"text": "\u3002"}
[2026-05-20 15:48:49] CH2 data: {"text": "  \n\n"}
[2026-05-20 15:48:49] CH2 data: {"text": "\u4e00"}
[2026-05-20 15:48:49] CH2 data: {"text": "\u7ebf"}
[2026-05-20 15:48:49] CH2 data: {"text": "\u9752"}
[2026-05-20 15:48:49] CH2 data: {"text": "\u767d"}
[2026-05-20 15:48:49] CH2 data: {"text": "\u4ece"}
[2026-05-20 15:48:49] CH2 data: {"text": "\u706f"}
[2026-05-20 15:48:49] CH2 data: {"text": "\u82af"}
[2026-05-20 15:48:49] CH2 data: {"text": "\u91cc"}
[2026-05-20 15:48:49] CH2 data: {"text": "\u94bb"}
[2026-05-20 15:48:49] CH2 data: {"text": "\u51fa\u6765"}
[2026-05-20 15:48:49] CH2 data: {"text": "\uff0c"}
[2026-05-20 15:48:49] CH2 data: {"text": "\u51b7"}
[2026-05-20 15:48:49] CH2 data: {"text": "\u5f97"}
[2026-05-20 15:48:49] CH2 data: {"text": "\u50cf"}
[2026-05-20 15:48:49] CH2 data: {"text": "\u51ac"}
[2026-05-20 15:48:49] CH2 data: {"text": "\u591c"}
[2026-05-20 15:48:49] CH2 data: {"text": "\u91cc"}
[2026-05-20 15:48:49] CH2 data: {"text": "\u522e"}
[2026-05-20 15:48:49] CH2 data: {"text": "\u51fa\u7684"}
[2026-05-20 15:48:49] CH2 data: {"text": "\u971c"}
[2026-05-20 15:48:49] CH2 data: {"text": "\u3002"}
[2026-05-20 15:48:49] CH2 data: {"text": "\u6e20"}
[2026-05-20 15:48:49] CH2 data: {"text": "\u91cc\u7684"}
[2026-05-20 15:48:49] CH2 data: {"text": "\u6c34"}
[2026-05-20 15:48:49] CH2 data: {"text": "\u58f0"}
[2026-05-20 15:48:49] CH2 data: {"text": "\u5ffd"}
[2026-05-20 15:48:49] CH2 data: {"text": "\u7136"}
[2026-05-20 15:48:49] CH2 data: {"text": "\u9000"}
[2026-05-20 15:48:49] CH2 data: {"text": "\u8fdc"}
[2026-05-20 15:48:49] CH2 data: {"text": "\u4e86"}
[2026-05-20 15:48:49] CH2 data: {"text": "\uff0c"}
[2026-05-20 15:48:49] CH2 data: {"text": "\u5165\u53e3"}
[2026-05-20 15:48:49] CH2 data: {"text": "\u5904"}
[2026-05-20 15:48:49] CH2 data: {"text": "\u90a3"}
[2026-05-20 15:48:49] CH2 data: {"text": "\u70b9"}
[2026-05-20 15:48:49] CH2 data: {"text": "\u767d"}
[2026-05-20 15:48:49] CH2 data: {"text": "\u4eae"}
[2026-05-20 15:48:49] CH2 data: {"text": "\u88ab"}
[2026-05-20 15:48:49] CH2 data: {"text": "\u62c9"}
[2026-05-20 15:48:49] CH2 data: {"text": "\u957f"}
[2026-05-20 15:48:49] CH2 data: {"text": "\u3001"}
[2026-05-20 15:48:49] CH2 data: {"text": "\u6298"}
[2026-05-20 15:48:49] CH2 data: {"text": "\u65ad"}
[2026-05-20 15:48:49] CH2 data: {"text": "\uff0c"}
[2026-05-20 15:48:49] CH2 data: {"text": "\u50cf"}
[2026-05-20 15:48:50] CH2 data: {"text": "\u4e00"}
[2026-05-20 15:48:50] CH2 data: {"text": "\u5f20"}
[2026-05-20 15:48:50] CH2 data: {"text": "\u88ab"}
[2026-05-20 15:48:50] CH2 data: {"text": "\u4eba"}
[2026-05-20 15:48:50] CH2 data: {"text": "\u786c"}
[2026-05-20 15:48:50] CH2 data: {"text": "\u751f"}
[2026-05-20 15:48:50] CH2 data: {"text": "\u751f"}
[2026-05-20 15:48:50] CH2 data: {"text": "\u626f"}
[2026-05-20 15:48:50] CH2 data: {"text": "\u5f00\u7684"}
[2026-05-20 15:48:50] CH2 data: {"text": "\u7eb8"}
[2026-05-20 15:48:50] CH2 data: {"text": "\u3002"}
[2026-05-20 15:48:50] CH2 data: {"text": "  \n\n"}
[2026-05-20 15:48:50] CH2 data: {"text": "\u6c88"}
[2026-05-20 15:48:50] CH2 data: {"text": "\u7167"}
[2026-05-20 15:48:50] CH2 data: {"text": "\u770b"}
[2026-05-20 15:48:50] CH2 data: {"text": "\u89c1"}
[2026-05-20 15:48:50] CH2 data: {"text": "\u4e86"}
[2026-05-20 15:48:50] CH2 data: {"text": "\u3002"}
[2026-05-20 15:48:50] CH2 data: {"text": "  \n\n"}
[2026-05-20 15:48:50] CH2 data: {"text": "\u4e0d\u662f"}
[2026-05-20 15:48:50] CH2 data: {"text": "\u6b64"}
[2026-05-20 15:48:50] CH2 data: {"text": "\u523b"}
[2026-05-20 15:48:50] CH2 data: {"text": "\u3002"}
[2026-05-20 15:48:50] CH2 data: {"text": "  \n"}
[2026-05-20 15:48:50] CH2 data: {"text": "\u662f"}
[2026-05-20 15:48:50] CH2 data: {"text": "\u53e6\u4e00"}
[2026-05-20 15:48:50] CH2 data: {"text": "\u6761"}
[2026-05-20 15:48:50] CH2 data: {"text": "\u8def"}
[2026-05-20 15:48:50] CH2 data: {"text": "\u3002"}
[2026-05-20 15:48:50] CH2 data: {"text": "  \n\n"}
[2026-05-20 15:48:50] CH2 data: {"text": "\u8001"}
[2026-05-20 15:48:50] CH2 data: {"text": "\u66f4"}
[2026-05-20 15:48:50] CH2 data: {"text": "\u592b"}
[2026-05-20 15:48:50] CH2 data: {"text": "\u88ab"}
[2026-05-20 15:48:50] CH2 data: {"text": "\u4ed6"}
[2026-05-20 15:48:50] CH2 data: {"text": "\u534a"}
[2026-05-20 15:48:50] CH2 data: {"text": "\u6276"}
[2026-05-20 15:48:50] CH2 data: {"text": "\u7740"}
[2026-05-20 15:48:51] CH2 data: {"text": "\uff0c"}
[2026-05-20 15:48:51] CH2 data: {"text": "\u5f80"}
[2026-05-20 15:48:51] CH2 data: {"text": "\u6e20"}
[2026-05-20 15:48:51] CH2 data: {"text": "\u53e3"}
[2026-05-20 15:48:51] CH2 data: {"text": "\u53bb"}
[2026-05-20 15:48:51] CH2 data: {"text": "\u3002"}
[2026-05-20 15:48:51] CH2 data: {"text": "\u90a3"}
[2026-05-20 15:48:51] CH2 data: {"text": "\u53e3"}
[2026-05-20 15:48:51] CH2 data: {"text": "\u5b50"}
[2026-05-20 15:48:51] CH2 data: {"text": "\u5916"}
[2026-05-20 15:48:52] CH2 data: {"text": "\u6709"}
[2026-05-20 15:48:52] CH2 data: {"text": "\u4e00"}
[2026-05-20 15:48:52] CH2 data: {"text": "\u622a"}
[2026-05-20 15:48:52] CH2 data: {"text": "\u77f3"}
[2026-05-20 15:48:52] CH2 data: {"text": "\u9636"}
[2026-05-20 15:48:52] CH2 data: {"text": "\uff0c"}
[2026-05-20 15:48:52] CH2 data: {"text": "\u9636"}
[2026-05-20 15:48:52] CH2 data: {"text": "\u8fb9"}
[2026-05-20 15:48:52] CH2 data: {"text": "\u843d"}
[2026-05-20 15:48:52] CH2 data: {"text": "\u7740"}
[2026-05-20 15:48:52] CH2 data: {"text": "\u788e"}
[2026-05-20 15:48:52] CH2 data: {"text": "\u53f6"}
[2026-05-20 15:48:52] CH2 data: {"text": "\uff0c"}
[2026-05-20 15:48:52] CH2 data: {"text": "\u5149"}
[2026-05-20 15:48:52] CH2 data: {"text": "\u7167"}
[2026-05-20 15:48:52] CH2 data: {"text": "\u4e0a"}
[2026-05-20 15:48:52] CH2 data: {"text": "\u53bb"}
[2026-05-20 15:48:52] CH2 data: {"text": "\uff0c"}
[2026-05-20 15:48:52] CH2 data: {"text": "\u767d"}
[2026-05-20 15:48:52] CH2 data: {"text": "\u5f97"}
[2026-05-20 15:48:52] CH2 data: {"text": "\u53d1"}
[2026-05-20 15:48:52] CH2 data: {"text": "\u523a"}
[2026-05-20 15:48:52] CH2 data: {"text": "\u3002"}
[2026-05-20 15:48:52] CH2 data: {"text": "\u8001"}
[2026-05-20 15:48:52] CH2 data: {"text": "\u66f4"}
[2026-05-20 15:48:52] CH2 data: {"text": "\u592b"}
[2026-05-20 15:48:52] CH2 data: {"text": "\u521a"}
[2026-05-20 15:48:52] CH2 data: {"text": "\u8fc8"}
[2026-05-20 15:48:52] CH2 data: {"text": "\u51fa"}
[2026-05-20 15:48:52] CH2 data: {"text": "\u534a"}
[2026-05-20 15:48:52] CH2 data: {"text": "\u6b65"}
[2026-05-20 15:48:52] CH2 data: {"text": "\uff0c"}
[2026-05-20 15:48:52] CH2 data: {"text": "\u5de6\u53f3"}
[2026-05-20 15:48:52] CH2 data: {"text": "\u4e24"}
[2026-05-20 15:48:52] CH2 data: {"text": "\u8fb9"}
[2026-05-20 15:48:52] CH2 data: {"text": "\u5c31"}
[2026-05-20 15:48:52] CH2 data: {"text": "\u6709"}
[2026-05-20 15:48:52] CH2 data: {"text": "\u5f71"}
[2026-05-20 15:48:52] CH2 data: {"text": "\u5b50"}
[2026-05-20 15:48:52] CH2 data: {"text": "\u5408"}
[2026-05-20 15:48:52] CH2 data: {"text": "\u4e86"}
[2026-05-20 15:48:52] CH2 data: {"text": "\u8fc7"}
[2026-05-20 15:48:52] CH2 data: {"text": "\u6765"}
[2026-05-20 15:48:52] CH2 data: {"text": "\u3002"}
[2026-05-20 15:48:52] CH2 data: {"text": "\u6ca1\u6709"}
[2026-05-20 15:48:52] CH2 data: {"text": "\u8138"}
[2026-05-20 15:48:52] CH2 data: {"text": "\uff0c\u53ea"}
[2026-05-20 15:48:52] CH2 data: {"text": "\u89c1"}
[2026-05-20 15:48:52] CH2 data: {"text": "\u4e00"}
[2026-05-20 15:48:52] CH2 data: {"text": "\u622a"}
[2026-05-20 15:48:52] CH2 data: {"text": "\u6728"}
[2026-05-20 15:48:52] CH2 data: {"text": "\u8272"}
[2026-05-20 15:48:52] CH2 data: {"text": "\u77ed"}
[2026-05-20 15:48:52] CH2 data: {"text": "\u68cd"}
[2026-05-20 15:48:52] CH2 data: {"text": "\u5148"}
[2026-05-20 15:48:52] CH2 data: {"text": "\u538b"}
[2026-05-20 15:48:52] CH2 data: {"text": "\u4e0b"}
[2026-05-20 15:48:52] CH2 data: {"text": "\uff0c"}
[2026-05-20 15:48:52] CH2 data: {"text": "\u63a5"}
[2026-05-20 15:48:52] CH2 data: {"text": "\u7740"}
[2026-05-20 15:48:52] CH2 data: {"text": "\u662f\u4e00"}
[2026-05-20 15:48:52] CH2 data: {"text": "\u53ea"}
[2026-05-20 15:48:52] CH2 data: {"text": "\u624b"}
[2026-05-20 15:48:52] CH2 data: {"text": "\u4ece"}
[2026-05-20 15:48:52] CH2 data: {"text": "\u6697"}
[2026-05-20 15:48:52] CH2 data: {"text": "\u91cc"}
[2026-05-20 15:48:52] CH2 data: {"text": "\u63a2"}
[2026-05-20 15:48:52] CH2 data: {"text": "\u51fa"}
[2026-05-20 15:48:52] CH2 data: {"text": "\uff0c"}
[2026-05-20 15:48:52] CH2 data: {"text": "\u731b"}
[2026-05-20 15:48:52] CH2 data: {"text": "\u5730"}
[2026-05-20 15:48:52] CH2 data: {"text": "\u5f80"}
[2026-05-20 15:48:52] CH2 data: {"text": "\u56de"}
[2026-05-20 15:48:52] CH2 data: {"text": "\u62fd"}
[2026-05-20 15:48:52] CH2 data: {"text": "\u3002"}
[2026-05-20 15:48:52] CH2 data: {"text": "  \n\n"}
[2026-05-20 15:48:52] CH2 data: {"text": "\u8001"}
[2026-05-20 15:48:52] CH2 data: {"text": "\u66f4"}
[2026-05-20 15:48:52] CH2 data: {"text": "\u592b"}
[2026-05-20 15:48:52] CH2 data: {"text": "\u5634"}
[2026-05-20 15:48:52] CH2 data: {"text": "\u521a"}
[2026-05-20 15:48:52] CH2 data: {"text": "\u5f20"}
[2026-05-20 15:48:52] CH2 data: {"text": "\u5f00"}
[2026-05-20 15:48:52] CH2 data: {"text": "\uff0c"}
[2026-05-20 15:48:52] CH2 data: {"text": "\u8eab"}
[2026-05-20 15:48:52] CH2 data: {"text": "\u5b50"}
[2026-05-20 15:48:52] CH2 data: {"text": "\u5c31"}
[2026-05-20 15:48:52] CH2 data: {"text": "\u8f6f"}
[2026-05-20 15:48:52] CH2 data: {"text": "\u4e86"}
[2026-05-20 15:48:52] CH2 data: {"text": "\u3002"}
[2026-05-20 15:48:52] CH2 data: {"text": "  \n"}
[2026-05-20 15:48:53] CH2 data: {"text": "\u4ed6"}
[2026-05-20 15:48:53] CH2 data: {"text": "\u989d"}
[2026-05-20 15:48:53] CH2 data: {"text": "\u5934"}
[2026-05-20 15:48:53] CH2 data: {"text": "\u649e"}
[2026-05-20 15:48:53] CH2 data: {"text": "\u4e0a"}
[2026-05-20 15:48:53] CH2 data: {"text": "\u77f3"}
[2026-05-20 15:48:53] CH2 data: {"text": "\u6cbf"}
[2026-05-20 15:48:53] CH2 data: {"text": "\uff0c"}
[2026-05-20 15:48:53] CH2 data: {"text": "\u95f7"}
[2026-05-20 15:48:53] CH2 data: {"text": "\u54cd"}
[2026-05-20 15:48:53] CH2 data: {"text": "\u4e00\u4e0b"}
[2026-05-20 15:48:53] CH2 data: {"text": "\uff0c"}
[2026-05-20 15:48:53] CH2 data: {"text": "\u6574"}
[2026-05-20 15:48:53] CH2 data: {"text": "\u4e2a\u4eba"}
[2026-05-20 15:48:53] CH2 data: {"text": "\u987a"}
[2026-05-20 15:48:53] CH2 data: {"text": "\u7740"}
[2026-05-20 15:48:53] CH2 data: {"text": "\u9636"}
[2026-05-20 15:48:53] CH2 data: {"text": "\u8fb9"}
[2026-05-20 15:48:53] CH2 data: {"text": "\u683d"}
[2026-05-20 15:48:53] CH2 data: {"text": "\u4e0b"}
[2026-05-20 15:48:53] CH2 data: {"text": "\u53bb"}
[2026-05-20 15:48:53] CH2 data: {"text": "\u3002"}
[2026-05-20 15:48:53] CH2 data: {"text": "  \n"}
[2026-05-20 15:48:53] CH2 data: {"text": "\u90a3"}
[2026-05-20 15:48:53] CH2 data: {"text": "\u70b9"}
[2026-05-20 15:48:53] CH2 data: {"text": "\u5149"}
[2026-05-20 15:48:53] CH2 data: {"text": "\u8ddf"}
[2026-05-20 15:48:53] CH2 data: {"text": "\u7740"}
[2026-05-20 15:48:53] CH2 data: {"text": "\u4e00"}
[2026-05-20 15:48:53] CH2 data: {"text": "\u6697"}
[2026-05-20 15:48:53] CH2 data: {"text": "\u3002"}
[2026-05-20 15:48:53] CH2 data: {"text": "  \n\n"}
[2026-05-20 15:48:53] CH2 data: {"text": "\u706f"}
[2026-05-20 15:48:53] CH2 data: {"text": "\u7130"}
[2026-05-20 15:48:53] CH2 data: {"text": "\u6643"}
[2026-05-20 15:48:53] CH2 data: {"text": "\u4e86"}
[2026-05-20 15:48:53] CH2 data: {"text": "\u6643"}
[2026-05-20 15:48:53] CH2 data: {"text": "\uff0c"}
[2026-05-20 15:48:53] CH2 data: {"text": "\u7247"}
[2026-05-20 15:48:53] CH2 data: {"text": "\u6bb5"}
[2026-05-20 15:48:53] CH2 data: {"text": "\u5c31"}
[2026-05-20 15:48:53] CH2 data: {"text": "\u65ad"}
[2026-05-20 15:48:53] CH2 data: {"text": "\u4e86"}
[2026-05-20 15:48:53] CH2 data: {"text": "\u3002"}
[2026-05-20 15:48:53] CH2 data: {"text": "  \n"}
[2026-05-20 15:48:53] CH2 data: {"text": "\u53ea"}
[2026-05-20 15:48:53] CH2 data: {"text": "\u5269"}
[2026-05-20 15:48:53] CH2 data: {"text": "\u95e8"}
[2026-05-20 15:48:53] CH2 data: {"text": "\u69db"}
[2026-05-20 15:48:53] CH2 data: {"text": "\u3001"}
[2026-05-20 15:48:53] CH2 data: {"text": "\u77f3"}
[2026-05-20 15:48:53] CH2 data: {"text": "\u6cbf"}
[2026-05-20 15:48:53] CH2 data: {"text": "\u3001"}
[2026-05-20 15:48:53] CH2 data: {"text": "\u8fd8\u6709"}
[2026-05-20 15:48:53] CH2 data: {"text": "\u4e00"}
[2026-05-20 15:48:53] CH2 data: {"text": "\u56e2"}
[2026-05-20 15:48:53] CH2 data: {"text": "\u538b"}
[2026-05-20 15:48:53] CH2 data: {"text": "\u4e0b"}
[2026-05-20 15:48:53] CH2 data: {"text": "\u6765\u7684"}
[2026-05-20 15:48:53] CH2 data: {"text": "\u9ed1"}
[2026-05-20 15:48:53] CH2 data: {"text": "\u3002"}
[2026-05-20 15:48:53] CH2 data: {"text": "  \n\n"}
[2026-05-20 15:48:53] CH2 data: {"text": "\u6c88"}
[2026-05-20 15:48:53] CH2 data: {"text": "\u7167"}
[2026-05-20 15:48:53] CH2 data: {"text": "\u6307"}
[2026-05-20 15:48:53] CH2 data: {"text": "\u8179"}
[2026-05-20 15:48:53] CH2 data: {"text": "\u4e00"}
[2026-05-20 15:48:53] CH2 data: {"text": "\u7d27"}
[2026-05-20 15:48:53] CH2 data: {"text": "\uff0c"}
[2026-05-20 15:48:54] CH2 data: {"text": "\u9752"}
[2026-05-20 15:48:54] CH2 data: {"text": "\u706b"}
[2026-05-20 15:48:54] CH2 data: {"text": "\u7acb"}
[2026-05-20 15:48:54] CH2 data: {"text": "\u523b"}
[2026-05-20 15:48:54] CH2 data: {"text": "\u7f29"}
[2026-05-20 15:48:54] CH2 data: {"text": "\u56de"}
[2026-05-20 15:48:54] CH2 data: {"text": "\u706f"}
[2026-05-20 15:48:54] CH2 data: {"text": "\u82af"}
[2026-05-20 15:48:54] CH2 data: {"text": "\u3002"}
[2026-05-20 15:48:54] CH2 data: {"text": "  \n"}
[2026-05-20 15:48:54] CH2 data: {"text": "\u4ed6"}
[2026-05-20 15:48:54] CH2 data: {"text": "\u772f"}
[2026-05-20 15:48:54] CH2 data: {"text": "\u4e86"}
[2026-05-20 15:48:54] CH2 data: {"text": "\u4e0b"}
[2026-05-20 15:48:54] CH2 data: {"text": "\u773c"}
[2026-05-20 15:48:54] CH2 data: {"text": "\uff0c"}
[2026-05-20 15:48:54] CH2 data: {"text": "\u989d"}
[2026-05-20 15:48:54] CH2 data: {"text": "\u89d2"}
[2026-05-20 15:48:54] CH2 data: {"text": "\u6e17"}
[2026-05-20 15:48:54] CH2 data: {"text": "\u51fa"}
[2026-05-20 15:48:54] CH2 data: {"text": "\u4e00"}
[2026-05-20 15:48:54] CH2 data: {"text": "\u5c42"}
[2026-05-20 15:48:54] CH2 data: {"text": "\u8584"}
[2026-05-20 15:48:54] CH2 data: {"text": "\u6c57"}
[2026-05-20 15:48:54] CH2 data: {"text": "\u3002"}
[2026-05-20 15:48:54] CH2 data: {"text": "  \n\n"}
[2026-05-20 15:48:54] CH2 data: {"text": "\u201c"}
[2026-05-20 15:48:54] CH2 data: {"text": "\u4e0d\u80fd"}
[2026-05-20 15:48:54] CH2 data: {"text": "\u8d70"}
[2026-05-20 15:48:54] CH2 data: {"text": "\u90a3\u4e2a"}
[2026-05-20 15:48:54] CH2 data: {"text": "\u53e3"}
[2026-05-20 15:48:54] CH2 data: {"text": "\u3002\u201d"}
[2026-05-20 15:48:54] CH2 data: {"text": "\u4ed6\u8bf4"}
[2026-05-20 15:48:54] CH2 data: {"text": "\u3002"}
[2026-05-20 15:48:54] CH2 data: {"text": "  \n\n"}
[2026-05-20 15:48:54] CH2 data: {"text": "\u8001"}
[2026-05-20 15:48:54] CH2 data: {"text": "\u66f4"}
[2026-05-20 15:48:54] CH2 data: {"text": "\u592b"}
[2026-05-20 15:48:54] CH2 data: {"text": "\u8138"}
[2026-05-20 15:48:54] CH2 data: {"text": "\u8272"}
[2026-05-20 15:48:54] CH2 data: {"text": "\u5237"}
[2026-05-20 15:48:54] CH2 data: {"text": "\u5730"}
[2026-05-20 15:48:54] CH2 data: {"text": "\u767d"}
[2026-05-20 15:48:54] CH2 data: {"text": "\u4e86"}
[2026-05-20 15:48:54] CH2 data: {"text": "\uff1a\u201c"}
[2026-05-20 15:48:54] CH2 data: {"text": "\u90a3"}
[2026-05-20 15:48:54] CH2 data: {"text": "\u3001"}
[2026-05-20 15:48:54] CH2 data: {"text": "\u90a3"}
[2026-05-20 15:48:54] CH2 data: {"text": "\u662f"}
[2026-05-20 15:48:55] CH2 data: {"text": "\u6b7b"}
[2026-05-20 15:48:55] CH2 data: {"text": "\u8def"}
[2026-05-20 15:48:55] CH2 data: {"text": "\uff1f\u201d"}
[2026-05-20 15:48:55] CH2 data: {"text": "  \n\n"}
[2026-05-20 15:48:55] CH2 data: {"text": "\u201c"}
[2026-05-20 15:48:55] CH2 data: {"text": "\u662f"}
[2026-05-20 15:48:55] CH2 data: {"text": "\u3002\u201d"}
[2026-05-20 15:48:55] CH2 data: {"text": "\u6c88"}
[2026-05-20 15:48:55] CH2 data: {"text": "\u7167"}
[2026-05-20 15:48:55] CH2 data: {"text": "\u628a"}
[2026-05-20 15:48:55] CH2 data: {"text": "\u6b8b"}
[2026-05-20 15:48:55] CH2 data: {"text": "\u706f"}
[2026-05-20 15:48:55] CH2 data: {"text": "\u5408"}
[2026-05-20 15:48:55] CH2 data: {"text": "\u4e0a"}
[2026-05-20 15:48:55] CH2 data: {"text": "\uff0c"}
[2026-05-20 15:48:55] CH2 data: {"text": "\u58f0\u97f3"}
[2026-05-20 15:48:55] CH2 data: {"text": "\u538b"}
[2026-05-20 15:48:55] CH2 data: {"text": "\u5f97"}
[2026-05-20 15:48:55] CH2 data: {"text": "\u5f88"}
[2026-05-20 15:48:55] CH2 data: {"text": "\u5e73"}
[2026-05-20 15:48:55] CH2 data: {"text": "\uff0c\u201c"}
[2026-05-20 15:48:55] CH2 data: {"text": "\u4f60"}
[2026-05-20 15:48:55] CH2 data: {"text": "\u5148"}
[2026-05-20 15:48:55] CH2 data: {"text": "\u522b"}
[2026-05-20 15:48:55] CH2 data: {"text": "\u4e0a"}
[2026-05-20 15:48:55] CH2 data: {"text": "\u53bb"}
[2026-05-20 15:48:55] CH2 data: {"text": "\u3002\u201d"}
[2026-05-20 15:48:55] CH2 data: {"text": "\u4ed6"}
[2026-05-20 15:48:55] CH2 data: {"text": "\u8f6c"}
[2026-05-20 15:48:55] CH2 data: {"text": "\u8eab"}
[2026-05-20 15:48:55] CH2 data: {"text": "\u770b"}
[2026-05-20 15:48:55] CH2 data: {"text": "\u5411"}
[2026-05-20 15:48:55] CH2 data: {"text": "\u65e7"}
[2026-05-20 15:48:55] CH2 data: {"text": "\u95f8"}
[2026-05-20 15:48:55] CH2 data: {"text": "\u540e"}
[2026-05-20 15:48:55] CH2 data: {"text": "\u90a3"}
[2026-05-20 15:48:55] CH2 data: {"text": "\u6bb5"}
[2026-05-20 15:48:55] CH2 data: {"text": "\u534a"}
[2026-05-20 15:48:55] CH2 data: {"text": "\u584c"}
[2026-05-20 15:48:55] CH2 data: {"text": "\u7684"}
[2026-05-20 15:48:55] CH2 data: {"text": "\u5e72"}
[2026-05-20 15:48:55] CH2 data: {"text": "\u69fd"}
[2026-05-20 15:48:55] CH2 data: {"text": "\uff0c"}
[2026-05-20 15:48:55] CH2 data: {"text": "\u90a3\u91cc"}
[2026-05-20 15:48:55] CH2 data: {"text": "\u539f"}
[2026-05-20 15:48:55] CH2 data: {"text": "\u662f"}
[2026-05-20 15:48:55] CH2 data: {"text": "\u62e6"}
[2026-05-20 15:48:55] CH2 data: {"text": "\u6c34"}
[2026-05-20 15:48:55] CH2 data: {"text": "\u7684"}
[2026-05-20 15:48:55] CH2 data: {"text": "\u95f8"}
[2026-05-20 15:48:55] CH2 data: {"text": "\u8179"}
[2026-05-20 15:48:55] CH2 data: {"text": "\uff0c\u5982"}
[2026-05-20 15:48:55] CH2 data: {"text": "\u4eca"}
[2026-05-20 15:48:55] CH2 data: {"text": "\u53ea"}
[2026-05-20 15:48:55] CH2 data: {"text": "\u5269"}
[2026-05-20 15:48:55] CH2 data: {"text": "\u4e00"}
[2026-05-20 15:48:55] CH2 data: {"text": "\u534a"}
[2026-05-20 15:48:55] CH2 data: {"text": "\u94c1"}
[2026-05-20 15:48:55] CH2 data: {"text": "\u6805"}
[2026-05-20 15:48:55] CH2 data: {"text": "\u548c"}
[2026-05-20 15:48:56] CH2 data: {"text": "\u51e0"}
[2026-05-20 15:48:56] CH2 data: {"text": "\u5757"}
[2026-05-20 15:48:56] CH2 data: {"text": "\u6b6a"}
[2026-05-20 15:48:56] CH2 data: {"text": "\u77f3"}
[2026-05-20 15:48:56] CH2 data: {"text": "\uff0c"}
[2026-05-20 15:48:56] CH2 data: {"text": "\u5e95"}
[2026-05-20 15:48:56] CH2 data: {"text": "\u4e0b"}
[2026-05-20 15:48:56] CH2 data: {"text": "\u79ef"}
[2026-05-20 15:48:56] CH2 data: {"text": "\u7740"}
[2026-05-20 15:48:56] CH2 data: {"text": "\u9ed1"}
[2026-05-20 15:48:56] CH2 data: {"text": "\u6ce5"}
[2026-05-20 15:48:56] CH2 data: {"text": "\uff0c"}
[2026-05-20 15:48:56] CH2 data: {"text": "\u52c9"}
[2026-05-20 15:48:56] CH2 data: {"text": "\u5f3a"}
[2026-05-20 15:48:56] CH2 data: {"text": "\u80fd"}
[2026-05-20 15:48:56] CH2 data: {"text": "\u585e"}
[2026-05-20 15:48:56] CH2 data: {"text": "\u4f4f"}
[2026-05-20 15:48:56] CH2 data: {"text": "\u4e00\u4e2a"}
[2026-05-20 15:48:56] CH2 data: {"text": "\u4eba"}
[2026-05-20 15:48:56] CH2 data: {"text": "\u3002\u201c"}
[2026-05-20 15:48:56] CH2 data: {"text": "\u8fdb\u53bb"}
[2026-05-20 15:48:56] CH2 data: {"text": "\u3002\u201d"}
[2026-05-20 15:48:56] CH2 data: {"text": "  \n\n"}
[2026-05-20 15:48:56] CH2 data: {"text": "\u8001"}
[2026-05-20 15:48:56] CH2 data: {"text": "\u66f4"}
[2026-05-20 15:48:56] CH2 data: {"text": "\u592b"}
[2026-05-20 15:48:56] CH2 data: {"text": "\u817f"}
[2026-05-20 15:48:56] CH2 data: {"text": "\u4e00"}
[2026-05-20 15:48:56] CH2 data: {"text": "\u8f6f"}
[2026-05-20 15:48:56] CH2 data: {"text": "\uff1a\u201c"}
[2026-05-20 15:48:56] CH2 data: {"text": "\u91cc"}
[2026-05-20 15:48:56] CH2 data: {"text": "\u5934"}
[2026-05-20 15:48:56] CH2 data: {"text": "\u95f7"}
[2026-05-20 15:48:56] CH2 data: {"text": "\u3002\u201d"}
[2026-05-20 15:48:56] CH2 data: {"text": "  \n\n"}
[2026-05-20 15:48:56] CH2 data: {"text": "\u201c"}
[2026-05-20 15:48:56] CH2 data: {"text": "\u95f7"}
[2026-05-20 15:48:56] CH2 data: {"text": "\u4e5f"}
[2026-05-20 15:48:56] CH2 data: {"text": "\u6d3b"}
[2026-05-20 15:48:56] CH2 data: {"text": "\u3002\u201d"}
[2026-05-20 15:48:56] CH2 data: {"text": "  \n\n"}
[2026-05-20 15:48:56] CH2 data: {"text": "\u6c88"}
[2026-05-20 15:48:56] CH2 data: {"text": "\u7167"}
[2026-05-20 15:48:56] CH2 data: {"text": "\u5f2f"}
[2026-05-20 15:48:56] CH2 data: {"text": "\u8170"}
[2026-05-20 15:48:56] CH2 data: {"text": "\u628a"}
[2026-05-20 15:48:56] CH2 data: {"text": "\u4ed6"}
[2026-05-20 15:48:56] CH2 data: {"text": "\u5f80"}
[2026-05-20 15:48:56] CH2 data: {"text": "\u91cc"}
[2026-05-20 15:48:56] CH2 data: {"text": "\u63a8"}
[2026-05-20 15:48:56] CH2 data: {"text": "\uff0c"}
[2026-05-20 15:48:57] CH2 data: {"text": "\u5148"}
[2026-05-20 15:48:57] CH2 data: {"text": "\u632a"}
[2026-05-20 15:48:57] CH2 data: {"text": "\u5f00"}
[2026-05-20 15:48:57] CH2 data: {"text": "\u4e00"}
[2026-05-20 15:48:57] CH2 data: {"text": "\u5757"}
[2026-05-20 15:48:57] CH2 data: {"text": "\u538b"}
[2026-05-20 15:48:57] CH2 data: {"text": "\u7740"}
[2026-05-20 15:48:57] CH2 data: {"text": "\u7684"}
[2026-05-20 15:48:57] CH2 data: {"text": "\u788e"}
[2026-05-20 15:48:57] CH2 data: {"text": "\u77f3"}
[2026-05-20 15:48:57] CH2 data: {"text": "\uff0c\u53c8"}
[2026-05-20 15:48:57] CH2 data: {"text": "\u626f"}
[2026-05-20 15:48:57] CH2 data: {"text": "\u6765"}
[2026-05-20 15:48:57] CH2 data: {"text": "\u4e24"}
[2026-05-20 15:48:57] CH2 data: {"text": "\u622a"}
[2026-05-20 15:48:57] CH2 data: {"text": "\u70c2"}
[2026-05-20 15:48:57] CH2 data: {"text": "\u6728"}
[2026-05-20 15:48:57] CH2 data: {"text": "\u548c"}
[2026-05-20 15:48:57] CH2 data: {"text": "\u4e00"}
[2026-05-20 15:48:57] CH2 data: {"text": "\u56e2"}
[2026-05-20 15:48:57] CH2 data: {"text": "\u6c34"}
[2026-05-20 15:48:57] CH2 data: {"text": "\u8349"}
[2026-05-20 15:48:57] CH2 data: {"text": "\uff0c"}
[2026-05-20 15:48:57] CH2 data: {"text": "\u659c"}
[2026-05-20 15:48:57] CH2 data: {"text": "\u659c"}
[2026-05-20 15:48:57] CH2 data: {"text": "\u5835"}
[2026-05-20 15:48:57] CH2 data: {"text": "\u5728"}
[2026-05-20 15:48:57] CH2 data: {"text": "\u95f8"}
[2026-05-20 15:48:57] CH2 data: {"text": "\u8179"}
[2026-05-20 15:48:57] CH2 data: {"text": "\u524d"}
[2026-05-20 15:48:57] CH2 data: {"text": "\u5934"}
[2026-05-20 15:48:57] CH2 data: {"text": "\u3002"}
[2026-05-20 15:48:57] CH2 data: {"text": "\u77f3"}
[2026-05-20 15:48:57] CH2 data: {"text": "\u540e"}
[2026-05-20 15:48:57] CH2 data: {"text": "\u9709"}
[2026-05-20 15:48:57] CH2 data: {"text": "\u5473"}
[2026-05-20 15:48:57] CH2 data: {"text": "\u51b2"}
[2026-05-20 15:48:57] CH2 data: {"text": "\u9f3b"}
[2026-05-20 15:48:57] CH2 data: {"text": "\uff0c"}
[2026-05-20 15:48:57] CH2 data: {"text": "\u6c34"}
[2026-05-20 15:48:57] CH2 data: {"text": "\u6c7d"}
[2026-05-20 15:48:57] CH2 data: {"text": "\u8d34"}
[2026-05-20 15:48:57] CH2 data: {"text": "\u7740"}
[2026-05-20 15:48:57] CH2 data: {"text": "\u5589"}
[2026-05-20 15:48:57] CH2 data: {"text": "\u5499"}
[2026-05-20 15:48:57] CH2 data: {"text": "\u5f80"}
[2026-05-20 15:48:58] CH2 data: {"text": "\u4e0b"}
[2026-05-20 15:48:58] CH2 data: {"text": "\u538b"}
[2026-05-20 15:48:58] CH2 data: {"text": "\uff0c"}
[2026-05-20 15:48:58] CH2 data: {"text": "\u6b63"}
[2026-05-20 15:48:58] CH2 data: {"text": "\u597d"}
[2026-05-20 15:48:58] CH2 data: {"text": "\u628a"}
[2026-05-20 15:48:58] CH2 data: {"text": "\u4eba\u7684"}
[2026-05-20 15:48:58] CH2 data: {"text": "\u8f6e"}
[2026-05-20 15:48:58] CH2 data: {"text": "\u5ed3"}
[2026-05-20 15:48:58] CH2 data: {"text": "\u54ac"}
[2026-05-20 15:48:58] CH2 data: {"text": "\u788e"}
[2026-05-20 15:48:58] CH2 data: {"text": "\u3002"}
[2026-05-20 15:48:58] CH2 data: {"text": "  \n\n"}
[2026-05-20 15:48:58] CH2 data: {"text": "\u201c"}
[2026-05-20 15:48:58] CH2 data: {"text": "\u522b"}
[2026-05-20 15:48:58] CH2 data: {"text": "\u78b0"}
[2026-05-20 15:48:58] CH2 data: {"text": "\u6805"}
[2026-05-20 15:48:58] CH2 data: {"text": "\u95e8"}
[2026-05-20 15:48:58] CH2 data: {"text": "\uff0c"}
[2026-05-20 15:48:58] CH2 data: {"text": "\u522b"}
[2026-05-20 15:48:58] CH2 data: {"text": "\u54b3"}
[2026-05-20 15:48:58] CH2 data: {"text": "\u3002\u201d"}
[2026-05-20 15:48:58] CH2 data: {"text": "\u6c88"}
[2026-05-20 15:48:58] CH2 data: {"text": "\u7167"}
[2026-05-20 15:48:58] CH2 data: {"text": "\u4f4e"}
[2026-05-20 15:48:58] CH2 data: {"text": "\u58f0"}
[2026-05-20 15:48:58] CH2 data: {"text": "\u9053"}
[2026-05-20 15:48:58] CH2 data: {"text": "\uff0c\u201c"}
[2026-05-20 15:48:58] CH2 data: {"text": "\u6709\u4eba"}
[2026-05-20 15:48:58] CH2 data: {"text": "\u6765"}
[2026-05-20 15:48:58] CH2 data: {"text": "\uff0c\u5c31"}
[2026-05-20 15:48:58] CH2 data: {"text": "\u5f53"}
[2026-05-20 15:48:58] CH2 data: {"text": "\u8fd9\u91cc"}
[2026-05-20 15:48:58] CH2 data: {"text": "\u584c"}
[2026-05-20 15:48:58] CH2 data: {"text": "\u6b7b"}
[2026-05-20 15:48:58] CH2 data: {"text": "\u4e86"}
[2026-05-20 15:48:58] CH2 data: {"text": "\u3002\u201d"}
[2026-05-20 15:48:58] CH2 data: {"text": "  \n\n"}
[2026-05-20 15:48:58] CH2 data: {"text": "\u8001"}
[2026-05-20 15:48:58] CH2 data: {"text": "\u66f4"}
[2026-05-20 15:48:58] CH2 data: {"text": "\u592b"}
[2026-05-20 15:48:58] CH2 data: {"text": "\u7259"}
[2026-05-20 15:48:58] CH2 data: {"text": "\u9f7f"}
[2026-05-20 15:48:58] CH2 data: {"text": "\u6253"}
[2026-05-20 15:48:58] CH2 data: {"text": "\u7740"}
[2026-05-20 15:48:58] CH2 data: {"text": "\u98a4"}
[2026-05-20 15:48:58] CH2 data: {"text": "\uff0c"}
[2026-05-20 15:48:58] CH2 data: {"text": "\u8fd8\u662f"}
[2026-05-20 15:48:59] CH2 data: {"text": "\u70b9"}
[2026-05-20 15:48:59] CH2 data: {"text": "\u4e86"}
[2026-05-20 15:48:59] CH2 data: {"text": "\u5934"}
[2026-05-20 15:48:59] CH2 data: {"text": "\u3002"}
[2026-05-20 15:48:59] CH2 data: {"text": "\u90a3"}
[2026-05-20 15:48:59] CH2 data: {"text": "\u4e00\u70b9"}
[2026-05-20 15:48:59] CH2 data: {"text": "\u5934"}
[2026-05-20 15:48:59] CH2 data: {"text": "\uff0c"}
[2026-05-20 15:48:59] CH2 data: {"text": "\u8f7b"}
[2026-05-20 15:48:59] CH2 data: {"text": "\u5f97"}
[2026-05-20 15:48:59] CH2 data: {"text": "\u50cf"}
[2026-05-20 15:48:59] CH2 data: {"text": "\u6015"}
[2026-05-20 15:48:59] CH2 data: {"text": "\u628a"}
[2026-05-20 15:48:59] CH2 data: {"text": "\u547d"}
[2026-05-20 15:48:59] CH2 data: {"text": "\u70b9"}
[2026-05-20 15:48:59] CH2 data: {"text": "\u788e"}
[2026-05-20 15:48:59] CH2 data: {"text": "\u3002"}
[2026-05-20 15:48:59] CH2 data: {"text": "  \n\n"}
[2026-05-20 15:48:59] CH2 data: {"text": "\u6c88"}
[2026-05-20 15:48:59] CH2 data: {"text": "\u7167"}
[2026-05-20 15:48:59] CH2 data: {"text": "\u628a"}
[2026-05-20 15:48:59] CH2 data: {"text": "\u5269"}
[2026-05-20 15:48:59] CH2 data: {"text": "\u4e0b"}
[2026-05-20 15:48:59] CH2 data: {"text": "\u7684"}
[2026-05-20 15:48:59] CH2 data: {"text": "\u706f"}
[2026-05-20 15:48:59] CH2 data: {"text": "\u7070"}
[2026-05-20 15:48:59] CH2 data: {"text": "\u91cd\u65b0"}
[2026-05-20 15:48:59] CH2 data: {"text": "\u5305"}
[2026-05-20 15:48:59] CH2 data: {"text": "\u597d"}
[2026-05-20 15:48:59] CH2 data: {"text": "\uff0c"}
[2026-05-20 15:48:59] CH2 data: {"text": "\u585e"}
[2026-05-20 15:48:59] CH2 data: {"text": "\u56de"}
[2026-05-20 15:48:59] CH2 data: {"text": "\u8896"}
[2026-05-20 15:48:59] CH2 data: {"text": "\u4e2d"}
[2026-05-20 15:48:59] CH2 data: {"text": "\uff0c\u53c8"}
[2026-05-20 15:48:59] CH2 data: {"text": "\u5c06"}
[2026-05-20 15:48:59] CH2 data: {"text": "\u6b8b"}
[2026-05-20 15:48:59] CH2 data: {"text": "\u706f"}
[2026-05-20 15:48:59] CH2 data: {"text": "\u6309"}
[2026-05-20 15:48:59] CH2 data: {"text": "\u8fdb"}
[2026-05-20 15:48:59] CH2 data: {"text": "\u6000"}
[2026-05-20 15:48:59] CH2 data: {"text": "\u91cc"}
[2026-05-20 15:48:59] CH2 data: {"text": "\u3002"}
[2026-05-20 15:48:59] CH2 data: {"text": "\u94dc"}
[2026-05-20 15:48:59] CH2 data: {"text": "\u8eab"}
[2026-05-20 15:48:59] CH2 data: {"text": "\u6328"}
[2026-05-20 15:48:59] CH2 data: {"text": "\u7740"}
[2026-05-20 15:48:59] CH2 data: {"text": "\u808b"}
[2026-05-20 15:48:59] CH2 data: {"text": "\u9aa8"}
[2026-05-20 15:49:02] CH2 data: {"text": "\uff0c"}
[2026-05-20 15:49:02] CH2 data: {"text": "\u51b7"}
[2026-05-20 15:49:02] CH2 data: {"text": "\u786c"}
[2026-05-20 15:49:02] CH2 data: {"text": "\u4e00"}
[2026-05-20 15:49:02] CH2 data: {"text": "\u7247"}
[2026-05-20 15:49:02] CH2 data: {"text": "\u3002"}
[2026-05-20 15:49:02] CH2 data: {"text": "  \n"}
[2026-05-20 15:49:02] CH2 data: {"text": "\u4ed6"}
[2026-05-20 15:49:02] CH2 data: {"text": "\u521a"}
[2026-05-20 15:49:02] CH2 data: {"text": "\u76f4"}
[2026-05-20 15:49:02] CH2 data: {"text": "\u8d77"}
[2026-05-20 15:49:02] CH2 data: {"text": "\u8eab"}
[2026-05-20 15:49:02] CH2 data: {"text": "\uff0c"}
[2026-05-20 15:49:02] CH2 data: {"text": "\u6e20"}
[2026-05-20 15:49:02] CH2 data: {"text": "\u53e3"}
[2026-05-20 15:49:02] CH2 data: {"text": "\u65b9\u5411"}
[2026-05-20 15:49:02] CH2 data: {"text": "\u4fbf"}
[2026-05-20 15:49:02] CH2 data: {"text": "\u4f20"}
[2026-05-20 15:49:02] CH2 data: {"text": "\u6765"}
[2026-05-20 15:49:02] CH2 data: {"text": "\u4e00"}
[2026-05-20 15:49:02] CH2 data: {"text": "\u8bb0"}
[2026-05-20 15:49:02] CH2 data: {"text": "\u77ed"}
[2026-05-20 15:49:02] CH2 data: {"text": "\u4fc3"}
[2026-05-20 15:49:02] CH2 data: {"text": "\u6728"}
[2026-05-20 15:49:02] CH2 data: {"text": "\u54cd"}
[2026-05-20 15:49:02] CH2 data: {"text": "\u3002"}
[2026-05-20 15:49:02] CH2 data: {"text": "  \n\n"}
[2026-05-20 15:49:02] CH2 data: {"text": "\u7b03"}
[2026-05-20 15:49:02] CH2 data: {"text": "\u3002"}
[2026-05-20 15:49:02] CH2 data: {"text": "  \n\n"}
[2026-05-20 15:49:02] CH2 data: {"text": "\u77f3"}
[2026-05-20 15:49:02] CH2 data: {"text": "\u58c1"}
[2026-05-20 15:49:02] CH2 data: {"text": "\u628a"}
[2026-05-20 15:49:02] CH2 data: {"text": "\u90a3"}
[2026-05-20 15:49:02] CH2 data: {"text": "\u58f0\u97f3"}
[2026-05-20 15:49:02] CH2 data: {"text": "\u4e00"}
[2026-05-20 15:49:02] CH2 data: {"text": "\u6298"}
[2026-05-20 15:49:02] CH2 data: {"text": "\uff0c"}
[2026-05-20 15:49:02] CH2 data: {"text": "\u51b7"}
[2026-05-20 15:49:02] CH2 data: {"text": "\u51b7"}
[2026-05-20 15:49:02] CH2 data: {"text": "\u9001"}
[2026-05-20 15:49:02] CH2 data: {"text": "\u8fdb"}
[2026-05-20 15:49:02] CH2 data: {"text": "\u5c94"}
[2026-05-20 15:49:02] CH2 data: {"text": "\u5904"}
[2026-05-20 15:49:02] CH2 data: {"text": "\u3002"}
[2026-05-20 15:49:02] CH2 data: {"text": "  \n\n"}
[2026-05-20 15:49:02] CH2 data: {"text": "\u6c88"}
[2026-05-20 15:49:02] CH2 data: {"text": "\u7167"}
[2026-05-20 15:49:02] CH2 data: {"text": "\u505c"}
[2026-05-20 15:49:02] CH2 data: {"text": "\u4e86\u4e00"}
[2026-05-20 15:49:02] CH2 data: {"text": "\u77ac"}
[2026-05-20 15:49:02] CH2 data: {"text": "\uff0c"}
[2026-05-20 15:49:02] CH2 data: {"text": "\u62ac"}
[2026-05-20 15:49:02] CH2 data: {"text": "\u624b"}
[2026-05-20 15:49:02] CH2 data: {"text": "\u6309"}
[2026-05-20 15:49:02] CH2 data: {"text": "\u4f4f"}
[2026-05-20 15:49:02] CH2 data: {"text": "\u6000"}
[2026-05-20 15:49:02] CH2 data: {"text": "\u91cc\u7684"}
[2026-05-20 15:49:02] CH2 data: {"text": "\u706f"}
[2026-05-20 15:49:02] CH2 data: {"text": "\uff0c"}
[2026-05-20 15:49:02] CH2 data: {"text": "\u634f"}
[2026-05-20 15:49:02] CH2 data: {"text": "\u7d27"}
[2026-05-20 15:49:02] CH2 data: {"text": "\u90a3"}
[2026-05-20 15:49:02] CH2 data: {"text": "\u5305"}
[2026-05-20 15:49:02] CH2 data: {"text": "\u5c11"}
[2026-05-20 15:49:02] CH2 data: {"text": "\u4e86\u4e00"}
[2026-05-20 15:49:02] CH2 data: {"text": "\u64ae"}
[2026-05-20 15:49:02] CH2 data: {"text": "\u7684"}
[2026-05-20 15:49:02] CH2 data: {"text": "\u7070"}
[2026-05-20 15:49:02] CH2 data: {"text": "\uff0c"}
[2026-05-20 15:49:02] CH2 data: {"text": "\u671d"}
[2026-05-20 15:49:02] CH2 data: {"text": "\u5c94"}
[2026-05-20 15:49:02] CH2 data: {"text": "\u53e3"}
[2026-05-20 15:49:02] CH2 data: {"text": "\u53e6\u4e00"}
[2026-05-20 15:49:02] CH2 data: {"text": "\u5934"}
[2026-05-20 15:49:02] CH2 data: {"text": "\u5148"}
[2026-05-20 15:49:02] CH2 data: {"text": "\u8fc8"}
[2026-05-20 15:49:02] CH2 data: {"text": "\u4e86"}
[2026-05-20 15:49:02] CH2 data: {"text": "\u51fa\u53bb"}
[2026-05-20 15:49:02] CH2 data: {"text": "\u3002"}
[2026-05-20 15:49:02] CH2 data: {"error": "http2: server sent GOAWAY and closed the connection; LastStreamID=29, ErrCode=NO_ERROR, debug=\"\""}
[2026-05-20 15:49:02] REGEN_CH2_DONE last={"error": "http2: server sent GOAWAY and closed the connection; LastStreamID=29, ErrCode=NO_ERROR, debug=\"\""}
[2026-05-20 15:49:02] REGEN_CH3_START 0bab508b-de37-4e1c-8bfa-63448c26efe2
[2026-05-20 15:49:02] CH3_HTTP 200
[2026-05-20 15:49:02] CH3 data: {"status": "generating", "message": "Starting..."}
